source_id,url,title,body,published_at_utc,date_only,lang
ajar,https://www.aljazeera.net/politics/2026/9/25/%d8%a7%d9%84%d9%85%d9%82%d8%a7%d8%b7%d8%b9%d8%a9-%d8%a7%d9%84%d8%a3%d9%88%d8%b1%d9%88%d8%a8%d9%8a%d8%a9-%d8%aa%d8%b6%d8%b1%d8%a8-%d8%a8%d8%ad%d8%b1%d9%8a%d8%a9?traffic_source=rss,من الموانئ إلى قطع الغيار.. المقاطعة الأوروبية تربك أسطول إسرائيل,"تسببت المقاطعة الأوروبية، ونقص قطع الغيار، ورفض الرسو في تأخير الغواصة الإسرائيلية ""دراغون""، مما كشف هشاشة سلاسل التوريد وحدود الاستقلال العسكري البحري لإسرائيل.",2026-09-25T07:00:02+00:00,0,ar
ajar,https://www.aljazeera.net/sport/2026/9/25/%d8%a5%d8%b0%d8%a7-%d8%b9%d8%af%d8%aa-%d8%a5%d9%84%d9%89-%d8%b1%d9%88%d8%b3%d9%8a%d8%a7-%d8%b3%d8%a3%d8%b9%d8%aa%d9%82%d9%84-%d8%b1%d8%ad%d9%84%d8%a9?traffic_source=rss,"""إذا عدت إلى روسيا سأعتقل"".. رحلة البحريني أرخانغيلسكي من اللجوء السياسي إلى منصة التتويج",أهدى السباح البالغ من العمر 21 عاما البحرين ذهبية سباق 50 مترا فراشة بدورة الألعاب الآسيوية في مركز طوكيو للألعاب المائية، بعدما سجل 22.91 ثانية,2026-09-25T07:00:00+00:00,0,ar
ajar,https://www.aljazeera.net/politics/2026/9/25/%d8%b3%d9%88%d8%a1-%d8%a7%d9%84%d8%aa%d8%ba%d8%b0%d9%8a%d8%a9-%d9%8a%d9%81%d8%aa%d9%83-%d8%a8%d8%a3%d8%b7%d9%81%d8%a7%d9%84-%d8%a7%d9%84%d8%b3%d9%88%d8%af%d8%a7%d9%86?traffic_source=rss,سوء التغذية يفتك بأطفال السودان والمنظمات تقف عاجزة,تحت سقوف من أقمشة بالية، يكابد نازحون سودانيون معاناة الجوع والنزوح، فيما يواجه أكثر من 20 مليونا انعداما حادا للأمن الغذائي وسط استمرار الحرب في السودان.,2026-09-25T06:54:10+00:00,0,ar
ajar,https://www.aljazeera.net/news/2026/9/25/%d8%a7%d9%84%d8%ae%d8%a7%d8%b1%d8%ac%d9%8a%d8%a9-%d8%a7%d9%84%d8%a3%d9%85%d8%b1%d9%8a%d9%83%d9%8a%d8%a9-%d9%84%d9%80%d8%b3%d9%88%d8%b1%d9%8a%d8%a7-%d8%a7%d9%84%d8%a2%d9%86?traffic_source=rss,"الخارجية الأمريكية لـ""سوريا الآن"".. التوغلات في سوريا لا توفر الأمن لإسرائيل والحل بترتيبات أمنية","مصدر في الخارجية الأمريكية يؤكد في تصريح لـ""سوريا الآن"" أن الضربات والتوغلات لا توفر أمنا دائما لسوريا أو إسرائيل، فيما قصفت المدفعية الإسرائيلية أطراف قرية الحميدية.",2026-09-25T06:46:05+00:00,0,ar
ajar,https://www.aljazeera.net/news/2026/9/25/%d8%ba%d8%b2%d8%a9-%d8%aa%d9%88%d8%a7%d8%ac%d9%87-%d9%81%d8%ac%d9%88%d8%a9-%d8%a5%d9%86%d8%b3%d8%a7%d9%86%d9%8a%d8%a9-%d9%85%d8%aa%d8%b2%d8%a7%d9%8a%d8%af%d8%a9-%d9%85%d8%b9?traffic_source=rss,غزة تواجه فجوة إنسانية متزايدة مع استجابة لا تتجاوز 25% من الاحتياجات,تتسع الاحتياجات الإنسانية في غزة مع استمرار القيود الإسرائيلية على دخول المساعدات، فيما لا تتجاوز الاستجابة المقدمة للسكان 25% من حجم الاحتياج الفعلي.,2026-09-25T06:42:05+00:00,0,ar
ajar,https://www.aljazeera.net/news/2026/9/25/%d8%a3%d8%b2%d9%85%d8%a9-%d8%ab%d9%82%d8%a9-%d8%a8%d9%8a%d9%86-%d8%a7%d9%84%d8%b7%d8%b1%d9%81%d9%8a%d9%86-%d9%83%d9%88%d8%a7%d9%84%d9%8a%d8%b3-%d8%a7%d9%84%d9%85%d9%81%d8%a7%d9%88%d8%b6%d8%a7%d8%aa?traffic_source=rss,أزمة ثقة بين الطرفين.. كواليس المفاوضات بين واشنطن وطهران في نيويورك,تتسارع المحادثات الأمريكية الإيرانية في نيويورك للتوصل إلى اتفاق مرحلي ينهي حربا استمرت 7 أشهر، عبر فتح مضيق هرمز مقابل رفع الحصار، وسط تمسك الطرفين بأوراق الضغط وانعدام الثقة.,2026-09-25T06:38:01+00:00,0,ar
ajar,https://www.aljazeera.net/opinions/2026/9/25/%d9%87%d9%83%d8%b0%d8%a7-%d8%aa%d9%81%d8%a7%d8%af%d8%aa-%d8%b3%d9%88%d8%b1%d9%8a%d8%a7-%d9%81%d8%ae%d8%a7%d8%ae-%d8%a5%d8%b3%d8%b1%d8%a7%d8%a6%d9%8a%d9%84-%d8%a7%d9%84%d8%b5%d8%b9%d8%a8%d8%a9?traffic_source=rss,هكذا تفادت سوريا فخاخ إسرائيل الصعبة في واشنطن,تشهد العلاقات السورية الأمريكية تحولا بعد رفع العقوبات، إذ تسعى واشنطن إلى دعم الاستقرار ومكافحة الإرهاب، بينما تراهن دمشق على الاستثمارات والدعم الأمريكي لكبح الاعتداءات الإسرائيلية.,2026-09-25T06:35:32+00:00,0,ar
ajar,https://www.aljazeera.net/sport/2026/9/25/%d9%84%d8%af%d9%8a%d9%87-%d9%85%d8%a7-%d9%87%d9%88-%d8%a3%d9%81%d8%b6%d9%84-%d8%a8%d8%b1%d9%88%d9%86%d9%88-%d9%81%d8%b1%d9%86%d8%a7%d9%86%d8%af%d9%8a%d8%b2-%d9%8a%d8%b1%d8%af-%d8%b9%d9%84%d9%89?traffic_source=rss,"""لديه ما هو أفضل"".. برونو فرنانديز يرد على تصريحات جيسوس مدرب البرتغال",وظف جورجي جيسوس مدرب منتخب البرتغال لاعبه برونو فرنانديز بشكل مختلف بعض الشيء أثناء مباراة فريقه ضد ويلز في افتتاح مشواره ببطولة دوري الأمم الأوروبية 2026-2027.,2026-09-25T06:30:00+00:00,0,ar
ajar,https://www.aljazeera.net/news/2026/9/25/5261?traffic_source=rss,قوات الاحتلال الإسرائيلي تتوغل في وادي الرقاد بريف درعا الغربي,توغلت قوات من جيش الاحتلال الإسرائيلي في منطقة وادي الرقاد بريف درعا الغربي، وأطلقت أعيرة نارية تحذيرية بشكل عشوائي.,2026-09-25T06:10:27+00:00,0,ar
ajar,https://www.aljazeera.net/sport/2026/9/25/%d8%a3%d9%84%d9%83%d8%a7%d8%b1%d8%a7%d8%b2-%d9%8a%d8%af%d8%b9%d9%88-%d9%84%d8%a5%d9%86%d9%87%d8%a7%d8%a1-%d9%85%d8%a8%d8%a7%d8%b1%d9%8a%d8%a7%d8%aa-%d8%a7%d9%84%d8%a8%d8%b7%d9%88%d9%84%d8%a7%d8%aa?traffic_source=rss,"ألكاراز يدعو لإنهاء مباريات البطولات الكبرى ""قبل منتصف الليل""",دعا لاعب التنس الإسباني كارلوس ألكاراز إلى إنهاء مباريات البطولات الكبرى في التنس باكرا أكثر، بعد الخروج من بطولة أمريكا المفتوحة للتنس عقب مباراة ماراثونية أمام بن شيلتون.,2026-09-25T05:59:00+00:00,0,ar
ajar,https://www.aljazeera.net/encyclopedia/2026/9/25/%d8%a7%d9%84%d8%b4%d9%87%d9%8a%d8%af-%d9%81%d9%8a-%d8%a7%d9%84%d8%a3%d8%af%d9%8a%d8%a7%d9%86-%d9%88%d8%a7%d9%84%d8%af%d9%88%d9%84%d8%a9-%d8%a7%d9%84%d9%88%d8%b7%d9%86%d9%8a%d8%a9?traffic_source=rss,الشهيد.. منزلة الكرامة العليا,الشهيد وصف تكريم وتمجيد، يطلق على من ضحّى بحياته لأجل قضية نبيلة أو غاية سامية. وارتبط مفهوم الشهادة غالبا بالقتال، وركزت الأديان على المنزلة الأخروية للشهيد، وجعلت منه الخطابات الوطنية رمزية مجتمعية.,2026-09-25T05:48:00+00:00,0,ar
ajar,https://www.aljazeera.net/ebusiness/2026/9/25/%d8%a7%d9%84%d8%b0%d9%87%d8%a8-%d8%aa%d8%ad%d8%aa-%d8%b6%d8%ba%d8%b7-%d8%a7%d9%84%d8%af%d9%88%d9%84%d8%a7%d8%b1-%d9%88%d8%b9%d9%88%d8%a7%d8%a6%d8%af-%d8%a7%d9%84%d8%b3%d9%86%d8%af%d8%a7%d8%aa?traffic_source=rss,الذهب تحت ضغط الدولار وعوائد السندات ويتجه لخسارة أسبوعية بأكثر من 3%,يتجه الذهب لخسارة أسبوعية تتجاوز 3% مع صعود الدولار وعوائد السندات الأمريكية، فيما تعزز أسعار الطاقة مخاوف التضخم وترفع رهانات الأسواق على مزيد من تشديد السياسة النقدية.,2026-09-25T05:44:19+00:00,0,ar
ajar,https://www.aljazeera.net/news/2026/9/25/%d9%86%d8%aa%d9%86%d9%8a%d8%a7%d9%87%d9%88-%d9%8a%d9%87%d8%a7%d8%ac%d9%85-%d8%b2%d9%88%d8%ac%d8%a9-%d9%85%d9%85%d8%af%d8%a7%d9%86%d9%8a-%d9%85%d9%86-%d9%85%d9%86%d8%a8%d8%b1?traffic_source=rss,نتنياهو يهاجم زوجة ممداني من منبر الأمم المتحدة.. ما السبب؟,هاجم رئيس الوزراء الإسرائيلي بنيامين نتنياهو زوجة عمدة نيويورك زهران ممداني خلال خطابه أمام الأمم المتحدة، متهما إياها بالتفاعل مع منشورات مؤيدة للفلسطينيين، وسط انتقادات واسعة لتطرقه إلى مواقفها.,2026-09-25T05:40:06+00:00,0,ar
ajar,https://www.aljazeera.net/sport/2026/9/25/%d8%aa%d8%ae%d9%84%d8%b5%d9%86%d8%a7-%d9%85%d9%86-%d8%b9%d9%82%d8%af%d8%a9-%d8%a7%d9%84%d9%86%d9%82%d8%b5-%d8%a7%d9%84%d9%8a%d8%a7%d8%a8%d8%a7%d9%86-%d8%aa%d9%86%d9%87%d9%8a?traffic_source=rss,"""تخلصنا من عقدة النقص"".. اليابان تنهي هيمنة الصين على كرة الطاولة",نهائي مثير حسم بصعوبة بالغة أنهى هيمنة الصين صاحبة الباع الطويل في كرة الطاولة، على لقب منافسات فرق الرجال في دورة الألعاب الآسيوية والتي استمرت 32 عاما.,2026-09-25T05:30:00+00:00,0,ar
ajar,https://www.aljazeera.net/news/2026/9/25/%d9%85%d8%b9%d8%a7%d8%b1%d9%83-%d8%b9%d9%86%d9%8a%d9%81%d8%a9-%d8%aa%d9%87%d8%b2-%d8%b4%d9%85%d8%a7%d9%84-%d8%a5%d8%ab%d9%8a%d9%88%d8%a8%d9%8a%d8%a7?traffic_source=rss,معارك عنيفة تهز شمال إثيوبيا والاتصالات تنقطع في تيغراي,انقطع الإنترنت في شمال إثيوبيا بالتزامن مع تصاعد المعارك بين القوات الفدرالية ومقاتلي جبهة تحرير تيغراي، وسط اتساع المواجهات إلى عفر وأمهرة.,2026-09-25T05:21:22+00:00,0,ar
ajar,https://www.aljazeera.net/sport/2026/9/25/80-%d8%a3%d9%84%d9%81-%d8%aa%d8%b0%d9%83%d8%b1%d8%a9-%d9%86%d9%81%d8%af%d8%aa-%d9%81%d9%8a-%d8%b3%d8%a7%d8%b9%d8%aa%d9%8a%d9%86-%d8%a5%d9%82%d8%a8%d8%a7%d9%84?traffic_source=rss,80 ألف تذكرة نفدت في ساعتين.. إقبال جماهيري ضخم على وداعية ميسي للأرجنتين,"نفدت تذاكر وداعية الأرجنتيني ليونيل ميسي لمنتخب بلاده في وقت قياسي، وسط إقبال جماهيري ضخم على رؤية ""البرغوث"" في آخر مبارياته مع ""ألبيسيليستي"".",2026-09-25T05:21:15+00:00,0,ar
ajar,https://www.aljazeera.net/ebusiness/2026/9/25/climate-shipping-energy-wheat?traffic_source=rss,وسط اضطرابات المناخ والشحن والطاقة.. الدول العربية أمام اختبار تأمين القمح,يضغط ارتفاع أسعار القمح على الدول العربية المستوردة، مع تعطل شحنات البحر الأسود وارتفاع تكاليف الطاقة والأسمدة. ومصر مثال على استمرار الحاجة إلى الواردات رغم تحسن الإنتاج المحلي.,2026-09-25T05:16:26+00:00,0,ar
ajar,https://www.aljazeera.net/health/2026/9/25/%d9%87%d9%84-%d9%8a%d8%b3%d8%aa%d8%a8%d8%af%d9%84-%d8%a7%d9%84%d8%ac%d8%b3%d9%85-%d9%86%d9%81%d8%b3%d9%87-%d9%83%d9%84-7-%d8%b3%d9%86%d9%88%d8%a7%d8%aa?traffic_source=rss,هل يستبدل الجسم نفسه كل 7 سنوات؟,يتجدد جسم الإنسان باستمرار، لكنْ ليس بالكامل كل 7 سنوات؛ فبعض الخلايا تعيش أياما، وأخرى سنوات أو مدى الحياة، فيما تستمر الشيخوخة رغم هذا التجدد.,2026-09-25T05:14:00+00:00,0,ar
ajar,https://www.aljazeera.net/news/2026/9/25/%d8%aa%d8%b9%d8%b2-%d8%aa%d8%ad%d8%aa-%d8%b6%d8%ba%d8%b7-%d8%a7%d9%84%d9%86%d8%b2%d9%88%d8%ad-%d9%88%d8%a7%d9%84%d9%81%d9%82%d8%b1-%d8%a3%d9%83%d8%ab%d8%b1-%d9%85%d9%86-83-%d8%a3%d9%84%d9%81?traffic_source=rss,تعز تحت ضغط النزوح والفقر.. أكثر من 83 ألف نازح يفاقمون أزمة الخدمات,تواجه مدينة تعز ضغطا متزايدا على خدماتها الأساسية مع تدفق أكثر من 83 ألف نازح إليها خلال الشهر الجاري، وسط نقص السكن والمياه والغذاء وارتفاع تكاليف المعيشة.,2026-09-25T05:11:47+00:00,0,ar
ajar,https://www.aljazeera.net/tech/2026/9/25/%d8%b1%d8%b5%d9%8a%d8%af-%d9%85%d8%ac%d8%a7%d9%86%d9%8a-%d9%81%d9%8a-%d9%85%d8%aa%d8%ac%d8%b1-%d8%a8%d9%84%d8%a7%d9%8a%d8%b3%d8%aa%d9%8a%d8%b4%d9%86-%d9%83%d9%8a%d9%81-%d8%aa%d8%b9%d8%b1%d9%81?traffic_source=rss,رصيد مجاني في متجر بلايستيشن.. كيف تعرف إن كنت مؤهلا قبل شراء اللعبة؟,"بدأت رسالة جديدة تظهر لبعض مستخدمي متجر ""بلاي ستيشن"" تخبرهم بحصولهم على رصيد مجاني عند شراء لعبة ما، فكيف يمكنك الاستفادة من هذه الرسالة وما شروط ظهورها؟",2026-09-25T05:00:00+00:00,0,ar
bbc_en_me,https://www.bbc.co.uk/news/articles/c6n8m72r13ngo?at_medium=RSS&amp;at_campaign=rss,US to allow Iran delegation to attend UN meetings in New York as war passes half-year mark,The BBC understands Iranian President Masoud Pezeshkian and Foreign Minister Abbas Araghchi are among the delegates allowed to enter the US.,2026-09-17T21:41:19+00:00,0,en
bbc_persian,https://www.bbc.com/persian/articles/cmd79lq8n155o?at_medium=RSS&amp;at_campaign=rss,نتانیاهو اتهام نسل‌کشی در نوار غزه را رد و از عملیات نظامی اسرائیل در ایران و خاورمیانه دفاع کرد,بنیامین نتانیاهو، نخست‌وزیر اسرائیل، در سخنرانی خود در مجمع عمومی سازمان ملل متحد، به شدت از عملیات نظامی کشورش در ایران، غزه و دیگر نقاط خاورمیانه دفاع کرد. پس از آنکه ده‌ها تن از نمایندگان در اعتراض به حضور او روی صحنه، سالن را ترک کردند، نتانیاهو بر ادامه نبرد تأکید کرد و گفت: «ما پیروز خواهیم شد. چاره دیگری نداریم.» او در واکنش به این اقدام نمایندگان گفت: «اگر افراد بزدل بی‌اخلاق دیگری هم هستن...,2026-09-25T10:13:51+00:00,0,fa
bbc_persian,https://www.bbc.com/persian/articles/cmvgy8qe9vr0o?at_medium=RSS&amp;at_campaign=rss,پشت پرده تحرکات دیپلماتیک؛ آیا راهی برای پایان جنگ ایران باز شده است؟,جنگ ایران، ابتکار تازه تهران برای بازگشایی تنگه هرمز، نقش چین در معادلات منطقه و نگرانی‌های فزاینده جمهوری‌خواهان درباره پیامدهای سیاسی ادامه درگیری، از مهم‌ترین موضوعاتی بوده که در روزهای برگزاری مجمع عمومی سازمان ملل توجه رسانه‌های آمریکا را به خود جلب کرده است. بررسی این پوشش‌ها نشان می‌دهد که پرونده ایران اکنون نه فقط یک بحران امنیتی، بلکه مسئله‌ای درهم‌تنیده با دیپلماسی، رقابت واشنگتن و پکن و...,2026-09-25T07:37:43+00:00,0,fa
bbc_persian,https://www.bbc.com/persian/articles/cn0jw1lj0e9o?at_medium=RSS&amp;at_campaign=rss,آلخاندرو بتانکورت؛ میلیاردر مرموز ونزوئلایی که به شریک نفتی آمریکا تبدیل شد,دونالد ترامپ، رئیس‌جمهور آمریکا، توافقی را که بر اساس آن کنترل میدان‌های راهبردی نفتی ونزوئلا به آمریکا واگذار می‌شود، «بزرگ‌ترین توافق در تاریخ» توصیف کرده است اما جنجال بر سر این توافق نفتی با آشکار شدن جزئیات بیشتر این توافق همچنان رو به گسترش است.,2026-09-25T05:49:30+00:00,0,fa
bbc_persian,https://www.bbc.com/persian/articles/c6lye5gnw4vro?at_medium=RSS&amp;at_campaign=rss,موضع «حکومت ایران» در مورد مذاکره با آمریکا چیست؟,انتشار روایت‌های متناقض از «موضع نظام» راجع به مذاکرات نیویورک، این پرسش را ایجاد می‌کند که آیا گفتگوهای اخیر هم، به تجربه‌ای از جنس تصویب و سپس بی‌اعتبار شدن تفاهم‌نامه اسلام‌آباد یک روز پس از امضای آن تبدیل شده است؟ آیا اساساً سیاست «راس نظام» در موضوع حضور نمایندگان دولت در آمریکا، روشن است؟,2026-09-25T04:20:13+00:00,0,fa
bbc_persian,https://www.bbc.com/persian/articles/c9q9gqnxz13o?at_medium=RSS&amp;at_campaign=rss,پشت پرده امپراتوری کانتی؛ افشای رازهای یکی از بدنام‌ترین گروه‌های هکری جهان,گروه کانتی، یکی از بزرگ‌ترین گروه‌های باج‌افزاری جهان، سال‌ها به هک کردن افراد و سازمان‌ها مشغول بود. اما در سال ۲۰۲۲ ورق برگشت. زمانی که این باند تبهکار از هم پاشید و هزاران پیام داخلی آن به صورت آنلاین فاش شد. این پیام‌ها چه چیزی را آشکار می‌کنند؟,2026-09-25T00:20:40+00:00,0,fa
bbc_en,https://www.bbc.co.uk/news/articles/cxq63dqp93n1o?at_medium=RSS&amp;at_campaign=rss,Trump and Xi exchange warm words at state dinner but little progress on key issues,"Despite diplomatic niceties and gifts, little was shared on substantial issues separating the leaders.",2026-09-25T10:05:07+00:00,0,en
bbc_en,https://www.bbc.co.uk/news/videos/c3qjkxk58y02o?at_medium=RSS&amp;at_campaign=rss,Robbie Williams' surprise singalong after Peru gig cancelled,Robbie Williams gave an impromptu performance outside a hotel in Lima after his stadium concert was cancelled.,2026-09-25T09:20:04+00:00,0,en
bbc_en,https://www.bbc.co.uk/news/articles/c6z9z7lv41wgo?at_medium=RSS&amp;at_campaign=rss,Africa's richest man helps fund $660m fuel pipeline between Ethiopia and Djibouti,"The pipeline would strengthen energy security in landlocked Ethiopia, while creating jobs at Djibouti's port.",2026-09-25T06:48:07+00:00,0,en
bbc_en,https://www.bbc.co.uk/news/videos/c9lykxx5zp70o?at_medium=RSS&amp;at_campaign=rss,Pomp and toasts: Day 2 of Trump and Xi in DC,"Xi’s first visit to Washington in a decade was a display of pomp and pageantry, with Trump offering his guest a two-month truce on the brewing tariff war.",2026-09-25T05:54:07+00:00,0,en
bbc_en,https://www.bbc.co.uk/news/articles/cr93e4x7kdjjo?at_medium=RSS&amp;at_campaign=rss,Xi got Trump's red carpet welcome - but not everything he wanted,"China wanted progress on trade, technology and Taiwan - but hasn't got as much as it would have hoped for.",2026-09-25T03:57:09+00:00,0,en
bbc_en,https://www.bbc.co.uk/news/videos/cm790gjyw1qxo?at_medium=RSS&amp;at_campaign=rss,The world’s two most powerful men just met. How did it go?,The BBC’s China correspondent Laura Bicker unpacks how the trip panned out for Beijing and Washington.,2026-09-25T01:27:10+00:00,0,en
bbc_en,https://www.bbc.co.uk/news/articles/cv2dwk3z7x5eo?at_medium=RSS&amp;at_campaign=rss,From Nagaland to a path to the Oscars: Indian film brings a rarely seen world to global cinema,"After a major win at Toronto, Angh, a film from northeastern India, is now on a path towards the Oscars.",2026-09-24T23:41:10+00:00,0,en
irna,https://en.irna.ir/news/86274004/Walkout-of-77-delegations-at-UNGA-rejects-Israel-s-attempts-to,"Walkout of 77 delegations at UNGA rejects Israel’s attempts to justify war, says Gharibabadi","Tehran, IRNA – Deputy Foreign Minister for Legal and International Affairs Kazem Gharibabadi has described the walkout of 77 delegations during Benjamin Netanyahu’s UN speech as a powerful rejection of Israel’s attempts to justify war and aggression.",2026-09-25T09:14:53+00:00,0,en
irna,https://en.irna.ir/news/86273964/Baqaei-highlights-Martyr-Soleimani-s-enduring-legacy-at-UNGA,Baqaei highlights Martyr Soleimani’s enduring legacy at UNGA,"Tehran, IRNA – Foreign Ministry spokesperson Esmaeil Baqaei has emphasized the enduring legacy of Iran’s martyred anti-terror commander, Lieutenant General Qassem Soleimani, while criticizing Israel’s presence at the United Nations General Assembly (UNGA).",2026-09-25T07:44:46+00:00,0,en
irna,https://en.irna.ir/news/86273927/Iran-determined-to-deepen-expand-cooperation-with-Pakistan,"Iran determined to deepen, expand cooperation with Pakistan: Pezeshkian","Tehran, IRNA – President Masoud Pezeshkian has emphasized that the Islamic Republic of Iran is firmly determined to deepen and expand bilateral and multilateral cooperation with Pakistan.",2026-09-25T07:15:49+00:00,0,en
irna,https://en.irna.ir/news/86273901/FM-Araghchi-meets-Russian-counterpart-in-New-York,FM Araghchi meets Russian counterpart in New York,"Tehran, IRNA – Foreign Minister Abbas Araghchi has met with his Russian counterpart, Sergey Lavrov, in New York to discuss key bilateral and regional issues.",2026-09-25T06:07:31+00:00,0,en
irna,https://en.irna.ir/news/86273898/Iranian-Egyptian-FMs-discuss-latest-regional-developments-in,"Iranian, Egyptian FMs discuss latest regional developments in New York","Tehran, IRNA – Foreign Minister Abbas Araghchi and his Egyptian counterpart, Badr Abdelatty, have discussed key bilateral and regional issues in New York.",2026-09-25T05:54:52+00:00,0,en
irna,https://en.irna.ir/news/86273860/Gharibabadi-Europe-was-part-of-infrastructure-of-US-aggression,Gharibabadi: Europe was part of infrastructure of US aggression against Iran,"Tehran, IRNA — Iran’s Deputy Foreign Minister for Legal and International Affairs Kazem Gharibabadi has said NATO Secretary-General Mark Rutte’s admission that some 5,000 sorties were flown from European bases in support of US military aggression against Iran proves that Europe formed part of the infrastructure of that aggression.",2026-09-25T03:56:25+00:00,0,en
tg_militarywave,https://t.me/militarywave/25159,,"1️⃣ 2️⃣ 3️⃣ 4️⃣ A new joint project ‘TAKE A PUNCH! With Nikolay Valuev’ by RT.Doc and Nikolay Valuev. SMO veterans are returning to civilian life: spending time with loved ones, taking part in sports and supporting others who need help. Nikolay Valuev travels to Tyumen, where he meets Hero of Russia Rustam Saifullin and combat engineer and machine gunner Aleksey Kitov. Despite life-changing injuri...",2026-09-25T08:12:52+00:00,0,en
tg_padeshah_fxn,https://t.me/Padeshah_FXN/15009,,⭕ مهدی مطهرنیا: دستاوردهای رضا شاه رو نمیشه نادیده گرفت و مرد بزرگی بود ⭕ شما تو این نیم قرن چه کردید؟ فقط بنگاه دین باز کردید و ضد دین عمل کردید ✍🏻 farmandeh 👑 @Padeshah_FXN,2026-09-25T09:28:15+00:00,0,fa
tg_padeshah_fxn,https://t.me/Padeshah_FXN/15008,,⭕ یک فروند جت هواپیما پاکستان وارد ریاض عربستان سعودی شد احتمالاً مقامات رفته اند ✍🏻 farmandeh 👑 @Padeshah_FXN,2026-09-25T09:19:30+00:00,0,fa
tg_padeshah_fxn,https://t.me/Padeshah_FXN/15007,,⭕ یک فروند سوخت رسان ارتش بریتانیا (RAF) به عربستان سعودی اعزام شد ✍🏻 farmandeh 👑 @Padeshah_FXN,2026-09-25T09:14:45+00:00,0,fa
tg_padeshah_fxn,https://t.me/Padeshah_FXN/15006,,⭕ هواپیما نتانیاهو نخست وزیر اسرائیل یک ساعت دیگر به اسرائیل می‌رسد ✍🏻 farmandeh 👑 @Padeshah_FXN,2026-09-25T09:08:14+00:00,0,fa
tg_padeshah_fxn,https://t.me/Padeshah_FXN/15005,,⭕ پرواز بین ایران و نجف عراق از امروز لغو شده ✍🏻 farmandeh 👑 @Padeshah_FXN,2026-09-25T09:01:11+00:00,0,fa
tg_padeshah_fxn,https://t.me/Padeshah_FXN/15004,,⭕ ادعای وال‌استریت‌ژورنال: احتمال دور جدید مذاکرات ایران و آمریکا این هفته در مسقط ⭕ وال‌استریت‌ژورنال گزارش داد قطر و عمان در تلاش‌اند زمینه دور تازه‌ای از مذاکرات میان ایران و آمریکا را فراهم کنند؛ مذاکراتی که احتمالاً همین هفته در مسقط برگزار می‌شود. ⭕ به نوشته این روزنامه، هم‌زمان عربستان سعودی و امارات متحده عربی خواستار تشدید محاصره دریایی علیه تهران شده‌اند. +آخرین باری که مذاکره در مسقط بو...,2026-09-25T08:56:15+00:00,0,fa
tg_padeshah_fxn,https://t.me/Padeshah_FXN/15003,,👈 هیئت اسرائیلی در سالن سازمان ملل حضور یافت و بررسی کرد که کدام هیئت‌های دیپلماتیک در جریان سخنرانی نتانیاهو سالن را ترک کرده‌اند. ✅ @Padeshah_FXN,2026-09-25T07:24:22+00:00,0,fa
tg_padeshah_fxn,https://t.me/Padeshah_FXN/15001,,👈 وزارت امور خارجه عربستان سعودی: عربستان سعودی، ترکیه و پاکستان جلسه‌ای فوری بین روسای ستادهای ارتش برگزار خواهند کرد تا درباره حمایت ریاض بر اساس توافقنامه دفاع مشترک بحث و تبادل نظر کنند. ✅ @Padeshah_FXN,2026-09-25T05:56:21+00:00,0,fa
tg_padeshah_fxn,https://t.me/Padeshah_FXN/15002,,👈 نفتکش‌های ایرانی توقیف شده شناسایی شدند 🔴 ۳ نفتکش حامل محمولۀ ۶۰۰ میلیون دلاری منتسب به ایران که به ادعای تانکر ترکرز توسط آمریکا ربوده شده‌اند، شناسایی شدند. 🔴 این سه نفتکش در اردیبهشت امسال واقع در دریای عمان ربوده شده‌اند. 🔴 بر این مبنا نفتکش مجستیک ایکس و تیفانی در سواحل شمالی برزیل هستند و نفتکش لنور به تازگی دماغۀ امید نیک را دور زده و به اقیانوس اطلس جنوبی رسیده است ✅ @Padeshah_FXN,2026-09-25T05:56:21+00:00,0,fa
tg_padeshah_fxn,https://t.me/Padeshah_FXN/15000,,👈 کلمبیا روابط دیپلماتیک خود با ایران را قطع کرد ✅ @Padeshah_FXN,2026-09-25T05:56:20+00:00,0,fa
tg_padeshah_fxn,https://t.me/Padeshah_FXN/14999,,👈 پزشکیان: ما به هیچ وجه قصد ترور ترامپ و یا هیچ یک از اعضای خانواده‌ش رو نداشتیم و این پُرپَکانی یهودی‌هاست. ✅ @Padeshah_FXN,2026-09-25T03:19:57+00:00,0,fa
tg_padeshah_fxn,https://t.me/Padeshah_FXN/14998,,⁨ ⁨ ⁨ ⭕️ بررسی خطراتی که تجمعات شبانه برای حکومت و عواملش داره! ✍🏻 Gordafarid 👑 @Padeshah_FXN,2026-09-25T03:18:52+00:00,0,fa
tg_padeshah_fxn,https://t.me/Padeshah_FXN/14997,,⭕️ با توجه به صحبت‌های نتانیاهو می‌شود این‌طور برداشت کرد که به ایران اعلام جنگ کرده است. ✍🏻 Gordafarid 👑 @Padeshah_FXN,2026-09-25T03:18:33+00:00,0,fa
tg_behold_israel,https://t.me/beholdisraelchannel/79213,,"Happy Feast of Tabernacles (Sukkot) from Amir & the Behold Israel Team! Oh, how we await the day when He dwells among His people forever! Leviticus 23:42-43 “’You shall dwell in booths for seven days. All who are native Israelites shall dwell in booths, that your generations may know that I made the children of Israel dwell in booths when I brought them out of the land of Egypt: I am the Lord your...",2026-09-25T05:04:04+00:00,0,en
tg_behold_israel,https://t.me/beholdisraelchannel/79212,,"Bibi’s Chess Game Erdoğan thought he had outmaneuvered everyone. He was sure the F-35 deal he had arranged with Trump was already in his pocket - until Bibi entered the picture. A few years ago, Turkey thought it was on top of the world when it purchased Russia’s S-400 air defense system. Today, thanks to what the writer calls a brilliant move by Bibi, Turkey realizes that system is a burden. So w...",2026-09-25T04:52:53+00:00,0,en
tg_behold_israel,https://t.me/beholdisraelchannel/79211,,"Why is the Feast of Tabernacles called the final feast? Because it’s the seventh and last of the Lord’s appointed feasts—coming after Israel celebrates Rosh Hashanah, the Feast of Trumpets, and Yom Kippur, the Day of Atonement. During Sukkot, Jewish people built small shelters called """"sukkahs"""" to remember their time in the wilderness after the Exodus—temporary dwellings that reminded them of God...",2026-09-25T03:04:14+00:00,0,en
tg_behold_israel,https://t.me/beholdisraelchannel/79210,,"Wing of Zion, Israel’s “Air Force One,” has just departed New York with Netanyahu and his team on board, bound for Israel.",2026-09-25T00:55:18+00:00,0,en
tg_behold_israel,https://t.me/beholdisraelchannel/79209,,"The UN has become a joke. China sits on the Human Rights Council. In 2025, Saudi Arabia’s ambassador chaired the Commission on the Status of Women. In 2024, Iran held the rotating presidency of the Conference on Disarmament – a body whose agenda includes nuclear disarmament. These are the facts. The UN should ask itself what message they send to the people these bodies are meant to serve.",2026-09-25T00:01:42+00:00,0,en
tg_defenderdome,https://t.me/DefenderDome/23239,,"The U.S. Maritime Administration (MARAD), which oversees the country's merchant marine fleet, has ordered SUNY Maritime College to send its training ship ""Empire State"" into federal service. The ship normally serves as a floating classroom for maritime cadets, however MARAD has the authority to activate these vessels up for national missions. Empire State departs the Bronx campus September 30, arr...",2026-09-25T05:19:35+00:00,0,en
tg_esellco,https://t.me/esellco/32405,,🚨 وال استریت ژونال: دور جدیدی از مذاکرات بین ایالات متحده و ایران، در این هفته در مسقط عمان برگزار می شود https://t.me/esellco,2026-09-25T07:59:36+00:00,0,fa
tg_esellco,https://t.me/esellco/32404,,دولت کلمبیا اعلام کرد که تمام روابط دیپلماتیک، اقتصادی و تجاری خود با ایران را قطع می‌کند، سفارت ایران در کلمبیا بسته و سفیر ایران نیز فوراً اخراج میشود. https://t.me/esellco,2026-09-25T07:46:25+00:00,0,fa
tg_esellco,https://t.me/esellco/32403,,وول استریت ژورنال: عربستان سعودی و امارات متحده عربی از تشدید محاصره دریایی بر تهران حمایت می‌کنند، در حالی که قطر و عمان به سمت برگزاری مذاکرات جدیدی میان ایالات متحده و ایران، احتمالاً همین هفته در مسقط، فشار می‌آورند. محمد بن سلمان، ولیعهد عربستان سعودی، اخیراً به مقامات آمریکایی اعلام کرده است که ایالات متحده باید در ادامه اعمال محاصره دریایی بر ایران بماند. https://t.me/esellco,2026-09-25T06:59:34+00:00,0,fa
tg_esellco,https://t.me/esellco/32402,,ممکن است جدی جدی اینبار تحریمها نعمت شود! ایران ایر که از امروز رسما تحریم میشود با ۲۹ عدد هواپیما ۱۱ هزار نفر پرسنل و خط هوایی آسمان با ۹ هواپیما ۴۰۰۰ نفر پرسنل دارند! یعنی در شرکت آسمان برای هر هواپیما ۴۴۴ نفر به مردم شریف ایران خدمت رسانی میکنند! در همین حوالی خط ترکیش با ۴۵۰ هواپیما ۶۵ هزار پرسنل دارد به عبارت ۱۴۴ نفر برای هر هواپیما! اختلاف واقعی اینجا نیست! اختلاف واقعی اینجاست که ترکیش ایر ...,2026-09-25T06:56:59+00:00,0,fa
tg_esellco,https://t.me/esellco/32401,,واردات نفت چین از ایران در حال سقوط است: چین در ۲۰ روز نخست سپتامبر به‌طور میانگین حدود ۶.۹ میلیون بشکه نفت خام در روز وارد کرده؛ رقمی که نزدیک به پایین‌ترین سطح ۱۰ سال اخیر است. این میزان به‌مراتب کمتر از میانگین حدود ۱۰.۵ میلیون بشکه در روز پیش از جنگ ایران است. هم‌زمان، واردات نفت ایران توسط چین به حدود ۸۰ هزار بشکه در روز کاهش یافته؛ رقمی که در مسیر ثبت دومین سطح پایین در دست‌کم ۱۰ سال اخیر قر...,2026-09-25T05:29:58+00:00,0,fa
tg_esellco,https://t.me/esellco/32400,,نیویورک تایمز: ایران طرحی 7 روزه برای پایان جنگ پیشنهاد داد. تهران از طریق واسطه‌ها، طرحی را به واشنگتن ارائه کرده است که شامل موارد زیر است: • توقف تمام درگیری‌ها به مدت 7 روز، از جمله در لبنان. • آزادسازی دارایی‌های ایرانی منجمد به ارزش بیش از 12 میلیارد دلار. • رفع تحریم‌ها از نفت ایران و لغو محاصره دریایی. • بازگشایی تنگه هرمز در روز هفتم. • آغاز مذاکرات جامع درباره برنامه هسته‌ای ایران بلافاص...,2026-09-25T05:26:37+00:00,0,fa
tg_esellco,https://t.me/esellco/32399,,خبرهای مهم پولساز برای امروز، جمعه ۲۵ سپتامبر ۲۰۲۶ 💰 ۱. موج جدید «عامل‌های هوش مصنوعی» برای افراد عادی یک اتفاق مهم در حال شکل‌گیری این است که AI از ابزار تولید متن و عکس، به سمت انجام کار به‌جای انسان می‌رود. برای نمونه، Meta اخیراً دستیار AI موسوم به Muse را با قابلیت‌هایی مانند انجام خرید، رزرو سفر و برقراری تماس معرفی کرده و طبق گزارش Reuters در مدت کوتاهی میلیون‌ها دانلود داشته است. فرصت پول‌...,2026-09-25T04:33:20+00:00,0,fa
tg_esellco,https://t.me/esellco/32398,,🔴 صدور چک رمزدار از ۷ مهر ممنوع 🔹 در راستای حذف چک رمزدار و جایگزینی آن با چک­‌های تضمین شده، صدور چک‌های رمزدار از روز سه‌شنبه ۷ مهر ماه ۱۴۰۵ ممنوع و همچنین پذیرش (واگذاری) چک‌های رمزدار در سامانه چکاوک از اول دی ماه ۱۴۰۵ ممنوع می‌شود. https://t.me/esellco,2026-09-25T04:24:04+00:00,0,fa
tg_esellco,https://t.me/esellco/32397,,علی قلهکی: اگر اقدامِ موثری برای جلوگیری از ایجاد «محاصره‌ی هوایی» بر آسمانِ اطراف ایران نشود، آمریکا وارد فازِ اخلال در «مرزهای زمینی» خواهد شد! https://t.me/esellco,2026-09-25T04:21:03+00:00,0,fa
tg_esellco,https://t.me/esellco/32396,,وزارت دفاع لیتوانی: به دلیل تحرکات نظامی ارتش روسیه در مرز با لیتوانی، به زودی گردان های زرهی و تانک های ارتش آمریکا به صورت فوری به لیتوانی اعزام خواهند شد تا در مرز با روسیه مستقر شوند. https://t.me/esellco,2026-09-25T04:16:27+00:00,0,fa
tg_esellco,https://t.me/esellco/32395,,پروازهای ایران-نجف هم لغو شد/ آسمان عراق هم‌برای ایران ممنوع شد 🔸 فرودگاه نجف اعلام کرد پروازهای ورودی و خروجی ایران از ساعت ۲ بامداد جمعه ۳ مهر لغو شد. 🔸 این در حالی است که در برنامۀ پروازهای خروجی تهران هنوز نام برخی ایرلاین‌ها برای پرواز به نجف دیده می‌شود و کاروان‌های عتبات هم منتظر پرواز به نجف هستند. 🔸 چند روز پیش فرودگاه بغداد نیز از چرخۀ پروازهای ایران خارج شده بود. https://t.me/esellco,2026-09-25T04:13:58+00:00,0,fa
tg_fighter_radar,https://t.me/fighter_radar/139032,,سخنگوی ارتش اسرائیل: نیروهای تیپ رزمی گیوعاتی و یگان مهندسی ویژه، تحت فرماندهی یگان مهندسی لشکر غزه (۱۴۳)، در حال پاکسازی منطقه «خط زرد» در جنوب نوار غزه از زیرساخت‌های زیرزمینی هستند. 🔹 در جریان این عملیات، یک مسیر زیرزمینی به طول حدود ۲ کیلومتر منهدم شد. 🔹 ارتش اسرائیل اعلام کرد نیروهایش در چارچوب توافق آتش‌بس در منطقه مستقر هستند و به رفع تهدیدهای فوری ادامه خواهند داد. مستنداتی از عملیات یگان ...,2026-09-25T10:20:02+00:00,0,fa
tg_fighter_radar,https://t.me/fighter_radar/139031,,رویترز: فرودگاه‌های اربیل و سلیمانیه از امروز پروازهای شرکت‌های هواپیمایی ایران را متوقف کردند. 📝 AmirF15 👑 @Fighter_Radar,2026-09-25T10:12:56+00:00,0,fa
tg_fighter_radar,https://t.me/fighter_radar/139030,,#فوری معاون رئیس پارلمان عراق رژیم جمهوری اسلامی تهدید کرد: «کشورهای حوزه خلیج فارس برای مدت طولانی، تکرار حملات و هدف قرار گرفتن خود را تحمل نخواهند کرد.» 📝 AmirF15 👑 @Fighter_Radar,2026-09-25T10:05:58+00:00,0,fa
tg_fighter_radar,https://t.me/fighter_radar/139029,,تحریم‌های آمریکا علیه خدمات بانکی و خبرگزاری فارس 🔹 شماری از کاربران هنگام ورود به برخی وب‌سایت‌های بانکی، شاپرک و همچنین خبرگزاری فارس با اختلال مواجه شده‌اند. 🔹 بررسی فنی فارس نشان می‌دهد درخواست صدور یا تمدید گواهی امنیتی این رسانه از سوی برخی مراکز بین‌المللی از جمله Let’s Encrypt، DigiCert، GlobalSign و Sectigo با عدم ارائهٔ خدمت مواجه شده است. 🔸 این محدودیت‌ها در پی تحریم‌های آمریکا و محدودش...,2026-09-25T09:56:53+00:00,0,fa
tg_fighter_radar,https://t.me/fighter_radar/139028,,🔴 زمین‌لرزه‌ای به‌بزرگی ۴ ریشتر در عمق ۸ کیلومتری، سفیددشت اصفهان را لرزاند 📝 Balor 👑 @Fighter_Radar,2026-09-25T09:50:01+00:00,0,fa
tg_fighter_radar,https://t.me/fighter_radar/139027,,🔴 ترس نماینده رژیم از چشم تو چشم کردن با نماینده اسرائیل در سازمان ملل را دیدید؟ این همان پروژه سقوط جمهوری اسلامی است 📝 Maverick 👑 @Fighter_Radar,2026-09-25T09:46:01+00:00,0,fa
tg_fighter_radar,https://t.me/fighter_radar/139026,,🔴 ادعای عضو کمیسیون امنیت ملی طویله مجلس درباره خرید سلاح هسته‌ای از کره شمالی احمد بخشایش اردستانی، عضو کمیسیون امنیت ملی طویله مجلس، مدعی شد شنیده است جمهوری اسلامی از کره شمالی سلاح هسته‌ای خریداری کرده است. او برای این ادعا مدرکی ارائه نکرده و این اظهارات در حد یک ادعای تاییدنشده مطرح شده است. 📝 Balor 👑 @Fighter_Radar,2026-09-25T09:40:09+00:00,0,fa
tg_fighter_radar,https://t.me/fighter_radar/139025,,خرید نفت ایران توسط چین از ۱.۵ میلیون بشکه به ۸۰ هزار بشکه رسیده است. 📝 AmirF15 👑 @Fighter_Radar,2026-09-25T09:35:06+00:00,0,fa
tg_fighter_radar,https://t.me/fighter_radar/139024,,🔴 منابع لبنانی: لبنان اعلام کرد آمریکا وعده داده است برای اجرای این طرح فشار دیپلماتیک وارد کند. بر اساس طرح پیشنهادی، نیروهای اسرائیلی از این مناطق عقب‌نشینی می‌کنند و پس از آن ارتش لبنان وارد منطقه شده و مستقر خواهد شد. 📝 Balor 👑 @Fighter_Radar,2026-09-25T09:31:17+00:00,0,fa
tg_fighter_radar,https://t.me/fighter_radar/139023,,🔴 بر اساس گزارش‌های منتشرشده، فرماندهان ارشد نظامی ترکیه و پاکستان به صورت اضطراری وارد عربستان سعودی شده‌اند و احتمال فعال شدن پیمان مکه و اقدام نظامی علیه گروه تروریستی حوثی در یمن مطرح شده است. 📝 Balor 👑 @Fighter_Radar,2026-09-25T09:26:01+00:00,0,fa
tg_fighter_radar,https://t.me/fighter_radar/139022,,🔴 حذف ۵۰۰ میلیون دلار از ارز ترجیحی دارو؛ خطر افزایش دوباره هزینه درمان رئیس سازمان غذا و دارو از حذف ۵۰۰ میلیون دلار از منابع ارز ترجیحی دارو خبر داده است. این کاهش می‌تواند هزینه تأمین و تولید دارو را بالا ببرد و فشار بیشتری بر بیمه‌ها وارد کند؛ فشاری که در صورت جبران نشدن، مستقیما به افزایش سهم پرداختی بیماران و سنگین‌تر شدن هزینه درمان خانوارها منجر خواهد شد. 📝 Balor 👑 @Fighter_Radar,2026-09-25T09:22:01+00:00,0,fa
tg_fighter_radar,https://t.me/fighter_radar/139021,,🔴 مقام اسرائیلی: اگر رژیم تروریستی جمهوری اسلامی از خطوط قرمز عبور کند، دوباره حمله خواهیم کرد اورشلیم پست به نقل از یک مقام اسرائیلی گزارش داد اطلاعات اسرائیل تلاش رژیم تروریستی جمهوری اسلامی برای احیا و فعال‌سازی دوباره برنامه هسته‌ای در تأسیسات کوه کلنگ را شناسایی کرده است. این مقام هشدار داد: «اگر تهران از هر یک از خطوط قرمز عبور کند، بار دیگر به تأسیسات هسته‌ای و هر سایت مرتبط با آن حمله خواه...,2026-09-25T09:18:33+00:00,0,fa
tg_fighter_radar,https://t.me/fighter_radar/139020,,انهدام یک لانچر موشکی در پایگاه موشکی شیراز توسط آمریکا 📝 AmirF15 👑 @Fighter_Radar,2026-09-25T09:16:02+00:00,0,fa
tg_fighter_radar,https://t.me/fighter_radar/139017,,🔴 رضایی کوچی ، رییس کمیسیون عمران مجلس: اگر کشورهای همسایه پروازهای ایران را محدود کنند، ما نیز پروازهای آنها را محدود خواهیم کرد 📝 Balor 👑 @Fighter_Radar,2026-09-25T09:05:43+00:00,0,fa
tg_fighter_radar,https://t.me/fighter_radar/139016,,🔴 رویترز: با وجود استقبال پرزرق و برق دونالد ترامپ، رئیس جمهور آمریکا از شی جین پینگ، رئیس جمهور چین، دیدار سران دو کشور هیچ نشانه‌ای از پیشرفت در مسائل حساسی مانند هوش مصنوعی، تجارت، تایوان و جنگ ایران نداشت 📝 Balor 👑 @Fighter_Radar,2026-09-25T08:53:30+00:00,0,fa
tg_fighter_radar,https://t.me/fighter_radar/139015,,📱 احسان کاظمیوم فعال اینستاگرامی، یک هفته با یک پیج فیک دخترانه با پیمان اکبری، مجری سپاهی صداوسیما توی تله انداخته! آخرش هم باهاش تماس تصویری می‌گیره و پیمان وقتی می‌بینه طرف احسانه، خشکش می‌زنه پیمان اکبری همون مجری حکومتی بود که بابت اعدام ها از اژه‌ای تشکر کرد! 📝 Balor 👑 @Fighter_Radar,2026-09-25T08:38:38+00:00,0,fa
tg_fighter_radar,https://t.me/fighter_radar/139014,,🔴 یک مقام کاخ سفید در واکنش به اظهارات عراقچی: مذاکرات مثبت و سازنده‌ای از طریق میانجی‌ها در جریان است در واکنش به اظهارات عباس عراقچی، وزیر امور خارجه ایران، یک مقام کاخ سفید به CNN گفت مذاکراتی مثبت و سازنده از طریق میانجی‌ها درباره ایران در جریان است. 📝 Arsames 👑 @Fighter_Radar,2026-09-25T08:31:25+00:00,0,fa
tg_fighter_radar,https://t.me/fighter_radar/139013,,🔴 کارشناس رژیم علی قلهکی: اگر اقدامِ موثری برای جلوگیری از ایجاد «محاصره‌ی هوایی» بر آسمانِ اطراف ایران نشود، آمریکا وارد فازِ اخلال در «مرزهای زمینی» خواهد شد! 📝 Arsames 👑 @Fighter_Radar,2026-09-25T08:17:28+00:00,0,fa
tg_fighter_radar,https://t.me/fighter_radar/139012,,🔴 نتانیاهو از کجا فهمیده قراره بعد از سرنگونی چند روزی اینترنت قطع بشه که استارلینک به مقامات رژیم هدیه داد 💀 📝 Maverick 👑 @Fighter_Radar,2026-09-25T08:12:14+00:00,0,fa
tg_geopolitics_prime,https://t.me/geopolitics_prime/75124,,🚨 Delegates leave the UN General Assembly hall as Netanyahu takes the podium. 👍 Substack | Chat | @geopolitics_prime,2026-09-25T09:47:01+00:00,0,en
tg_geopolitics_prime,https://t.me/geopolitics_prime/75123,,"🇸🇦 Saudi's key oil artery shut down: satellite images reveal heavy damage Satellite imagery shows heavy damage at Saudi Arabia's East-West Pipeline Pumping Station 11 near Medina, forcing the pipeline to shut down. More recent images show new above-ground sections and earthworks to bypass the station — the pipeline has since restarted at a reduced rate. The East-West Pipeline is Saudi Arabia's onl...",2026-09-25T09:06:01+00:00,0,en
tg_geopolitics_prime,https://t.me/geopolitics_prime/75122,,"Explore our catalogs to follow the Iran war 24/7 in different languages 🇫🇷 French 👉 ADD CHANNELS 🇩🇪 German 👉 ADD CHANNELS 🇪🇸 Spanish 👉 ADD CHANNELS 🇮🇹 Italian 👉 ADD CHANNELS 🇵🇹 Portuguese 👉 ADD CHANNELS 🇷🇸 Serbian 👉 ADD CHANNELS 🇮🇳 Indian 👉 ADD CHANNELS 🇬🇧 English 👉 ADD CHANNELS 🇺🇸 Particularly endorsed English channels 👉 ADD CHANNELS If you are interested in becoming part of these catalogs, pleas...",2026-09-25T09:05:21+00:00,0,en
tg_geopolitics_prime,https://t.me/geopolitics_prime/75120,,"🪖 💣 UK military mulls adopting ‘stealth cavalry’ to beat killer drones The British Army has come up with a new solution to drones that make short work of armored vehicles on the battlefield – soldiers on horseback As the British military tested whether cavalry could move covertly through wooded terrain, Lieutenant-Colonel Ben McNeil told the Times that “a horse can move in a more natural profile t...",2026-09-25T08:25:27+00:00,0,en
tg_geopolitics_prime,https://t.me/geopolitics_prime/75118,,"⛴ Is NATO hyping fake ‘Russia threat’ to justify seizing more Russian merchant vessels? Deaf to Russia’s assurances that it has no intention of attacking anyone, the West is suddenly amplifying a highly specific and conveniently timed scenario. US intelligence has warned several European governments that Russia may be preparing a drone operation against Spain, France or Italy, El Mundo reports. Ac...",2026-09-25T07:44:02+00:00,0,en
tg_geopolitics_prime,https://t.me/geopolitics_prime/75116,,"🇹🇷 🇮🇶 Is Turkish deforestation of Iraqi Kurdistan a land-grab effort? Turkish trucks have been spotted transporting trees from Kista, a village in Iraq’s Duhok Governorate in the Kurdistan region, to Turkey, according to video footage circulating on social media. Some observers allege a more troubling trend than simple timber theft: environmental publication Asparagus Magazine suggests that Turkey...",2026-09-25T07:03:01+00:00,0,en
tg_geopolitics_prime,https://t.me/geopolitics_prime/75115,,"🇮🇷 Pezeshkian: Iran did not choose war, but if the US keeps fighting, 'we will respond strongly' 💬 ""The war was imposed on us. We do not seek war,"" the Iranian president said. ""Whenever they attack us, we are forced to defend ourselves. We never started a war. But if they wish to keep fighting with us, we will respond strongly, resolutely."" He added that the pressures being imposed are meant to fo...",2026-09-25T06:22:01+00:00,0,en
tg_geopolitics_prime,https://t.me/geopolitics_prime/75114,,"🇺🇸 🪖 US military activity near Strait of Hormuz indicates possible new attack wave US reconnaissance aircraft operated over Iran’s Qeshm and Hengam islands in the Strait of Hormuz overnight from Wednesday into Thursday, signaling increased military activity in the region, according to sources. Additional US aircraft were reportedly observed conducting reconnaissance flights over Iran’s Kermanshah ...",2026-09-25T05:39:01+00:00,0,en
tg_geopolitics_prime,https://t.me/geopolitics_prime/75112,,"🪖 Houthis closing in on Hejat al-Abd mountain pass & vital control over Taiz and Aden Ansar Allah has reportedly seized control of the Aden-Taiz route in Yemen, but the claim was later contested by pro-Saudi forces, which say they repelled the attacks while remaining under heavy pressure. The battle is centered on the route’s major bottleneck — the 7-km-long Hejat al-Abd mountain pass, which serve...",2026-09-25T04:58:12+00:00,0,en
tg_geopolitics_prime,https://t.me/geopolitics_prime/75111,,"🇮🇱 Abraham Accords countries resume official talks after nearly 3 years The US, Israel, UAE, Bahrain and Morocco held their first official Abraham Accords meeting since Oct. 7, 2023, with Kazakhstan joining the group for the first time, CBS News reported. 💬 “Nearly three years after October 7, the Abraham Accords countries are back together,” US Under Secretary of State Allison Hooker said. Partic...",2026-09-25T04:14:01+00:00,0,en
tg_geopolitics_prime,https://t.me/geopolitics_prime/75110,,"‘In the end, we all die anyway’ — Trump stuns Carlson with absolute nihilism Tucker Carlson told NPR that days before the Iran war began, he personally warned President Donald Trump in the Oval Office that Israel was pushing the US toward conflict for its own regional goals. According to Carlson, Trump agreed with his assessment — then gave a response that stunned him: 💬 “Yes, you're right, but in...",2026-09-25T03:30:39+00:00,0,en
tg_geopolitics_prime,https://t.me/geopolitics_prime/75109,,"🇮🇷 ‘It’s America that must choose whether it wants to end this or not’ — Pezeshkian Iranian President Masoud Pezeshkian rejected the premise that Tehran must choose between war and a deal, saying Iran never sought the conflict and remains ready for diplomacy.…",2026-09-25T01:57:01+00:00,0,en
tg_geopolitics_prime,https://t.me/geopolitics_prime/75108,,"Trump gives Xi a bald eagle at White House dinner President Donald Trump presented President Xi Jinping with a bald eagle sculpture during the White House state dinner, calling it a symbol of the “free and soaring spirit of America.” Trump said the gift was created by an American artist and designed in collaboration with Melania Trump. 💬 “We hope it'll find a nice place, a wonderful place in Beiji...",2026-09-25T01:12:53+00:00,0,en
tg_geopolitics_prime,https://t.me/geopolitics_prime/75107,,❗️ For our Italian-speaking audience ❗️ ❗️ 🌶 GIUSEPPE MASALA CHILI 🌶 ❗️ 🔴 Lettore appassionato e scrittore incostante. 🔴 Topografo degli abissi. 🔴 Diversamente inabile. 🔴 A volte manniano tendenza Giuseppe a volte céliniano tendenza Bardamu. Un canale Telegram che ultimamente si occupa moltissimo di geopolitica 📱 https://t.me/giuseppemasala,2026-09-25T01:12:50+00:00,0,en
tg_geopolitics_prime,https://t.me/geopolitics_prime/75104,,"🇮🇷 ‘It’s America that must choose whether it wants to end this or not’ — Pezeshkian Iranian President Masoud Pezeshkian rejected the premise that Tehran must choose between war and a deal, saying Iran never sought the conflict and remains ready for diplomacy. 💬 “We never sought war. We do not seek war.” He stressed that Iran had already reached and signed an agreement with the US before the attack...",2026-09-24T23:44:59+00:00,0,en
tg_geopwatch,https://t.me/GeoPWatch/40189,,"⚡️ 🇺🇸 🛢 – Trump supports the idea of banning the exports of diesel, according to his own statements during a press conference with President Zelensky on the sidelines of the UNGA. I've said let's not send out the diesel. We make a lot of diesel, and it could…",2026-09-25T07:38:35+00:00,0,en
tg_geopwatch,https://t.me/GeoPWatch/40188,,"🇮🇷 🇺🇸 ⚡️ — Fox's Bret Baier: Will you give up the 60% enriched uranium? Iranian President Pezeshkian: Yes, within the framework of international law, based on the Non-Proliferation Treaty. Whatever we are supposed to adhere to, we will.",2026-09-25T05:57:51+00:00,0,en
tg_irane_azad_news,https://t.me/IraneAzad_News/70533,,وال‌استریت‌ژورنال: میانجی‌ها از جمله قطر، در حال فشار آوردن برای برگزاری دور جدیدی از مذاکرات بین آمریکا و جمهوری اسلامی در اوایل هفته آینده در عمان هستن. 👑 📰 @IraneAzad_News,2026-09-25T10:23:32+00:00,0,fa
tg_irane_azad_news,https://t.me/IraneAzad_News/70532,,🔴 ویدیویی از هیئت اسرائیلی در سازمان ملل منتشر شده که نشون می‌ده اعضای هیئت، اسامی کشورهایی که هنگام سخنرانی نتانیاهو سالن رو ترک کردن، یادداشت می‌کنن: 👑 📰 @IraneAzad_News,2026-09-25T10:13:28+00:00,0,fa
tg_irane_azad_news,https://t.me/IraneAzad_News/70531,,مگه این حرومزاده‌ها نمیگفتن اعتراضات دی ماه کار عوامل موساده؟! پس چرا پزشکیان تو سازمان ملل، تصاویر جاویدنام‌هارو کنار بچه‌های میناب نیاورد تا بگه ایناهم مورد حمله تروریستی اسرائیل قرار گرفتن؟ 👑 📰 @IraneAzad_News,2026-09-25T09:45:07+00:00,0,fa
tg_irane_azad_news,https://t.me/IraneAzad_News/70530,,🔴 فرودگاه نجف تمام پروازها از مبدا و مقصد ایران رو تعلیق کرد. 👑 📰 @IraneAzad_News,2026-09-25T08:59:19+00:00,0,fa
tg_irane_azad_news,https://t.me/IraneAzad_News/70529,,رامبد جوان: سانسورچی‌های صداوسیما بیمار جنسی هستن. با سبیل هم تحریک میشن. مثلا میگفتن سبیل فلان مرد زنانه و تحریک کنندست. یا توی یه تیزر یکی از بازیگرا میگفت «بیا بشین اینجا». میگفتن اگه کسی فقط صداشو بشنوه ممکنه از «بشین اینجا» برداشت بدی کنه! 👑 📰 @IraneAzad_News,2026-09-25T07:59:38+00:00,0,fa
tg_irane_azad_news,https://t.me/IraneAzad_News/70528,,✅ دربی‌بت؛ جایی که پیش‌بینی فقط حدس نیست، شروعِ بردهای واقعیه! ✅ با لایسنس بین‌المللی معتبر، وارد زمینی شو که حرفه‌ای‌ها بازی می‌کنن! ✅ آفرهای خفن ثبت‌ن ام در دربی‌بت؛ فرصت‌هایی که تکرار نمی‌شن: ⬅️ ۱۰۰٪ بونوس اولین واریز؛ شروع انفجاری مثل قهرمان‌ها ⬅️ پشتیبانی کامل از همه ارزهای دیجیتال ⬅️ درگاه ریالی و تومنی امن، سریع و بی‌دردسر ⬅️ برداشت‌های آنی و بدون معطلی ⬅️ پشتیبانی حرفه‌ای ۲۴ ساعته، همیشه پ...,2026-09-25T07:59:27+00:00,0,fa
tg_irane_azad_news,https://t.me/IraneAzad_News/70527,,🔴 فرودگاه نجف تمام پروازها از مبدا و مقصد ایران رو تعلیق کرد. 👑 📰 @IraneAzad_News,2026-09-25T07:42:48+00:00,0,fa
tg_irane_azad_news,https://t.me/IraneAzad_News/70526,,🇮🇱 اسرائیل به فارسی: یه خبر خوب. حکومت شرور جمهوری اسلامی سقوط خواهد کرد و همه ما آن روز را جشن خواهیم گرفت. 👑 📰 @IraneAzad_News,2026-09-25T07:04:47+00:00,0,fa
tg_irane_azad_news,https://t.me/IraneAzad_News/70525,,پیام نتانیاهو به مردم ایران: در کنارتون ایستاده‌ایم، ناامید نشید. 👑 📰 @IraneAzad_News,2026-09-25T06:31:47+00:00,0,fa
tg_irane_azad_news,https://t.me/IraneAzad_News/70524,,گروه نایاک علیه ترامپ به دلیل جنگ با جمهوری اسلامی شکایت کرده! 👑 📰 @IraneAzad_News,2026-09-25T06:10:45+00:00,0,fa
tg_irane_azad_news,https://t.me/IraneAzad_News/70523,,🔴 کلمبیا روابط دیپلماتیکش با جمهوری اسلامی رو قطع کرد. 👑 📰 @IraneAzad_News,2026-09-25T06:03:00+00:00,0,fa
tg_irane_azad_news,https://t.me/IraneAzad_News/70522,,🔴 پزشکیان در گفت‌وگو با فاکس‌نیوز: ما هرگز به مردم خودمون حمله نمی‌کنیم؛ هر کسی هم بخواد اعتراض کنه، کاملا حق این کار رو داره، اما استفاده از اعتراضات به‌عنوان ابزار، موضوع متفاوتیه. ایران خواهان جنگ نیست، اما قاطعانه از خودش دفاع می‌کنه؛ اسرائیل این جنگ رو به ایران تحمیل کرده و این آمریکاست که باید تصمیم بگیره به این وضعیت پایان بده یا نه. پول ایران در چین بلوکه شده و حتی نمی‌تونیم پول خودمون رو ...,2026-09-24T23:23:29+00:00,0,fa
tg_iranian_militarism,https://t.me/Iranian_Militarism/93298,,دکتر علی عبدی کارشناس امنیتی: برای بدترین حالت ممکن آماده باشید. احتمالاً عملیات هلی برن یا آبی خاکی را از شرق و غرب دریای خزر به شمال پایتخت تهران داشته باشیم. Join us | @Iranian_Militarism,2026-09-25T10:04:36+00:00,0,en
tg_iranian_militarism,https://t.me/Iranian_Militarism/93296,,پاد هدف گیری Thales Damocles ساخت فرانسه این پاد دارای لیزر هدف گذاری ایمن برای چشم در کنار دوربین تصویر برداری مادون سرخ و تصویر برداری با رزولوشن بالا است که برای شناسایی تشخیص و سپس نشانه گذاری اهداف برای سلاح های های هدایت لیزری فرانسه به کار میرود. سلاح هدایت لیزری اصلی مورد استفاده بین نیروهای فرانسوی بمب هدایت لیزری Armement Air-Sol Modulaire مخفف به AASM است این کیت ترکیب یک سامانه هدایت ت...,2026-09-25T09:35:12+00:00,0,en
tg_iranian_militarism,https://t.me/Iranian_Militarism/93295,,میلادت مبارک، ای مردِ روزهای سخت... امروز، تقویم بهانه‌ای به دستمان می‌دهد تا یاد کسی را زنده کنیم که نامش با واژه‌های «امنیت»، «شجاعت» و «اخلاص» گره خورده است. سردار سرافراز، شهید محمد پاکپور؛ مردی که نه سنگر می‌شناخت و نه خستگی، و تمام سال‌های عمر با‌برکتش در خط مقدم جبهه‌های حق علیه باطل و دفاع از امنیت این آب و خاک صرف شد. یادش بخیر؛ آن نگاه‌های آرام اما نافذ، تواضع بی‌نظیرش در کنار نیروها و ح...,2026-09-25T09:25:18+00:00,0,en
tg_iranian_militarism,https://t.me/Iranian_Militarism/93294,,سردار محبی: در صورت خطای محاسباتی دشمن از تسلیحات جدیدی استفاده خواهیم کرد که تا کنون استفاده نکردیم. Join us | @Iranian_Militarism,2026-09-25T09:06:44+00:00,0,en
tg_iranian_militarism,https://t.me/Iranian_Militarism/93292,,عکس یادگاری یک دخترخانم با سردار حسن زاده فرمانده سپاه تهران و سردار سالار کیا معاون هماهنگ کننده این سپاه استانی Join us | @Iranian_Militarism,2026-09-25T09:06:00+00:00,0,en
tg_iranian_militarism,https://t.me/Iranian_Militarism/93288,,دسته تحویلی جدید جنگنده Su-57 به نیروی هوایی فدراسیون روسیه به نظر هنوز با موتور های Saturn AL-41F1S منصوب بر جنگنده های Su-35S و Su-30SM2 مواجه هستیم و موتور های نسل جدید Saturn AL-51 هنوز در این جنگنده عملیاتی نیستند. هرچند هواگرد از زمان پیش نمونه های تحویلی اولیه تغییرات زیادی داشته است بخصوص ایرادات ناشی از عدم دقت در ماشین کاری بدنه که سطح مقطع راداری را افزایش میدادند مرتفع شده اند و الکترو...,2026-09-25T09:02:01+00:00,0,en
tg_iranian_militarism,https://t.me/Iranian_Militarism/93287,,پروازهای تهران - نجف لغو شد Join us | @Iranian_Militarism,2026-09-25T08:52:55+00:00,0,en
tg_iranian_militarism,https://t.me/Iranian_Militarism/93286,,فیتیله جمعه تعطیله 🗿 🌹 Join us | @Iranian_Militarism,2026-09-25T08:35:21+00:00,0,en
tg_iranian_militarism,https://t.me/Iranian_Militarism/93285,,🚫 اولین موشک بالستیک 21 اسفند سال 63 و در جریان جنگ تحمیلی از کرمانشاه به‌‌سوی پالایشگاه کرکوک شلیک شد. اولین سری 8 فروندی موشک بالستیک 9К72 البروس (اسکاد B) سپاه پاسداران انقلاب در ادامه به 13 پرتاب اول وشکهای ایران خواهیم پرداخت: 21/12/1363 نخستین حمله موشکی ایران شهر نفت خیز کرکوک را بلرزه درآورد ساعت حمله 2.40 دقیقه اعلام شد عراق حمله موشکی را تکذیب و حمله فوق را تروریستی اعبام نمود 23/12/1363...,2026-09-25T08:25:09+00:00,0,en
tg_iranian_militarism,https://t.me/Iranian_Militarism/93284,,هفته به هفته کوچه به کوچه جمعه به جمعه میایم محله هاتون 🕺 Join us | @Iranian_Militarism,2026-09-25T08:23:44+00:00,0,en
tg_iranian_militarism,https://t.me/Iranian_Militarism/93283,,برای دشمن تقریبا همه چیز برای آغاز درگیری سوم مهیا هست. و هر لحظه ممکن هست که دشمن حمله ای سنگین را آغاز کند. اما مسئله ای که میخواهیم به آن اشاره کنیم این است که فقط آمادگی نیروهای مسلح برای این نبرد احتمالی کافی نیست. طبق الگو های جنگ های 12 روزه و 40 روزه چه رژیم چه ارتش تروریستی ایالات متحده در ابتدا و آغاز نبرد به دنبال گرفتن دست آورد هایی برای خود بوده اند. رژیم در ابتدا جنگ 12 روزه را با تر...,2026-09-25T08:16:05+00:00,0,en
tg_iranian_militarism,https://t.me/Iranian_Militarism/93281,,🚫 یک حمله پهپادی اسرائیل روستایی در جنوب لبنان را هدف قرار داد. Join us | @Iranian_Militarism,2026-09-25T08:08:47+00:00,0,en
tg_iranian_militarism,https://t.me/Iranian_Militarism/93280,,رزمایش آلودگی صوتی چیز ببخشید 40 هزار جان فدا در سطح شهر تهران ❤️‍🔥 Join us | @Iranian_Militarism,2026-09-25T08:05:56+00:00,0,en
tg_iranian_militarism,https://t.me/Iranian_Militarism/93279,,کارمندان و کارگران تهران که کل هفته را کار کرده‌اند و جمعه ها قصد دارند بیشتر استراحت کنند وقتی صبح اول صبح با صدای این همایش ها از خواب میپرند از ته دل بالا تا پایین نظام مقدس جمهوری اسلامی را دعا میکنند 🤲 Join us | @Iranian_Militarism,2026-09-25T07:50:05+00:00,0,en
tg_mes,https://t.me/Middle_East_Spectator/37059,,"🇮🇷 🇺🇸 ⚡️ — Fox's Bret Baier: Will you give up the 60% enriched uranium? Iranian President Pezeshkian: Yes, within the framework of international law, based on the Non-Proliferation Treaty. Whatever we are supposed to adhere to, we will.",2026-09-24T23:55:25+00:00,0,en
tg_minas_tirith,https://t.me/Minas_Tirith2024/15182,,داده‌های ورتکسا نشان می‌دهد که واردات نفت چین از ایران در ۲۰ روز ابتدایی ماه سپتامبر به متوسط ۸۰ هزار بشکه در روز کاهش یافته است.,2026-09-25T08:27:16+00:00,0,en
tg_minas_tirith,https://t.me/Minas_Tirith2024/15181,,دیس مکرون به ترامپ! رئیس جمهور فرانسه اعلام کرد حملات اوکراین به زیرساخت های انرژی روسیه بر قیمت سوخت تاثیر دارد اما عامل اصلی افزایش شدید قیمت وضعیت تنگه هرمز است @Minas_Tirith2024,2026-09-25T07:59:17+00:00,0,en
tg_minas_tirith,https://t.me/Minas_Tirith2024/15171,,حمله پهپادی اوکراین به پالایشگاه پرم روسیه @Minas_Tirith2024,2026-09-25T07:56:56+00:00,0,en
tg_minas_tirith,https://t.me/Minas_Tirith2024/15167,,وضعیت ساختمانی در شهر کی‌یف پس از حمله بامداد امروز روسیه @Minas_Tirith2024,2026-09-25T07:55:58+00:00,0,en
tg_minas_tirith,https://t.me/Minas_Tirith2024/15166,,دو سرباز ارتش اسرائیل در یک پایگاه ارتش اسرائیل در شمال نوار غزه بر اثر انفجار یک کوادکوپتر که در حال هدایت آن بودن، کشته شدند. بر اساس تحقیقات اولیه ارتش رژیم صهیونی، این کوادکوپتر هنگام برخاستن به دلایل نامشخصی داخل پایگاه سقوط کرد و پس از نزدیک شدن نیروها و برداشتن آن، منفجر شد. این دو نظامی بر اثر شدت جراحات به بیمارستانی در اشکلون منتقل شدند، اما در نهایت بر اثر جراحات وارده کشته شدند. ارتش ا...,2026-09-25T07:41:02+00:00,0,en
tg_minas_tirith,https://t.me/Minas_Tirith2024/15165,,تصویری کمیاب و خاص از اولین سری 8 فروندی موشک بالستیک 9К72 البروس (اسکاد B) سپاه پاسداران انقلاب در سال 1363 اولین سری موشک بالستیک سپاه پاسداران شامل 8 فروند اسکاد خریداری شده از لیبی بود و تا آخر جنگ با عراق 30 فروند از لیبی خریداری و حدود 21 موشک به سمت عراق شلیک شد. آموزش اولیه این موشک ها نیز توسط سوریه انجام گرفت. #آرشیو @Minas_Tirith2024,2026-09-25T06:56:11+00:00,0,en
tg_mornovosti,https://t.me/mornovosti/6174,,"🌪 WEATHER ALERT 019 - 2026 25-SEP-26 @ 07:45 Z АТЛАНТИЧЕСКИЙ ОКЕАН 🌀 TROPICAL STORM GONZALO 🏷 AL072026 · 40 kt · 1004 mb 📍 Lat: 13-42.0 N Long: 022-18.0 W (маршрут на момент обнаружения, без обновлений) Источник: NOAA / NHC #weatherradar 🌪 #forecast 🗺 Maritime News",2026-09-25T07:45:12+00:00,0,ru
tg_rnintel,https://t.me/rnintel/66890,,"🇻🇦 🇫🇷 ⚡️ - The Pope arrived in Paris for a 4-day tour of France in an effort to rekindle the Catholic interest of the eldest daughter of the Church. He will visit Paris, Lourdes and Metz. Around 600,000 people registered themselves for his public mass at the Concord Plaza on the Champs-Élysées, the largest catholic gathering for a Pope in France since John Paul II.",2026-09-25T10:26:15+00:00,0,en
tg_rnintel,https://t.me/rnintel/66889,,"🇫🇷 🇷🇺 ⚡ - French President Macron says there is intelligence that Moscow is preparing a new wave of mobilization of up to 300,000 troops.",2026-09-25T07:26:24+00:00,0,en
tg_rnintel,https://t.me/rnintel/66888,,"🇫🇷 🇷🇺 ⚡ - French President Macron says there is intelligence that Moscow is preparing a new wave of mobilization of up to 300,000 troops.",2026-09-25T07:25:12+00:00,0,en
tg_rnintel,https://t.me/rnintel/66887,,"🇺🇸 🇫🇷 🇮🇷 ⚡ - ""Macron acknowledged that the strikes on Russian refineries have an impact on prices, but recalled that the price increase is primarily caused by the situation in the Strait of Hormuz,"" - AFP.",2026-09-25T07:19:47+00:00,0,en
tg_rnintel,https://t.me/rnintel/66886,,"🇾🇪 🇸🇦 ⚡ - The chiefs of staff of Saudi Arabia, Turkey and Pakistan are holding an emergency meeting as Ansarullah’s attacks on the Saudi Kingdom intensify, likely to produce the Mecca Agreement’s most severe joint condemnation on a piece of paper yet.",2026-09-25T07:13:51+00:00,0,en
tg_rnintel,https://t.me/rnintel/66885,,🇨🇴 🇮🇷 🇮🇱 ⚡ - Colombia joins Peru as the second South American nation to cut all diplomatic relations with Iran.,2026-09-25T07:01:47+00:00,0,en
tg_rnintel,https://t.me/rnintel/66884,,"🇾🇪 🇸🇦 ⚡️ - Alerts in Jazan, Saudi Arabia.",2026-09-24T23:29:12+00:00,0,en
tg_tabzlive,https://t.me/tabzlive/105188,,"🇺🇦 ❌ 🇷🇺 — Ukrainian President Zelensky: We are responding to Russia’s brutal strikes against life. Last night, thanks to our long-range sanctions, two oil refineries were hit — in Perm and Novoshakhtinsk. There were also hits on the Iskra Plant defense enterprise in Ulyanovsk, and the occupiers now have two fewer radar stations in the Rostov region.",2026-09-25T10:25:56+00:00,0,en
tg_tabzlive,https://t.me/tabzlive/105187,,🇫🇷 🇻🇦 ⚡️ — Pope Leo XIV has arrived in France for a four-day visit. Macron welcomed the pope at Orly Airport near Paris as church bells rang across France to mark his arrival.,2026-09-25T10:23:59+00:00,0,en
tg_tabzlive,https://t.me/tabzlive/105186,,"🇸🇦 🇹🇷 🇵🇰 ⚡️ — Saudi Arabia, Türkiye and Pakistan have announced plans for an urgent meeting of their military chiefs to discuss support for Riyadh under the Mecca Joint Defence Agreement, which treats an attack on one member as an attack on all three. The move follows Saudi Arabia’s interception of six ballistic missiles targeting Taif and Yanbu on September 24, alongside Houthi claims of strikes ...",2026-09-25T10:19:30+00:00,0,en
tg_tabzlive,https://t.me/tabzlive/105183,,🇺🇦 ❌ 🇷🇺 — The Russian oil refinery in the city of Perm was targeted by Ukrainian drones. A fire is now burning at the refinery.,2026-09-25T03:14:45+00:00,0,en
tg_tabzlive,https://t.me/tabzlive/105181,,🇪🇹 ❌ 🇪🇹 — The TPLF-aligned Agew democratic movement rebel group captured the town of Tsemera in the Sekota district of the Amhara region of Ethiopia.,2026-09-25T03:09:35+00:00,0,en
tg_tabzlive,https://t.me/tabzlive/105180,,"🇸🇦 ❌ 🇾🇪 — Saudi Arabia’s Grand Mufti, Sheikh Saleh bin Fawzan Al-Fawzan, has urged Saudi troops to be prepared to sacrifice their lives fighting the Houthis (Ansarallah), calling for the restoration of the Saudi-backed Yemeni PLC government’s authority across the entire country. Addressing soldiers stationed along the kingdom’s borders, the Grand Mufti urged them to “remain constantly prepared to ...",2026-09-25T02:31:04+00:00,0,en
tg_tabzlive,https://t.me/tabzlive/105179,,"🇺🇸 ⚡️ — U.S. Air Force announces its first two Collaborative Combat Aircraft (CCA) have arrived at Creech AFB, Nevada for operational testing and experimentation. One YFQ-44A CCA and one YFQ-42A CCA arrived at the base. CCAs are unmanned and semi-autonomous fighter UAVs designed to operate alongside manned fighter jets as part of a squadron. The purpose is for fighter jet pilots to give CCAs speci...",2026-09-25T01:53:09+00:00,0,en
tg_tabzlive,https://t.me/tabzlive/105178,,"🇹🇷 🇵🇰 🇸🇦 ⚡️ — Saudi Foreign Minister Prince Faisal bin Farhan, Pakistani Deputy Prime Minister Ishaq Dar, and Turkish Foreign Minister Hakan Fidan met on the sidelines of the UN General Assembly for a meeting under the Mecca Agreement.",2026-09-25T00:59:03+00:00,0,en
tg_tabzlive,https://t.me/tabzlive/105176,,🇮🇷 ❌ 🇮🇱 — The Iranian delegation is not present for Israeli PM Netanyahu’s UNGA speech. A portrait of Qassem Soleimani is placed at their seats.,2026-09-25T00:50:14+00:00,0,en
tg_tabzlive,https://t.me/tabzlive/105175,,"🇨🇴 🇮🇷 ⚡️ — Colombia, under the administration of De La Espriella, has officially cut its diplomatic relations with Iran.",2026-09-25T00:46:40+00:00,0,en
tg_tabzlive,https://t.me/tabzlive/105174,,"🇮🇪 🇸🇩 ⚡️ — Irish Taoiseach Micheál Martin on Sudan: The conflict has been inflamed and prolonged by harmful outside interference. All states and external actors must cease arming, financing, and enabling the war in Sudan. Violations of international law, including…",2026-09-25T00:45:14+00:00,0,en
tg_tabzlive,https://t.me/tabzlive/105173,,"🇮🇪 🇸🇩 ⚡️ — Irish Taoiseach Micheál Martin on Sudan: The conflict has been inflamed and prolonged by harmful outside interference. All states and external actors must cease arming, financing, and enabling the war in Sudan. Violations of international law, including targeting on the basis of ethnicity, deliberate destruction of the means of survival, killing, torture, and sexual violence, are again ...",2026-09-25T00:44:32+00:00,0,en
tg_tabzlive,https://t.me/tabzlive/105172,,"🇬🇷 🇮🇱 🇵🇸 ⚡️ — Greece's Prime Minister Kyriakos Mitsotakis: Greece will continue to advocate for a two-state solution, with Israel and Palestine living side by side in peace and security. However, developments in the West Bank remain a source of deep concern…",2026-09-25T00:33:40+00:00,0,en
tg_tabzlive,https://t.me/tabzlive/105171,,🇬🇷 🇮🇱 🇸🇦 ⚡️ — Greece's Prime Minister Kyriakos Mitsotakis: Greece has established a durable and deep strategic partnership with Israel while at the same time maintaining strong ties with the Arab world.,2026-09-25T00:32:46+00:00,0,en
tg_tabzlive,https://t.me/tabzlive/105170,,🇬🇷 🇮🇱 🇸🇦 ⚡️ — Greece's Prime Minister Kyriakos Mitsotakis: Greece has established a durable and deep strategic partnership with Israel while at the same time maintaining strong ties with the Arab world.,2026-09-25T00:27:59+00:00,0,en
tg_tabzlive,https://t.me/tabzlive/105169,,"🇨🇳 🇺🇸 ⚡️ — Chinese President Xi Jinping: President Trump has pledged to make America great again and lead the American people in making significant strides. China is committed to achieving great national rejuvenation, and Chinese modernization has kept breaking…",2026-09-25T00:17:17+00:00,0,en
tg_tabzlive,https://t.me/tabzlive/105168,,"🇨🇳 🇺🇸 ⚡️ — Chinese President Xi Jinping: Over 50 years ago, ping-pong diplomacy between China and the United States opened the long closed door of bilateral exchanges. With the political wisdom embodied in a small ball moving the globe, the older generation…",2026-09-25T00:16:29+00:00,0,en
tg_tweet_mardomi,https://t.me/tweetmardomi/21711,,🔴 احتمال تعطیلی این شهر های کشور طی هفته های آینده 🔹 طبق اعلام هواشناسی، طی هفته‌ آینده دمای هوا 20 درجه سردتر میشود و پدیده ال نینو وارد ایران میشود و بارش باران و برف به شکل بی سابقه در ایران رخ خواهد داد. این پدیده باعث کمبود انرژی میشود و زیرساخت های تولید انرژی طی جنگ که اسیب دیده به مشکل خواهند خورد. 🔹 استان های مازندران، تهران، خراسان جنوبی، کردستان، گلستان، اردبیل، خراسان رضوی، خوزستان، لر...,2026-09-25T09:31:02+00:00,0,fa
tg_tweet_mardomi,https://t.me/tweetmardomi/21710,,شاید ۲۰۰ سال بعد، یک نفر صفحه ای از تاریخ رو باز کنه و بخونه: حدود ۲۰۰ سال پیش، دو کشور وارد یک جنگ تمام‌عیار شدن؛ یکی این سر دنیا، یکی اون سر دنیا نام یکی IRI بود و نام دیگری USA اما در میانه‌ی جنگ، مردم کشور IRI از ترسِ فردای خودشون، هرچی داشتن و نداشتن رو فروختن و تبدیل کردن به پولِ کشور مقابل؛ به پولِ دشمن خواننده شاید چند لحظه مکث کنه... برگرده عقب... دوباره اون جمله رو بخونه: پولِ کشور دشمن؟...,2026-09-25T09:00:20+00:00,0,fa
tg_tweet_mardomi,https://t.me/tweetmardomi/21709,,🔴 اندونزی و پرو از قطع کامل روابط با کشور ایران خبر دادند و اعلام کردند تا سقوط جمهوری اسلامی ارتباطی با ایران نخواهند داشت؛ همچنین این دولت‌ها از باقی کشورها خواستند به علت سرکوب مردم ایران توسط تروریست‌های جمهوری اسلامی ارتباطات دیپلماتیک را با آنها قطع…,2026-09-25T07:08:01+00:00,0,fa
tg_tweet_mardomi,https://t.me/tweetmardomi/21708,,۷۷ کشور هنگام سخنرانی نتانیاهو به دلیل نقض حقوق بشر جلسه سازمان ملل رو ترک کردند. این لیستشه که همه یا آفریقایی و مسلمان یا ناقضان واقعی حقوق بشر هستند! در هر کدومشون هم حداقل یک یا دو بار کشتار جمعی رخ داده!/کانال توییت مردمی 🔊 @Tweetmardomi,2026-09-25T06:19:22+00:00,0,fa
tg_tweet_mardomi,https://t.me/tweetmardomi/21706,,Forwarded from .: 👑 واقعا چرا ریتزوبت انقدر در بین ایرانی ها محبوب شد ⁉️ ➕ ریتزوبت اولین سایت پیش‌بینی فوتبال ، که تمام ارزهای دیجیتال رو برای شارژ حساب پوشش میده 💳 درگاه کارت به کارت امن ریالی برای کاربران ایرانی ⚡️ اینجا با خیال راحت شرطبندی کن و درآمد دلاری کسب کن 🚀 همین حالا ثبت‌نام کن و تجربه‌ای متفاوت از شرط‌بندی آنلاین رو شروع کن. 📲 اپلیکیشن موبایل برای اندروید 🌐 https://RitzoBet.com پشتیبا...,2026-09-25T06:19:16+00:00,0,fa
tg_tweet_mardomi,https://t.me/tweetmardomi/21707,,Forwarded from .: 📲 اپلیکیشن اندروید سایت ریتزوبت 🔥 🚀 وقتی شرط ‌هاتون رو توی ریتزوبت ثبت کنین ، علاوه بر ضرایب بالا ، هفتگی با کد های هدیه کسب درآمد میکنید 🤑 #شرطبندی ♦️ آ موزش شارژ حساب با کریپتو ♦️ آموزش شارژ حساب ریالی در ریتزوبت,2026-09-25T06:19:16+00:00,0,fa
tg_tweet_mardomi,https://t.me/tweetmardomi/21705,,🟡 جواب پزشکیان به اونایی که میگن اون با بقیه فرق داره پزشکیان: ما هرگز به مردم خودمان حمله نخواهیم کرد. مجری: اما شما این کار را کردید در تاریخ‌های ۸ و ۹ ژانویه، شما قطعاً نیروهای امنیتی داشتید که به شهروندان ایرانی حمله کردند و آنها را کشتند! پزشکیان: آنها مردم عادی نبودند آمریکا و اسرائیل این افراد را تجهیز و مسلح کرده بودند تا جمهوری اسلامی را سرنگون کنند، آنها کردها و بلوچ‌های جاسوس اسرائیل بو...,2026-09-24T23:24:04+00:00,0,fa
tg_vahid_online,https://t.me/VahidOnline/78521,,دنی دانون، سفیر اسرائیل در سازمان ملل، در ویدیویی که منتشر کرد، یک دستگاه استارلینک را به ناصر اسدی، نماینده جمهوری اسلامی، پیشنهاد داد و گفت: «می‌خواهید آن را بگیرید و به تهران ببرید؟ می‌تواند در ایران برایتان بسیار مفید باشد.» دانون در این ویدیو می‌گوید: «فکر کردم مناسب است این استارلینک را به شما بدهم. اگر سخنان نخست‌وزیر را شنیده باشید، می‌تواند بسیار به کارتان بیاید تا پس از آنچه با مردم ایرا...,2026-09-25T02:35:27+00:00,0,fa
tg_vahid_online,https://t.me/VahidOnline/78520,,به گزارش سی‌ان‌ان، عباس عراقچی، وزیر امور خارجه جمهوری اسلامی ایران، پنجشنبه دوم مهر گفت تهران پیشنهادی به آمریکا ارائه کرده است که می‌تواند به بازگشایی تنگه هرمز و ازسرگیری مذاکرات برای دستیابی به یک «توافق نهایی» منجر شود. عراقچی گفت این پیشنهاد در هفته جاری از طریق میانجی‌ها به واشنگتن ارائه شده و بر اساس آن، آمریکا باید ظرف هفت روز شروط مشخصی را اجرا کند تا مذاکرات از سر گرفته شود و تنگه هرمز ...,2026-09-25T02:34:37+00:00,0,fa
tg_vahid_online,https://t.me/VahidOnline/78519,,مصاحبه پزشکیان با فاکس‌نیوز، بخش‌هایی از زیرنویس ویدیوی بالا، ترجمه ماشین: پزشکیان ما هرگز به دنبال سلاح هسته‌ای نبوده‌ایم. آنچه می‌خواهیم به آن پایبند باشیم، چارچوب پیمان منع گسترش سلاح‌های هسته‌ای است. 🔺 برت بایر: چرا به اورانیوم ۶۰ درصد غنی‌شده نیاز دارید؟ 🔻 مسعود پزشکیان: ما مذاکراتی انجام داده بودیم و آماده بودیم این مواد را تا حد زیادی رقیق کنیم. اگر می‌خواستیم به ساخت سلاح برسیم، این کار را...,2026-09-25T02:23:53+00:00,0,fa
tg_vira_university,https://t.me/virauniversitycom/19794,,مدیریت فرودگاه بین‌المللی نجف اعلام کرد بر اساس دستور رسمی مراجع ذی‌صلاح، تمامی پروازهای ورودی و خروجی از مبدأ یا به مقصد ایران، از ساعت ۲ بامداد جمعه ۳ مهر ۱۴۰۵ برابر با ۲۵ سپتامبر ۲۰۲۶، تا اطلاع ثانوی متوقف خواهد شد.,2026-09-25T07:02:59+00:00,0,fa
tg_vira_university,https://t.me/virauniversitycom/19793,,مطالعه با تغییرات مثبت در سلامت مغز و عملکرد شناختی مرتبط است پژوهشگران دانشگاه کمبریج در یک مرور علمی، ارتباط میان مطالعه برای لذت و جنبه‌های مختلف سلامت ذهن را بررسی کردند. یافته‌ها نشان می‌دهد کتاب خواندن می‌تواند با کاهش استرس، تقویت توجه و حافظه، بهبود مهارت‌های فکری و حمایت از سلامت شناختی در سنین مختلف همراه باشد. برخی مطالعات نیز ارتباط مطالعه منظم با کاهش خطر افت شناختی در سالمندان و عملک...,2026-09-25T07:00:34+00:00,0,fa
tg_vira_university,https://t.me/virauniversitycom/19792,,تصویر روز ناسا 🗓 جمعه ۳ مهر ۱۴۰۵ عنوان: خوشه کروی امگا قنطورس عکاس: خاویر او. کادناس پارا خوشه ستاره‌ای کروی امگا قنطورس، که با نام NGC 5139 نیز شناخته می‌شود، شامل حدود ۱۰ میلیون ستاره است که عمری فراتر از خورشید دارند. این ستارگان در فضایی به قطر تقریبی ۱۵۰ سال نوری جای گرفته‌اند. این خوشه در فاصله ۱۵ هزار سال نوری از زمین قرار دارد و بزرگ‌ترین و درخشان‌ترین خوشه کروی در میان حدود ۲۰۰ خوشه‌ای اس...,2026-09-25T06:50:11+00:00,0,fa
tg_wfwitness,https://t.me/wfwitness/113066,,⚡️ 🇱🇧 🇮🇱 Israeli jets have entered eastern Lebanese airspace. @wfwitness 💧 Rainbet.com the #1 Non-KYC Crypto Casino & Sportsbook @rainbetcom +18,2026-09-25T08:37:22+00:00,0,en
tg_wfwitness,https://t.me/wfwitness/113065,,⚡️ 🇱🇧 🇮🇱 Israeli jets have entered eastern Lebanese airspace. @wfwitness 💧 Rainbet.com the #1 Non-KYC Crypto Casino & Sportsbook @rainbetcom +18,2026-09-25T08:30:49+00:00,0,en
tg_wfwitness,https://t.me/wfwitness/113064,,"⚡️ 🇸🇦 🇾🇪 🇾🇪 Reuters: Saudi Arabia’s Grand Mufti, Sheikh Saleh bin Fawzan Al-Fawzan, called on soldiers stationed along the kingdom’s borders to remain prepared to fight the Houthis until the group is ousted from power. His statement came after weeks of escalating missile and drone attacks by the Houthis and Saudi airstrikes in Yemen. The Grand Mufti said protecting Saudi Arabia’s territory and def...",2026-09-25T08:16:37+00:00,0,en
tg_wfwitness,https://t.me/wfwitness/113063,,⚡️ 🇫🇮 🇸🇪 🇷🇺 Sweden’s Air Force says Finnish and Swedish fighter jets were scrambled on September 24 to intercept and identify Russian military aircraft flying in international airspace over the Gulf of Finland. The mission marked the first joint operational identification mission conducted by the Finnish and Swedish air forces. @wfwitness 💧 Rainbet.com the #1 Non-KYC Crypto Casino & Sportsbook @ra...,2026-09-25T08:09:16+00:00,0,en
tg_wfwitness,https://t.me/wfwitness/113062,,⚡️ 🇱🇧 🇮🇱 An Israeli drone strike targeted Kfar Tebnit in southern Lebanon. @wfwitness 💧 Rainbet.com the #1 Non-KYC Crypto Casino & Sportsbook @rainbetcom +18,2026-09-25T08:07:44+00:00,0,en
tg_wfwitness,https://t.me/wfwitness/113060,,"⚡️ 🇵🇭 🇨🇳 The Philippines says China Coast Guard and PLA Navy vessels interfered with a Philippine rotation and resupply mission to Ayungin Shoal on September 24. The mission was delivering supplies and rotating personnel aboard the BRP Sierra Madre. Manila said Chinese vessels hindered the operation, put Filipino personnel at risk and obstructed the resupply mission. @wfwitness 💧 Rainbet.com the #...",2026-09-25T05:09:33+00:00,0,en
tg_wfwitness,https://t.me/wfwitness/113059,,"⚡ 🇨🇴 🇮🇷 Republic of Colombia announced the end of diplomatic relations with the Islamic Republic of Iran, citing Iran's alleged ties to international terrorist and narco-terrorist groups, human rights violations, its blockade of the Strait of Hormuz, and its…",2026-09-25T04:36:11+00:00,0,en
tg_wfwitness,https://t.me/wfwitness/113057,,"⚡️ 🇺🇦 🇷🇺 A fire broke out in Boryspil, Kyiv region, at the impact site of a Russian drone this evening m",2026-09-25T02:46:16+00:00,0,en
tg_wfwitness,https://t.me/wfwitness/113056,,"⚡️ 🇺🇸 The U.S. Air Force received its first two Collaborative Combat Aircraft at Creech Air Force Base, Nevada, marking a step toward integrating uncrewed, semi-autonomous aircraft into future combat operations, as Anduril delivered the YFQ-44A ""Fury"" last month and General Atomics delivered the YFQ-42A ""Vengeance"" last week. @wfwitness 💧 Rainbet.com the #1 Non-KYC Crypto Casino & Sportsbook @rain...",2026-09-25T01:55:08+00:00,0,en
tg_wfwitness,https://t.me/wfwitness/113054,,"⚡️ 🇺🇦 🇷🇺 Ukrainian drones targeted Voronezh this evening, with residents recording the sound of explosions and AA fire over the city. @wfwitness 💧 Rainbet.com the #1 Non-KYC Crypto Casino & Sportsbook @rainbetcom +18",2026-09-25T01:55:03+00:00,0,en
tg_wfwitness,https://t.me/wfwitness/113053,,"⚡️ 🇺🇸 🇮🇷 NYT: Iranian Foreign Minister Araghchi proposed to the U.S. a seven day timeline for reopening the Strait of Hormuz and end hostilities. “We have introduced a plan to the United States through the intermediators that if certain conditions are met, the Strait of Hormuz would be open on the end of the seventh day and talks would restart.” A U.S. official said that while the U.S. is having c...",2026-09-25T01:41:07+00:00,0,en
tg_wfwitness,https://t.me/wfwitness/113052,,"⚡️ 🇲🇲 TIME: Myanmar leader Min Aung Hlaing says he wants to rebuild relations with the United States and other Western countries, calling for sanctions to be reconsidered and offering cooperation on regional security, economic development and transnational crime. Min Aung Hlaing said U.S. cooperation could help Myanmar achieve peace, stability and development. His government is seeking greater Wes...",2026-09-25T01:40:23+00:00,0,en
tg_wfwitness,https://t.me/wfwitness/113044,,"⚡️ 🇺🇦 🇷🇺 Ukrainian drones targeted Voronezh this evening, with residents recording the sound of explosions and AA fire over the city. @wfwitness 💧 Rainbet.com the #1 Non-KYC Crypto Casino & Sportsbook @rainbetcom +18",2026-09-25T01:27:59+00:00,0,en
tg_entekhab,https://t.me/entekhab_ir/381535,,♦️ وال‌استریت‌ژورنال: 🔹 میانجی‌هایی از جمله قطر در حال فشار آوردن برای برگزاری دور جدیدی از مذاکرات بین ایران و آمریکا در اوایل هفته آینده در عمان هستند 🔹 میانجی‌هایی از جمله قطر در حال فشار آوردن برای برگزاری دور جدیدی از مذاکرات در عمان، احتمالاً از اوایل هفته آینده، هستند تا واشنگتن و تهران را به بازگشایی تنگه هرمز و آغاز روند پایان دادن به جنگ ترغیب کنند. / انتخاب جزئیات در 👇 👇 https://www.ent...,2026-09-25T10:11:57+00:00,0,fa
tg_entekhab,https://t.me/entekhab_ir/381534,,♦️ سخنگوی سپاه: 🔹 در صورت حمله جدید، تسلیحات متفاوتی را به کار می‌گیریم 🔹 شناورهای آمریکایی از محدوده تنگه هرمز ۴۰۰ کیلومتر فاصله گرفته‌اند؛ این یعنی پیروزی بزرگ ایران جزئیات در 👇 👇 https://www.entekhab.ir/003wlq 🆔 @Entekhab_ir,2026-09-25T09:46:50+00:00,0,fa
tg_entekhab,https://t.me/entekhab_ir/381533,,♦️ نتایج نهایی کنکور ۱۴۰۵ تا ۱۰ روز آینده اعلام می‌شود 🔹 معاون آزمون‌های سازمان سنجش آموزش کشور با اعلام اینکه فایل سوابق تحصیلی شرکت کنندگان در آزمون سراسری سال ۱۴۰۵، صبح امروز؛ سوم مهرماه در اختیار سازمان سنجش قرار گرفته است، اعلام کرد که اعلام نتایج نهایی کنکور امسال، تا ۱۰ روز آینده منتشر خواهد شد. جزئیات در 👇 👇 https://www.entekhab.ir/003wlZ 🆔 @Entekhab_ir,2026-09-25T09:26:14+00:00,0,fa
tg_entekhab,https://t.me/entekhab_ir/381532,,♦️ عراقچی در دیدار وزیر خارجه انگلیس: 🔹 سه کشور اروپایی به دلیل موضوع اسنپ بک و عدم اتخاذ موضع قاطع علیه تجاوز نظامی آمریکا باید پاسخگو باشند 🔹 اصرار بر مداخله در امور داخلی کشور‌ها و استفاده ابزاری از مفاهیم حقوق بشری به هیچ عنوان قابل پذیرش نیست جزئیات در 👇 👇 https://www.entekhab.ir/003wll 🆔 @Entekhab_ir,2026-09-25T09:12:16+00:00,0,fa
tg_entekhab,https://t.me/entekhab_ir/381531,,♦️ قالیباف: 🔹 شهادت، پاداش صبر، رفتار و مظلومیت شهید لاریجانی بود 🔹 رئیس مجلس شورای اسلامی در دیدار با خانواده شهید علی لاریجانی؛ دبیر فقید شورای عالی امنیت ملی و شهید مرتضی لاریجانی، ضمن تفقد و تجلیل از خانواده این شهدا گفت: شهادت، پاداش صبر، رفتار و مظلومیت شهید لاریجانی بود. جزئیات در 👇 👇 https://www.entekhab.ir/003wlo 🆔 @Entekhab_ir,2026-09-25T08:54:47+00:00,0,fa
tg_entekhab,https://t.me/entekhab_ir/381530,,♦️ سفارت مالزی در ایران: 🔹 پرواز مستقیم ایران و مالزی برقرار است 🔹 به‌دنبال بازگشت ایرانی‌ها هستیم جزئیات در 👇 👇 https://www.entekhab.ir/003wln 🆔 @Entekhab_ir,2026-09-25T08:42:30+00:00,0,fa
tg_entekhab,https://t.me/entekhab_ir/381529,,♦️ عبدی، سرمربی فوتبال امید: 🔹 همه تبعات فنی تیم امید را می‌پذیرم؛ دیگر برنمی‌گردم 🔹 می‌خواهم مدتی کنار خانواده‌ام باشم جزئیات در 👇 👇 https://www.entekhab.ir/003wlj 🆔 @Entekhab_ir,2026-09-25T08:30:19+00:00,0,fa
tg_entekhab,https://t.me/entekhab_ir/381528,,♦️ دیدار وزرای خارجه ایران و مصر در حاشیه مجمع عمومی سازمان ملل عراقچی: 🔹 هماهنگی‌ها بین کشور‌های منطقه، برای مقابله با توسعه‌طلبی و تعرضات رژیم صهیونیستی تقویت شود 🔹 سید عباس عراقچی، وزیر امور خارجه جمهوری اسلامی ایران که برای شرکت در اجلاس سالانه مجمع عمومی سازمان ملل متحد به نیویورک سفر کرده است، بعدازظهر روز پنج‌شنبه با بدر عبدالعاطی، وزیر امور خارجه مصر، دیدار کرد. جزئیات در 👇 👇 https://www.e...,2026-09-25T08:23:42+00:00,0,fa
tg_entekhab,https://t.me/entekhab_ir/381527,,♦️ شمار جانباختگان تصادف خونین در جاده قدیم ساوه - همدان به هشت نفر رسید 🔹 سرپرست روابط عمومی دانشکده علوم پزشکی ساوه گفت: شمار جانباختگان برخورد شاخ‌به‌شاخ ۲ خودروی سواری پژو و پراید در محور قدیم ساوه - همدان به هشت نفر رسید. جزئیات در 👇 👇 https://www.entekhab.ir/003wli 🆔 @Entekhab_ir,2026-09-25T07:57:11+00:00,0,fa
tg_entekhab,https://t.me/entekhab_ir/381526,,♦️ تحصیل فرزندان شهدای لامرد در دانشگاه آزاد تا مقطع دکتری رایگان شد 🔹 رنجبر، رئیس دانشگاه آزاد اسلامی، در آیین زنگ مهر دبستان سما در شهر لامرد اعلام کرد: دانش‌آموزان خانواده‌های شهدای حمله تروریستی آمریکا به لامرد می‌توانند تا پایان مقطع دکتری در دانشگاه آزاد اسلامی به‌صورت رایگان تحصیل کنند. 🆔 @Entekhab_ir,2026-09-25T07:56:44+00:00,0,fa
tg_entekhab,https://t.me/entekhab_ir/381525,,♦️ داده‌های ردیابی کشتی‌ها: 🔹 تعداد کشتی‌های حامل کالا که پنجشنبه از تنگه هرمز عبور کردند به کمتر از ۱۰ فروند رسید 🔹 داده‌های اولیه ردیابی کشتی‌ها در روز جمعه نشان داد که تردد کشتی‌ها از تنگه هرمز در روز پنجشنبه به ۹ فروند کاهش یافته است؛ این رقم در روز قبل ۱۴ فروند بود. / انتخاب جزئیات در 👇 👇 https://www.entekhab.ir/003wlg 🆔 @Entekhab_ir,2026-09-25T07:46:06+00:00,0,fa
tg_entekhab,https://t.me/entekhab_ir/381524,,♦️ ادعای نیویورک‌تایمز به نقل از عراقچی: 🔹 براساس پیشنهاد ایران در طول هفت روز تمام خصومت‌ها متوقف و آمریکا تحریم‌های مربوط به نفت ایران و محاصره را پایان خواهد داد؛ سپس در روز هفتم، تنگه بازگشایی خواهد شد 🔹 پس از پایان این هفت روز، مذاکرات جامع درباره برنامه…,2026-09-25T07:27:01+00:00,0,fa
tg_entekhab,https://t.me/entekhab_ir/381523,,🔹 تهران خنک می‌شود 🔹 آغاز موج بارندگی‌ها از امروز جزئیات در 👇 👇 https://www.entekhab.ir/003wle 🆔 @Entekhab_ir,2026-09-25T07:20:36+00:00,0,fa
tg_entekhab,https://t.me/entekhab_ir/381522,,♦️ ادعای نیویورک‌تایمز به نقل از عراقچی: 🔹 براساس پیشنهاد ایران در طول هفت روز تمام خصومت‌ها متوقف و آمریکا تحریم‌های مربوط به نفت ایران و محاصره را پایان خواهد داد؛ سپس در روز هفتم، تنگه بازگشایی خواهد شد 🔹 پس از پایان این هفت روز، مذاکرات جامع درباره برنامه هسته‌ای آغاز خواهد شد 🔹 بهتر خواهد بود اگر توافق پیش از انتخابات میان‌دوره‌ای حاصل شود 🔹 علی واعظ: جدول زمانی فشرده برای رسیدن به موضوع هسته...,2026-09-25T06:59:06+00:00,0,fa
tg_entekhab,https://t.me/entekhab_ir/381521,,♦️ رویترز: 🔹 مفتی اعظم عربستان از نیروهای نظامی خواست برای فدا کردن جان خود در جنگ با حوثی‌ها آماده باشند / انتخاب جزئیات در 👇 👇 https://www.entekhab.ir/003wlb 🆔 @Entekhab_ir,2026-09-25T06:25:53+00:00,0,fa
tg_entekhab,https://t.me/entekhab_ir/381520,,♦️ ۶ فوتی و ۲ مصدوم در سانحه رانندگی محور قدیم ساوه - همدان 🔹 رئیس مرکز حوادث و فوریت های پزشکی شهرستان ساوه گفت: برخورد ۲ دستگاه خودرو در محور قدیم ساوه - همدان ۶ کشته و ۲ مجروح برجای گذاشت. جزئیات در 👇 👇 https://www.entekhab.ir/003wlY 🆔 @Entekhab_ir,2026-09-25T06:00:05+00:00,0,fa
tg_entekhab,https://t.me/entekhab_ir/381519,,♦️ در گفت و گو با فاکس نیوز؛ 🔹 پزشکیان: تهران برای کاهش تنش‌های هسته‌ای، آمادگی دارد سطح غنی‌سازی خود را کاهش دهد و امکان راستی‌آزمایی خارجی را فراهم کند 🔹 آماده‌ایم همچنان مسیر تفاهم نامه را ادامه دهیم 🔹 نمی‌خواهیم این جنگ ادامه پیدا کند؛ این آمریکاست که باید انتخاب کند می‌خواهد به این وضعیت پایان دهد یا نه 🔹 استفاده از تصاویر ماهواره‌ای چین برای حمله به پایگاه آمریکا در اردن؟ از این موضوع اطلاع ...,2026-09-25T05:45:09+00:00,0,fa
tg_entekhab,https://t.me/entekhab_ir/381518,,♦️ گفتگوی رئیس جمهور و نخست وزیر پاکستان در مورد وضعیت تنگه هرمز و تحولات شبه‌جزیره عربستان؛ 🔹 پزشکیان: تداوم رایزنی‌ها و ابتکارات دیپلماتیک برای کاهش تنش‌ها و جلوگیری از گسترش دامنه بحران‌های منطقه‌ای اهمیت دارد 🔹 شهباز شریف: کاهش تنش‌ها و تقویت مسیر‌های دیپلماتیک برای دستیابی به صلح و ثبات پایدار ضرورت دارد 🔹 ما آماده تداوم ایفای نقشی سازنده و صادقانه در حمایت از صلح و ثبات منطقه‌ای هستیم جزئیات...,2026-09-25T05:35:12+00:00,0,fa
tg_entekhab,https://t.me/entekhab_ir/381516,,♦️ دیدار لاوروف و عراقچی مسکو: 🔹 دو طرف تاکید کردند که برای حل‌وفصل دیپلماتیک بحرانی که در پی اقدامات آمریکا و رژیم صهیونیستی ایجاد شده است، هیچ جایگزینی وجود ندارد 🔹 طبق گزارش المیادین، بر اساس اعلام وزارت امور خارجه روسیه، دو وزیر بر این موضوع تأکید کردند که برای حل‌وفصل دیپلماتیک بحرانی که در پی اقدامات غیرقانونی آمریکا و رژیم صهیونیستی ایجاد شده است، هیچ جایگزینی وجود ندارد. / انتخاب جزئیات در...,2026-09-25T05:15:08+00:00,0,fa
tg_entekhab,https://t.me/entekhab_ir/381515,,ان‌بی‌سی به نقل از عراقچی: 🔹 طرحی از طریق میانجی‌ها به مقام‌های آمریکایی ارائه شده که در صورت پذیرش، تنگه هرمز در پایان هفت روز باز خواهد شد و مذاکرات از سر گرفته می‌شود 🔹 این طرح می‌تواند به‌محض موافقت آمریکا آغاز شود 🔹 یکی از شروط این طرح، موافقت آمریکا با مسیر عبور دریایی از تنگه هرمز است که میان ایران و عمان بر سر آن توافق شده / انتخاب جزئیات در 👇 👇 https://www.entekhab.ir/003wlV 🆔 @Entekhab_i...,2026-09-25T05:01:31+00:00,0,fa
tg_tsepress,https://t.me/tsepress/90492,,🔴 مقام کاخ سفید: مذاکرات مثبت و سازنده‌ای از طریق میانجی‌ها در جریان است در واکنش به اظهارات عباس عراقچی، وزیر امور خارجه ایران، یک مقام کاخ سفید به CNN گفت مذاکراتی مثبت و سازنده از طریق میانجی‌ها درباره ایران در جریان است. این مقام افزود که آمریکا عجله‌ای برای دستیابی به توافق ندارد. @TsePress,2026-09-25T07:15:53+00:00,0,fa
tg_tsepress,https://t.me/tsepress/90490,,🔴 ادعای نیویورک تایمز: ایران طرحی ۷ روزه برای پایان جنگ پیشنهاد داد تهران از طریق واسطه‌ها، طرحی را به واشنگتن ارائه کرده است که شامل موارد زیر است: 🔹 توقف تمام درگیری‌ها به مدت ۷ روز، از جمله در لبنان. 🔹 آزادسازی بیش از ۱۲ میلیارد دلار از دارایی‌های مسدود شده ایران. 🔹 لغو تحریم‌های نفتی ایران و لغو محاصره دریایی. 🔹 بازگشایی تنگه هرمز در روز هفتم 🔹 آغاز مذاکرات جامع درباره برنامه هسته‌ای ایران بلا...,2026-09-25T06:50:17+00:00,0,fa
tg_kianmeli,https://t.me/kianmeli1/92473,,🔴 ارتش اسرائیل: انهدام مسیر زیرزمینی ۲ کیلومتری در جنوب غزه https://t.me/kianmeli1,2026-09-25T10:24:26+00:00,0,fa
tg_kianmeli,https://t.me/kianmeli1/92472,,🔴 جان کیریاکو، از کارکنان سابق سازمان سیا: اسرائیل هزاران افغان را در ایران با ۱۰۰ دلار برای جاسوسی به خدمت گرفت! صدها هزار پناهنده افغان در ایران هستند و هرگز تابعیت ایران را نخواهند گرفت، ناامیدند و اسرائیلی‌ها همین افراد را استخدام کرده‌اند. این‌طور…,2026-09-25T10:19:43+00:00,0,fa
tg_kianmeli,https://t.me/kianmeli1/92471,,🔴 ویدویی از مراسم جشن مجلل نود و ششمین سالگرد روز ملی عربستان سعودی در تهران کیک تولد آل سعود با همراهی معاون اجرایی رئیس‌جمهور بریده شد (این در حالی است که عربستان برای ساقط کردن سران جمهوری اسلامی اجازه داده بود از خاک عربستان به ایران استفاده شود) https://t.me/kianmeli1,2026-09-25T10:15:46+00:00,0,fa
tg_kianmeli,https://t.me/kianmeli1/92470,,🔴 سخنگوی سپاه: در صورت حمله جدید، تسلیحات متفاوتی را به کار می‌گیریم https://t.me/kianmeli1,2026-09-25T09:45:06+00:00,0,fa
tg_kianmeli,https://t.me/kianmeli1/92469,,🔴 مقامات رژیم اسلامی از سوی دولت آمریکا حتی از خرید کردن در جریان حضورشان در نیویورک برای مجمع عمومی سازمان ملل منع شده بودند... با این حال، به آن‌ها اجازه داده شد تا نشستی را با برخی از بلندگوهای تبلیغاتی محبوب خود در آمریکا برگزار کنند. نگار مرتضوی؟ راب مالی؟ فرناز فصیحی؟ تریتا پارسی؟ همه شما مایه ننگ هستید. https://t.me/kianmeli1,2026-09-25T09:42:21+00:00,0,fa
tg_kianmeli,https://t.me/kianmeli1/92468,,🔴 کانال ۱۴ اسراییل ایران از کره شمالی سلاح هسته ای خریده است https://t.me/kianmeli1,2026-09-25T09:33:35+00:00,0,fa
tg_kianmeli,https://t.me/kianmeli1/92467,,🔴 صبح امروز، در پی یک حمله پهپادی گسترده از سوی اوکراین، یکی از واحدهای پالایشگاه نفت «پرم» روسیه — که از بزرگ‌ترین پالایشگاه‌های این کشور به شمار می‌رود — دچار آتش‌سوزی شدید شده است. پالایشگاه پرم سالانه حدود ۵.۳ میلیون تن گازوئیل تولید می‌کند و یکی از شش پالایشگاه بزرگ تولید گازوئیل در روسیه است؛ مجموع تولید این شش پالایشگاه، تقریباً نیمی از کل تولید گازوئیل این کشور را تشکیل می‌دهد. https://t.m...,2026-09-25T04:16:13+00:00,0,fa
tg_kianmeli,https://t.me/kianmeli1/92466,,🔴 کلمبیا: تمامی روابط خود را با ایران قطع می‌کنیم https://t.me/kianmeli1,2026-09-25T04:01:06+00:00,0,fa
tg_eco_ehsan,https://t.me/eco_ehsan/9340,,عراقچی گفته اگه آمریکا شروط رو قبول کنه تنگه هرمز رو یه هفته‌ای باز می‌کنیم و وارد مذاکره می‌شیم @eco_ehsan,2026-09-25T08:10:21+00:00,0,fa
tg_eco_ehsan,https://t.me/eco_ehsan/9339,,عراقچی گفته اگه آمریکا شروط رو قبول کنه تنگه هرمز رو یه هفته‌ای باز می‌کنیم و وارد مذاکره می‌شیم @eco_ehsan,2026-09-25T08:02:35+00:00,0,fa
tg_parvaz_capital_tel,https://t.me/parvazcapital_tel/12540,,یکی از بزرگترین پلتفرم‌های طلای ایران به مشکل خورده و پول ملت رو نمیده! بارها و بارها در مورد این پلتفرم‌های آنلاین و چی‌چی گلدها هشدار دادیم. با سرمایتون بازی نکنید,2026-09-25T10:02:54+00:00,0,fa
tg_parvaz_capital_tel,https://t.me/parvazcapital_tel/12539,,ترامپ اومده بجای بایدن، عکس خودکار اتوماتیک رو گذاشته تو کاخ سفید 😂,2026-09-25T08:29:54+00:00,0,fa
the_war_zone,https://www.twz.com/air/a-sr-71-blackbird-has-vanished,An SR-71 Blackbird Has Vanished (Updated),The head of NASA just cryptically teased a new X-plane with an image that looked a lot like the iconic Blackbird. Now a very particular SR-71 is missing. The post An SR-71 Blackbird Has Vanished (Updated) appeared first on TWZ.,2026-09-25T00:43:52+00:00,0,en
the_war_zone,https://www.twz.com/news-features/france-sending-forces-to-help-defend-saudi-arabias-red-sea-oil-facilities,France Sending Forces To Help Defend Saudi Arabia’s Red Sea Oil Facilities,The French deployment marks the latest attempt by a European nation to help stabilize the supply of oil via military assistance. The post France Sending Forces To Help Defend Saudi Arabia’s Red Sea Oil Facilities appeared first on TWZ.,2026-09-24T23:34:08+00:00,0,en
aawsat,https://aawsat.com/node/5322465,من الشارع إلى الهاتف… الحوثيون يحاصرون ذكرى الثورة اليمنية,يحاصر الحوثيون احتفالات اليمنيين بثورتهم في الشوارع ويلاحقونها في الهواتف؛ وسط اعتقالات وتفتيش ورقابة مشددة بينما تتحول منصات التواصل إلى ساحة تحدٍّ شعبي للقيود,2026-09-25T10:02:18+00:00,0,ar
aawsat,https://aawsat.com/node/5322424,الأسهم الأوروبية تتجه لتحقيق مكاسب أسبوعية بدعم من تراجع النفط,ارتفعت الأسهم الأوروبية قليلاً يوم الجمعة، إذ تتجه لتحقيق مكاسب أسبوعية، بدعم من تراجع أسعار النفط، رغم استمرار حذر المستثمرين إزاء التطورات في الشرق الأوسط.,2026-09-25T08:35:45+00:00,0,ar
aawsat,https://aawsat.com/node/5322411,مقتل جنديَيْن إسرائيليَيْن في غزة بانفجار عرضي لمسيّرة,قُتل جنديان إسرائيليان في قطاع غزة، الخميس، جراء انفجار عرضي لطائرة مسيّرة إسرائيلية، وفق ما أعلن مسؤول عسكري الجمعة.,2026-09-25T07:42:23+00:00,0,ar
aawsat,https://aawsat.com/node/5322400,بزشكيان من فندق بنيويورك: لا نريد قتل ترمب... وخامنئي بصحة جيدة,في مشهد غير مألوف، عقد الرئيس الإيراني مسعود بزشكيان جلسة مع مجموعة من الصحافيين في أحد فنادق نيويورك.,2026-09-25T07:07:33+00:00,0,ar
al_jazeera,https://www.aljazeera.com/video/newsfeed/2026/9/25/rising-malnutrition-in-nigeria-as-us-war-on-iran-raises-food-costs?traffic_source=rss,Rising malnutrition in Nigeria as US war on Iran raises food costs,The war on Iran is raising the cost of living in Nigeria.,2026-09-25T10:10:33+00:00,0,en
al_jazeera,https://www.aljazeera.com/sports/2026/9/25/premier-league-and-la-liga-lead-fifa-reform-calls-after-infantino-plan?traffic_source=rss,Premier League and La Liga lead FIFA reform calls after ‘exploitative’ plan,"Europe's top leagues, from England, Spain, Italy and Germany, add pressure on Gianni Infantino after World Cup plan.",2026-09-25T10:00:17+00:00,0,en
al_jazeera,https://www.aljazeera.com/news/2026/9/25/iran-pitches-seven-day-roadmap-to-end-conflict-with-us?traffic_source=rss,Iran pitches seven-day roadmap to end conflict with US,"Tehran seeks rapid implementation failed ceasefire deal, offering to open Hormuz if regional conflicts halted.",2026-09-25T09:54:40+00:00,0,en
al_jazeera,https://www.aljazeera.com/news/2026/9/25/from-cheats-to-great-friendship-how-trumps-rhetoric-on-china-changed?traffic_source=rss,From ‘cheats’ to ‘great friendship’: How Trump’s rhetoric on China changed,Warmth on display in Washington contrasts significantly with the language Trump has used to characterise Beijing and Xi.,2026-09-25T09:46:18+00:00,0,en
al_jazeera,https://www.aljazeera.com/opinions/2026/9/25/switzerlands-neutrality-vote-is-asking-the-wrong-question?traffic_source=rss,Switzerland’s neutrality vote is asking the wrong question,The real question is what neutrality can still do for Switzerland.,2026-09-25T09:32:58+00:00,0,en
al_jazeera,https://www.aljazeera.com/video/newsfeed/2026/9/25/25-09-sv-nepal-balendra-shah-climate-justice-speech-np?traffic_source=rss,Nepal PM says global order is broken in fighting climate crisis,Nepal’s Prime Minister Balendra Shah was applauded at the UN General Assembly after his speech on climate crisis.,2026-09-25T09:11:52+00:00,0,en
al_jazeera,https://www.aljazeera.com/news/2026/9/25/saudi-arabia-allies-line-up-support-as-houthi-attacks-mount?traffic_source=rss,Saudi Arabia allies line up support as Houthi attacks mount,France is sending military to protect key Yanbu oil terminal; Pakistan and Turkiye to hold military talks with Riyadh.,2026-09-25T08:32:48+00:00,0,en
al_jazeera,https://www.aljazeera.com/video/newsfeed/2026/9/25/mamdani-plants-olive-tree-with-gaza-families?traffic_source=rss,Mamdani plants olive tree with Gaza families,New York Mayor Zohran Mamdani posted a video of himself planting an olive tree alongside Palestinian families from Gaza.,2026-09-25T07:55:41+00:00,0,en
al_jazeera,https://www.aljazeera.com/news/2026/9/25/pope-leo-heads-to-france-amid-assisted-dying-abuse-debates?traffic_source=rss,"Pope Leo heads to France amid assisted dying, abuse debates",First papal state visit to country in 18 years comes as church confronts contentious issues.,2026-09-25T07:41:24+00:00,0,en
al_jazeera,https://www.aljazeera.com/news/2026/9/25/nepals-leader-labels-devastating-flood-a-warning-to-the-world?traffic_source=rss,Nepal’s leader labels devastating flood a ‘warning to the world’,Prime Minister Balendra Shah says world leaders must act on climate change.,2026-09-25T06:56:51+00:00,0,en
al_jazeera,https://www.aljazeera.com/sports/2026/9/25/israels-abu-farchi-sent-off-for-gun-celebration-in-nations-league-match?traffic_source=rss,Israel’s Abu Farchi sent off for gun celebration in Nations League match,Israel footballer Sayed Abu Farchi was sent off for goal celebration mimicking shooting a gun in match against Austria.,2026-09-25T06:44:31+00:00,0,en
al_jazeera,https://www.aljazeera.com/video/newsfeed/2026/9/25/converging-crises-chaos-and-walkouts-dominate-unga-day-three?traffic_source=rss,"Converging crises, chaos and walkouts dominate UNGA Day Three","Dozens of delegates walked out on Netanyahu, Yemen’s government pleaded for help, and Kuwait riled against threats.",2026-09-25T06:28:00+00:00,0,en
al_jazeera,https://www.aljazeera.com/news/2026/9/25/hurricane-polo-lashes-mexico-as-nolo-strengthens-near-hawaii?traffic_source=rss,Hurricane Polo lashes Mexico as Nolo strengthens near Hawaii,"Mexico's southwestern communities brace for Hurricane Polo, while Hawaii faces its third hurricane threat of the year.",2026-09-25T06:00:15+00:00,0,en
al_jazeera,https://www.aljazeera.com/economy/2026/9/25/japan-moves-to-tighten-rules-for-foreigners-throwing-futures-into-doubt?traffic_source=rss,"Japan moves to tighten rules for foreigners, throwing futures into doubt",Tokyo is raising the bar for permanent residency amid a broader rightward shift in the Asian nation's politics.,2026-09-25T05:59:26+00:00,0,en
al_jazeera,https://www.aljazeera.com/news/2026/9/25/tata-v-tata-whats-behind-indias-big-boardroom-brawl?traffic_source=rss,Tata v Tata: What’s behind India’s big boardroom brawl?,India's most famous conglomerate is knee-deep in feuds over who gets to decide the Tata Group's future.,2026-09-25T05:22:23+00:00,0,en
al_jazeera,https://www.aljazeera.com/video/newsfeed/2026/9/25/multiple-regions-in-russia-come-under-ukrainian-drone-attacks?traffic_source=rss,Multiple regions in Russia come under Ukrainian drone attacks,Ukraine has targeted an industrial plant in Russia's Perm region with a massive drone swarm.,2026-09-25T05:18:35+00:00,0,en
al_jazeera,https://www.aljazeera.com/video/newsfeed/2026/9/25/israeli-football-player-sent-off-after-gun-firing-goal-celebration?traffic_source=rss,Israeli football player sent off after gun-firing goal celebration,Israeli footballer Saied Abu Farchi has been sent off during a Nations League match after using a corner flag.,2026-09-25T05:09:54+00:00,0,en
al_jazeera,https://www.aljazeera.com/news/2026/9/25/pakistani-forces-kill-afghan-taliban-fighters-in-border-escalation?traffic_source=rss,Pakistani forces kill Afghan Taliban fighters in border escalation,Pakistan's security forces report ongoing cross-border fire in latest fighting with Afghanistan.,2026-09-25T04:22:10+00:00,0,en
al_jazeera,https://www.aljazeera.com/video/newsfeed/2026/9/25/jewish-protestors-join-free-palestine-march-to-denounce-netanyahu?traffic_source=rss,Jewish protestors join Free Palestine march to denounce Netanyahu,"Al Jazeera’s Emma Withrow reports from a Free Palestine march, where Jewish demonstrators rejected Netanyahu.",2026-09-25T03:49:43+00:00,0,en
al_jazeera,https://www.aljazeera.com/news/2026/9/25/young-men-flee-tigray-amid-fears-of-forced-recruitment?traffic_source=rss,Young men flee Tigray amid fears of forced recruitment,"Years after the war, unresolved tensions are again leaving young people fearful of being drawn into fighting.",2026-09-25T03:45:06+00:00,0,en
al_manar,https://almanar.com.lb/article/1206377/,الخارجية القطرية: رئيس الوزراء وزير الخارجية استعرض مع الرئيس الإيراني في نيويورك الجهود المبذولة لخفض التصعيد,,2026-09-25T10:25:59+00:00,0,ar
al_manar,https://almanar.com.lb/article/1206367/,الرئيس جوزاف عون: حماية المسعفين والطواقم الطبية ليست مسألة اختيار,أكد رئيس الجمهورية جوزاف عون أن حماية المسعفين والطواقم الطبية والإنسانية وضمان وصولهم الآمن إلى المحتاجين ليست مسألة اختيار، مشددًا على أنه «من غير الجائز أن يصبح المسعف هو نفسه هدفًا». وخلال كلمته في المؤتمر الإقليمي الثاني عشر للصليب الأحمر والهلال الأحمر في الشرق الأوسط وشمال أفريقيا في بيروت، حيّا عون تضحيات المسعفين، مشيرًا إلى …,2026-09-25T10:24:56+00:00,0,ar
al_manar,https://almanar.com.lb/article/1206252/,النائب حسن فضل الله: لم نقفل الأبواب أمام الحل السياسي لكننا نرفض الخضوع,أكد عضو كتلة الوفاء للمقاومة النائب حسن فضل الله أن المعركة الأساسية اليوم هي تحرير الأرض وحماية الشعب والعودة إلى القرى والبلدات الجنوبية وإعادة إعمارها، مشددًا على أن حزب الله وحركة أمل لم يقفلا الأبواب أمام الحل السياسي، لكنهما يرفضان الخضوع والاستسلام. وخلال احتفال تأبيني أقامه حزب الله للمربي الأسير المحرر رفيق أحمد شرارة في …,2026-09-25T10:22:42+00:00,0,ar
al_manar,https://almanar.com.lb/article/1206352/,“اتحاد الوفاء”: نرفض تحويل العمال إلى صندوق لتمويل الدولة,اعلن اتحاد الوفاء لنقابات العمال والمستخدمين في لبنان، ان “ارتفاع الأسعار لم يعد أزمة معيشية عابرة، بل تحوّل إلى سياسة استنزاف يومية تطحن أجور العمال وتدفع الأسر اللبنانية إلى العجز والفقر، فيما تقف السلطة متفرجة، بل وتشارك عملياً في تعميق الأزمة عبر الضرائب والرسوم”. واشار في بيان الى ان “الأرقام المنشورة أخيراً تكشف حجم الكارثة: …,2026-09-25T10:22:22+00:00,0,ar
al_manar,https://almanar.com.lb/article/1206332/,بالفيديو | قصف مدفعي معادي يستهدف أطراف زوطر الشرقية جنوبي لبنان,استهدف قصف مدفعي إسرائيلي أطراف بلدة زوطر الشرقية جنوبي لبنان.,2026-09-25T10:20:42+00:00,0,ar
al_manar,https://almanar.com.lb/article/1206327/,العلامة فضل الله: على الدولة دراسة خياراتها في التعامل مع المرحلة المقبلة وألا يبقى رهانها على مفاوضات يتنصل العدو منها,ألقى العلامة السيّد علي فضل الله خطبتي صلاة الجمعة من على منبر مسجد الإمامين الحسنين في حارة حريك، في حضور شخصيّات علمائيّة وسياسيّة واجتماعيّة، وحشدٍ من المؤمنين. ومما جاء في خطبته السياسية: “عباد الله، أوصيكم وأوصي نفسي بوصيّة رسول الله عندما قال: “عِباد اللهِ، مَن نَقَلَهُ اللهُ مِن ذُلِّ المَعاصي إِلى عِزِّ الطّاعَةِ، أَغْناهُ بِلا …,2026-09-25T10:19:51+00:00,0,ar
al_manar,https://almanar.com.lb/article/1206312/,بالفيديو | “دبلوماسي إسرائيلي” ظهر وكأنه يسجل أسماء المغادرين خلال خطاب نتنياهو في الأمم المتحدة,بالتزامن مع مغادرة عدد كبير من الوفود الدبلوماسية قاعة الجمعية العامة للأمم المتحدة أثناء خطاب رئيس حكومة الاحتلال بنيامين نتنياهو، أظهر مقطع فيديو دبلوماسيًا إسرائيليًا بدا وكأنه يسجل لائحة بأسماء الحاضرين والمغادرين.,2026-09-25T10:17:48+00:00,0,ar
al_manar,https://almanar.com.lb/article/1206287/,بالفيديو | تكريم جرحى البيجر وأسر شهداء المخيم في بعلبك,في رحاب الذكرى السنوية لاستشهاد سيد شهداء الأمة السيد حسن نصرالله وذكرى جرحى البيجر، أقامت الجبهة الشعبية لتحرير فلسطين – القيادة العامة حفل تكريم لعدد من جرحى البيجر وأسر شهداء المخيم في مخيم الجليل ببعلبك. وأكدت الكلمات في المناسبة على وحدة الصف الفلسطيني اللبناني، وضرورة مواجهة العدو الإسرائيلي والأميركي، والتمسك بنهج السيد حسن نصرالله، فيما …,2026-09-25T10:13:02+00:00,0,ar
al_manar,https://almanar.com.lb/article/1206272/,مصادر فلسطينية: تجدد القصف المدفعي جنوبي مدينة خان يونس جنوبي قطاع غزة ووسط قطاع غزة,,2026-09-25T10:07:22+00:00,0,ar
al_manar,https://almanar.com.lb/article/1206242/,المفتي قبلان للدولة اللبنانية: أنظروا إلى حال بلدكم ها هو في أسوأ قعر اجتماعي واقتصادي ووطني وأخلاقي ومهني,ألقى المفتي الجعفري الممتاز الشيخ أحمد قبلان خطبة الجمعة في مسجد الإمام الحسين، في برج البراجنة، توجّه في قسمها السياسي “للدولة اللبنانية بأسرها” بالقول:”انظروا إلى حال بلدكم، ها هو في أسوأ قعر اجتماعي واقتصادي ووطني وأخلاقي ومهني، حيث يعاني ناسه اليوم من نهب المال العام ومزرعة الانتقاء والتهريب الحكومي وسياسة الإفقار والضرائب المقنّعة ومزاريب الهدر، …,2026-09-25T10:03:21+00:00,0,ar
al_monitor,https://www.al-monitor.com/originals/2026/09/west-bank-art-centre-palestinian-children-paint-hopes-beyond-checkpoints,"In West Bank art centre, Palestinian children paint hopes beyond checkpoints","By Pesha Magid JERUSALEM, Sept 25 (Reuters) - On the outskirts of Hebron in the occupied West Bank, a Palestinian woman has transformed her home into an art centre where children use drawing to process their experiences of settler violence and Israeli military raids. Artist Sarah Abu Madi says she founded the centre - Rommana, meaning pomegranate in Arabic - in 2020 to give local children a place ...",2026-09-25T07:46:30+00:00,0,en
al_monitor,https://www.al-monitor.com/originals/2026/09/allies-unite-behind-saudi-arabia-houthis-step-attacks,Allies unite behind Saudi Arabia as Houthis step up attacks,"By Timour Azhari and Hatem Maher RIYADH/CAIRO, Sept 25 (Reuters) - Saudi, Turkish and Pakistani military chiefs are to meet to discuss how to support Saudi Arabia under a joint defence pact, after Saudi's top religious authority told troops to be ready to lay down their lives to fight Yemen's Iran-aligned Houthis.",2026-09-25T02:46:28+00:00,0,en
al_monitor,https://www.al-monitor.com/originals/2026/09/russian-iranian-foreign-ministers-say-only-diplomatic-solution-conflict-around,"Russian, Iranian foreign ministers say only diplomatic solution to conflict around Iran","Sept 25 (Reuters) - Russian Foreign Minister Sergei Lavrov and his Iranian counterpart met on Thursday and Moscow said both agreed that only a diplomatic settlement could end tension in the Middle East sparked by the US-Israeli war against Iran. ""Current regional and international issues were discussed with emphasis on the situation around Iran,"" Russia's Foreign Ministry said in a statement after...",2026-09-25T01:46:34+00:00,0,en
al_monitor,https://www.al-monitor.com/originals/2026/09/saudi-grand-mufti-tells-troops-be-ready-sacrifice-their-lives-fighting-houthis,Saudi Grand Mufti tells troops to be ready to sacrifice their lives fighting Houthis,"By Timour Azhari and Hatem Maher RIYADH, Sept 25 (Reuters) - Saudi Arabia's top religious authority called on soldiers in the kingdom to be ready to lay down their lives to fight the Iran-backed Houthis until the group is ousted from power, a statement posted on the Saudi state news agency said. The rare and strongly worded message by Saudi Grand Mufti SheikhSaleh bin Fawzan Al-Fawzan was addresse...",2026-09-25T00:46:30+00:00,0,en
al_monitor,https://www.al-monitor.com/originals/2026/09/britain-warns-iran-it-will-not-tolerate-hostile-activity-uk-soil,Britain warns Iran it will not tolerate hostile activity on UK soil,"Sept 24 (Reuters) - Britain's foreign minister met his Iranian counterpart on the sidelines of the UN General Assembly in New York and told him his country would ""not tolerate intimidation, threats or hostile activity on UK soil"" from groups linked to Iran. British Foreign Secretary Ed Miliband and Iranian Foreign Minister Abbas Araqchi also discussed the war in the Middle East, the importance of ...",2026-09-24T23:46:32+00:00,0,en
al_monitor,https://www.al-monitor.com/originals/2026/09/irans-president-says-it-us-choose-if-it-wants-end-iran-war,Iran's president says it is up to US to choose if it wants to end Iran war,"By Kanishka Singh WASHINGTON, Sept 24 (Reuters) - Iranian President Masoud Pezeshkian said it was up to the United States to choose when the Iran war will end, when asked if the conflict could end by the end of the year. • ""But we do not wish to continue. It's America that must choose whether it wants to end this or not,"" Pezeshkian said, responding to the question in an interview aired on Thursda...",2026-09-24T23:46:32+00:00,0,en
al_monitor,https://www.al-monitor.com/originals/2026/09/us-must-choose-whether-end-war-iran-president-fox-news,US 'must choose' whether to end war: Iran president to Fox News,"It is for the United States to choose whether to end its war in Iran as Tehran does not wish to continue fighting, Iranian President Masoud Pezeshkian told Fox News in an interview aired Thursday. Pezeshkian took a defiant stand at the UN Wednesday, for which he travelled to New York, telling the world that Iran would not ""bend at the knee"" to Washington -- even as US President Donald Trump acknow...",2026-09-24T23:30:26+00:00,0,en
ap_gnews,https://news.google.com/rss/articles/CBMiqgFBVV95cUxNcGplQ0xCNXg0TUFIQ0o1TVFITTZ6TmZwbkVRSjBNX3FGcmc0RHJrMFFWMG5TeWVGdWFUNW51eGE0Xzh3aFlqUEx4WkJQaGRqM3JHTE1sTFN6UUhyS0k4Z1M2eHdhZVpudm54VnJOMm5jQy1iZjlyVXl6YXdubHJUWGR0cGNrUzJBSFdJemhnQVNWVDYyTThVLXJqa0xDcEFocjRwVkRqemxkdw?oc=5,"Board of Peace has met with UNRWA despite saying it has no Gaza role, agency's ex-chief says - apnews.com","Board of Peace has met with UNRWA despite saying it has no Gaza role, agency's ex-chief says &nbsp;&nbsp; apnews.com",2026-09-25T06:10:00+00:00,0,en
reuters_gnews,https://news.google.com/rss/articles/CBMirwFBVV95cUxOSktoVFV5TmFoZFFlNGJOdHNQbl9ZNWVfOFVvRTN2UXpLMlBhSnZ6ZVZLdFNlRU5CR3RjaHYxWDJRclcyb1lrVzh1WG83MWtmcjRyVnpRdTZIcTdtY01WRlFaVXZ5aWFBSXgzdk9LdzZNdmlQWHJlUmJuci1TSFI1bWRtYXJwYWdEYjBVMHJlVnpYbndpR1lQbllKNkphM0t1SmhXaXNYQmVncDFVOHFJ?oc=5,Allies unite behind Saudi Arabia as Houthis step up attacks - Reuters,Allies unite behind Saudi Arabia as Houthis step up attacks &nbsp;&nbsp; Reuters,2026-09-25T01:54:00+00:00,0,en
reuters_gnews,https://news.google.com/rss/articles/CBMixAFBVV95cUxQV3EzX3oydnQxRk5Ld1BKbk82ek14ZVdyLVpTdldjdEpqeDJfTVZ2Q0F1TnhvaWlhR1p0Z3hScDV0S2Z1UFR5OXhKSWk3NmtqTzd0SkJfa2RLRFpOOUlEcE5mR1d4Z21Td2FCQVZqNHV1eDloQkplT1NHaHhyTDlqOG5DYlFFdnRERThxNU0yX29LcTRyal9pMHQ4ZzNoU0VKZkdHN2hFYjhCZUpZZ3d2am11SDJYYVBiN0JxWVBtczNRYkh1?oc=5,Oil slides as US-Iran truce hopes outweigh Houthi attacks on Saudi Arabia - Reuters,Oil slides as US-Iran truce hopes outweigh Houthi attacks on Saudi Arabia &nbsp;&nbsp; Reuters,2026-09-25T01:11:00+00:00,0,en
reuters_gnews,https://news.google.com/rss/articles/CBMizAFBVV95cUxNVWhvaDZsMTZLcDdLUWxBV0twQ1d1NWFUdHduZWhmUlp6NW01ODFLQVJDZjVQcEtydk5VR1FKMUo4YU9wNHY3bGRQdGRFUFhLT1FGMWNkWVMyQkVZZjQ5ZEJpalVkWjA2RXJoaG5QSkJHLTZ2MVJOMTBFWm1NcW1Hamh0ejBTdU42c1BxTS0tdXJYTFBNRXdJNFZSN0xLU0RYUGFDcXBfeFdRQ3ViUGVSd2I3b0ZQb0lneEdlNm1ZVXBrN1lmekhCajBXemg?oc=5,"Russian, Iranian foreign ministers say only diplomatic solution to conflict around Iran - Reuters","Russian, Iranian foreign ministers say only diplomatic solution to conflict around Iran &nbsp;&nbsp; Reuters",2026-09-25T00:58:00+00:00,0,en
reuters_gnews,https://news.google.com/rss/articles/CBMizAFBVV95cUxPTXZJVk41ZE5xYUdhR0dIQjd0eVNzaWlmNVd3VmNNZTEyc2dZOWlnZm1nYW9xU19UNTNia0ZLaDUya2xYcXpYRW1tcUJVa0phSUlfOU82SXJHZjc1WHJTUFV5MkNRZUJ0LXFOSG8zRUswZGtJbHktVkZPeGJKd1lUMVBldUlwbGlXOW5qYm1VbnhJVU9QQ0x3Z1ZtNVpjMTVRNXZOZTJvbHZyNjZINzBYc3hvYVpWRndIbldwWjBCUDhJMnhyWVNmTkhxVUU?oc=5,Saudi Grand Mufti tells troops to be ready to sacrifice their lives fighting Houthis - Reuters,Saudi Grand Mufti tells troops to be ready to sacrifice their lives fighting Houthis &nbsp;&nbsp; Reuters,2026-09-25T00:17:00+00:00,0,en
reuters_gnews,https://news.google.com/rss/articles/CBMiugFBVV95cUxOb21pSm1ydXhYbXJ1SFNldm9vNm5nS0t3bmhGczZBS1Vfd3QwMTRJcnExUUY5cXh1OEZ4aDVSbDE2eFAtYk03Y0RfS1VROXZSV21mWkNwRUdjYWxqa2dzNVpVbWVxNGxEalNZc01qa3JVa1FGd3JVbXY4Ujdtb1dQcWFFdlVEUngyZng4WTlMZjhEa2dJVGY5OHhqNXFpZGxxVlFWLWl5d3FtNGV4aXdpYWVYaWQtMFI0dmc?oc=5,Iran's president says it is up to US to choose if it wants to end Iran war - Reuters,Iran's president says it is up to US to choose if it wants to end Iran war &nbsp;&nbsp; Reuters,2026-09-24T23:42:35+00:00,0,en
reuters_gnews,https://news.google.com/rss/articles/CBMixgFBVV95cUxPZmt3OWdYdUxlUXlJa0h6T0lndm5xUDBvRjg0M0plMzcxOThXT2lIaUNSY1NnczJYOEpwa3dYcGZWT2NGc0R3VGNHeVRJb0N5dS16V2FHamQyWkFuRkpSdXNIQk5CUk13dGU3NW1UNF9IdzFHSlFuOHpJRS1KZk1Hal9XNDFHbTlybmwxaUZsZmlINjRGZ29PekZNNFBpMHBabkxMelNBb1NPWk04Y3FYcU83QVR1T0xKTTJXeURIT1pwdDdJYUE?oc=5,Britain warns Iran it will not tolerate hostile activity on UK soil - Reuters,Britain warns Iran it will not tolerate hostile activity on UK soil &nbsp;&nbsp; Reuters,2026-09-24T23:01:00+00:00,0,en
aviationist,https://theaviationist.com/2026/09/25/bomb-markings-on-thai-f-16s/,Bomb Markings On Thai F-16s Shed New Light On Cambodia Combat Operations,"Mission markings appearing on Royal Thai Air Force F-16s offer new clues about the weapons and aircraft employed during the 2025 fighting with Cambodia, which also saw the Gripen’s combat debut and strikes involving T-50THs. In the summer of 2025, a border incident broke out between the two Southeast Asian countries of Thailand and Cambodia. […]",2026-09-25T09:53:04+00:00,0,en
dw,https://www.dw.com/en/unga-day-3-netanyahu-defends-israel-as-delegates-walk-out/live-79366211?maca=en-rss-en-all-1573-rdf,UNGA Day 3: Netanyahu defends Israel as delegates walk out,"Prime Minister Benjamin Netanyahu called accusing Israel of genocide in Gaza the ""greatest lie of the century."" Many delegates walked out for his General Assembly speech. Mahmoud Abbas also spoke via video.",2026-09-24T19:11:00+00:00,0,en
france24,https://www.france24.com/en/middle-east/20260924-live-iran-s-president-says-us-must-choose-whether-to-end-war,"Live: Saudi Arabia, Turkey, Pakistan to hold urgent meeting over Houthi attacks","​Saudi Arabia, Turkey and Pakistan will hold an urgent, high-level meeting under a joint defence pact to discuss ways to support the Gulf kingdom amid attacks by Yemen's Houthis, the Saudi foreign ministry said Friday. In New York, Iranian President Masoud Pezeshkian told Fox News that it was up to the US to choose whether to end the Iran war. Follow our liveblog for the latest updates.",2026-09-24T23:52:57+00:00,0,en
france24,https://www.france24.com/en/middle-east/20260924-saudi-houthi-attacks-france-oil-port,Saudi reports fresh Houthi attacks as France pledges to defend key oil port,"Saudi Arabia intercepted Houthi ballistic missiles on Thursday after warning several regions, including Mecca, of possible attacks. France said it would send military assets to help protect the Saudi oil terminal at Yanbu. The strikes came amid renewed fighting in Yemen that has killed dozens, according to sources cited by AFP.",2026-09-24T23:34:29+00:00,0,en
haaretz,https://www.haaretz.com/israel-news/israel-security/2026-09-25/ty-article/.premium/report-israeli-defense-officials-had-urgent-meeting-on-gaza-weeks-before-oct-7/000001a0-d73f-d7ef-a5bd-ff7f15f20000,Former Israel-Hamas mediator says Israeli defense officials had urgent meeting on Gaza weeks before Oct. 7,"Sufian Abu Zaida, dubbed 'Coal Eyes,' said he conveyed the Hamas leader's threat to his Israeli contacts 22 days before the October 7 attack, receiving a call less than half an hour later before being called into an urgent meeting with officials",2026-09-25T09:36:03+00:00,0,en
haaretz,https://www.haaretz.com/israel-news/holylandings/2026-09-25/ty-article-magazine/.highlight/our-kids-go-to-forest-school-if-israel-wont-accept-that-we-may-leave/000001a0-d717-dfbb-afa4-f75749f60000,"'Our kids go to forest kindergarten. If Israel's education system won't accept that, we may leave'","This week at Ben-Gurion Airport: Two very involved dads who will do anything for their children's well-being, and an 18-year-old who got the VIP treatment on a Lisbon adventure",2026-09-25T08:19:51+00:00,0,en
haaretz,https://www.haaretz.com/israel-news/israel-crime/2026-09-25/ty-article/.premium/woman-dies-after-being-found-with-signs-of-violence-in-haifa-partner-arrested/000001a0-d76f-da57-a1f3-d77f42220000,"Woman dies after being found with signs of violence outside Haifa home, partner suspected of murder",A woman in her 30s died after being found with signs of violence outside her Haifa home. Her partner was arrested on suspicion of murder. Police are seeking to extend his detention. Twenty women have been killed in Israel this year,2026-09-25T07:51:36+00:00,0,en
haaretz,https://www.haaretz.com/israel-news/israel-politics/2026-09-25/ty-article-magazine/.premium/israel-shouldnt-ban-arab-leader-sami-abu-shehadeh-it-should-learn-from-him/000001a0-d376-dcb9-a9a4-f3761fcb0000,Israel shouldn't ban Arab leader Sami Abu Shehadeh. It should learn from him,"I too chafed when Balad party leader Sami Abu Shehadeh used the word 'resistance' instead of 'Hamas.' But not only has he expressed regret, he stands in stark contrast to members of the Israeli government who have actually helped support terrorism",2026-09-25T07:15:37+00:00,0,en
haaretz,https://www.haaretz.com/israel-news/security-aviation/2026-09-25/ty-article/.premium/netanyahu-aide-vibe-codes-ai-monitoring-tool-for-pm-wife-exposing-risky-data/000001a0-d36f-d4d3-a1b0-f37fee250000,"Netanyahu's media adviser used Claude to vibe code a monitoring tool for PM, wife - exposing media priorities and risky data",The tool scanned dozens of channels every 90 seconds and fired off alerts about Sara Netanyahu to a dedicated WhatsApp group. The code behind it reveals the sources of information feeding the Netanyahu couple's media diet,2026-09-25T07:10:13+00:00,0,en
haaretz,https://www.haaretz.com/israel-news/israel-security/2026-09-25/ty-article-magazine/.highlight/the-israeli-occupation-is-a-ticking-time-bomb-this-time-in-syria/000001a0-d30d-d72e-a7e0-f3bd5a580000,"The Israeli occupation is a ticking time bomb. This time, in Syria","Nighttime raids, unwarranted arrests and farmers barred from their land. Syrians who once welcomed Israeli aid now fear its troops, and experts warn that occupation creates the very threats it was meant to prevent",2026-09-25T05:32:30+00:00,0,en
haaretz,https://www.haaretz.com/israel-news/israel-security/2026-09-25/ty-article/.premium/no-no-no/000001a0-d614-db4b-a7a5-d676b3c10000,Two reservists killed in northern Gaza as recovered IDF drone explodes,"Master Sgt. Nadav Kali, 24, from Jerusalem, and 23-year-old Master Sgt. Ofek Moalem were killed after an IDF drone crashed at an IDF outpost in the northern Gaza Strip. They subsequently picked it up, at which point it detonated",2026-09-25T05:22:57+00:00,0,en
haaretz,https://www.haaretz.com/israel-news/israel-politics/2026-09-25/ty-article/.premium/stop-the-cannibalizing-how-eisenkot-plans-to-destroy-netanyahus-coalition/000001a0-d545-d259-a3b4-dddd5f910000,Stop the cannibalizing: How Eisenkot plans to destroy Netanyahu's coalition,Eisenkot urges rivals to stop devouring each other and push right-wing fringe parties below the threshold - while Netanyahu panics over his losing grip on the right,2026-09-25T03:00:21+00:00,0,en
haaretz,https://www.haaretz.com/israel-news/israel-security/2026-09-25/ty-article/.premium/israel-ignores-settler-violence-and-global-isolation-fixates-on-phantom-threats/000001a0-d545-dc75-a3f6-df4516560000,"Ignoring settler violence and global isolation, Israel fixates on phantom threats",Likud plays fast and loose with reality while ignoring waning U.S. support ◼︎ Rising West Bank violence brings new HQs ◼︎ An endless war is used to mute public criticism ◼︎ Netanyahu skips a submarine arrival to avoid a past corruption scandal,2026-09-25T02:59:48+00:00,0,en
haaretz,https://www.haaretz.com/israel-news/culture/leisure/2026-09-25/ty-article/.premium/rapper-macklemore-announces-free-palestine-concert-tour/000001a0-d549-dc75-a3f6-df4d07cc0000,Rapper Macklemore announces 'Free Palestine' tour after being dropped by Ed Sheeran,Grammy-winning American performer said he would donate his entire $1 million fee to pro-Palestinian organizations,2026-09-25T00:50:14+00:00,0,en
haaretz,https://www.haaretz.com/israel-news/israel-security/2026-09-25/ty-article/.premium/why-ben-gvirs-police-recruitment-drive-failed-to-fix-a-2-000-officer-deficit/000001a0-d250-d810-a5b0-f35a576a0000,"Why Ben-Gvir's Israel Police recruitment drive is failing to fix a 2,000-officer deficit",Lower entry standards and high departure rates leave core stations understaffed despite record hiring claims,2026-09-24T23:34:43+00:00,0,en
iran_international,https://www.iranintl.com/en/202609251983,"Saudi Arabia, UAE urge Trump to maintain pressure on Iran - WSJ","Saudi Arabia and the United Arab Emirates are urging Washington to maintain sanctions and its naval blockade of Iran, complicating efforts to restart peace talks as attacks threaten their oil exports, The Wall Street Journal reported.",2026-09-25T07:54:24+00:00,0,en
iran_international,https://www.iranintl.com/en/202609255891,Iranians report SIM cards blocked over political posts and likes,"Social media users in Iran say their phone lines have been cut off after posting political content or liking posts on Instagram, extending a practice previously reported among political activists and journalists.",2026-09-25T01:47:21+00:00,0,en
maariv,https://www.maariv.co.il/breaking-news/article-1370693,בסביבת איזנקוט בטוחים: אם וינטר עובר את אחוז החסימה - זה מה שיקרה מיד אחרי,,2026-09-25T10:15:56+00:00,0,he
maariv,https://www.maariv.co.il/breaking-news/article-1370692,"גבר בן 35 נפצע במהלך עבודתו בבאר שבע, מצבו קשה",,2026-09-25T10:11:31+00:00,0,he
maariv,https://www.maariv.co.il/breaking-news/article-1370691,"ראש הממשלה נתניהו: ""כואבים את נפילתם של נגב ואופק, יש להפיק את כל הלקחים""",,2026-09-25T10:08:59+00:00,0,he
maariv,https://www.maariv.co.il/breaking-news/article-1370690,"צה""ל: הושמד תוואי תת-קרקעי באורך 2 ק""מ בדרום הרצועה",,2026-09-25T10:04:48+00:00,0,he
maariv,https://www.maariv.co.il/breaking-news/article-1370687,"הסנגור של רוצח ראש המאפיה הקווקזית: ""מרשי כופר במיוחס לו""",,2026-09-25T09:56:18+00:00,0,he
maariv,https://www.maariv.co.il/breaking-news/article-1370686,בהרכב של 9 שופטים: יש תאריך לדיון בעניין פסילת הרשימה המשותפת ועופר כסיף,,2026-09-25T09:50:18+00:00,0,he
maariv,https://www.maariv.co.il/breaking-news/article-1370685,קריית ים: גבר בן 42 נפצע קשה באירוע אלימות,,2026-09-25T09:45:20+00:00,0,he
maariv,https://www.maariv.co.il/breaking-news/article-1370684,"מומחית תורת המשחקים צפתה בנאום של נתניהו וקבעה: ""עובר עליו משהו חריג""",,2026-09-25T09:43:52+00:00,0,he
maariv,https://www.maariv.co.il/breaking-news/article-1370683,ההחלטה והסערה: בסקסוניה החליטו לא לאפשר הצבת אבני זכרון במדרכות העיר,,2026-09-25T09:41:37+00:00,0,he
maariv,https://www.maariv.co.il/breaking-news/article-1370682,"צה""ל ומג""ב איו""ש אטמו את ביתו של המחבל שרצח את נתנאל שוקרון ז""ל",,2026-09-25T09:39:52+00:00,0,he
maariv,https://www.maariv.co.il/breaking-news/article-1370676,רהוט ומשכנע: אבל שני רמזים בנאומו של נתניהו אומרים הכל,,2026-09-25T09:27:49+00:00,0,he
maariv,https://www.maariv.co.il/breaking-news/article-1370673,"צה""ל: שני מחבלי חמאס חוסלו, בהם מפקד שלקח חלק בהעברת מיליוני שקלים לארגון",,2026-09-25T09:15:43+00:00,0,he
maariv,https://www.maariv.co.il/breaking-news/article-1370671,"חשד בהחזקת תכנים פורנוגרפיים של קטינים: תושב חדרה נעצר, מתנהלת חקירה גם בצה""ל",,2026-09-25T09:14:04+00:00,0,he
maariv,https://www.maariv.co.il/breaking-news/article-1370667,העימותים המזוינים חודשו: משרד החוץ באזהרה חמורה בנוגע לצפון אתיופיה,,2026-09-25T08:57:42+00:00,0,he
maariv,https://www.maariv.co.il/breaking-news/article-1370661,"האדמה רועדת בניו יורק: ""כולם בורחים עם הכסף - זה גן העדן החדש""",,2026-09-25T08:35:31+00:00,0,he
maariv,https://www.maariv.co.il/breaking-news/article-1370657,שלושה קטינים נעצרו בדרום תל אביב בגין חשד לתקיפה וניסיונות שוד,,2026-09-25T08:16:08+00:00,0,he
maariv,https://www.maariv.co.il/breaking-news/article-1370656,"בקשה דחופה: סעודיה, טורקיה ופקיסטן ייפגשו לדיונים ביטחוניים",,2026-09-25T08:12:20+00:00,0,he
maariv,https://www.maariv.co.il/breaking-news/article-1370655,פורום מיכל סלה: מתחילת השנה נרצחו במשפחה 20 נפשות,,2026-09-25T08:11:18+00:00,0,he
maariv,https://www.maariv.co.il/breaking-news/article-1370654,"נשיא איראן במסר דרמטי לארה״ב: ""לא רוצים לחכות לבחירות האמצע""",,2026-09-25T08:09:20+00:00,0,he
maariv,https://www.maariv.co.il/breaking-news/article-1370649,"לילי בן עמי על רצח האישה בחיפה: ""צרצרים מצד שרי הממשלה - אין אפילו ציוץ""",,2026-09-25T07:47:27+00:00,0,he
mee,https://www.middleeasteye.net/news/people-destitute-lebanon-spiralling-fuel-prices-risk-social-unrest,‘People are destitute’: Lebanon’s spiralling prices fuel fears of social unrest,"‘People are destitute’: Lebanon’s spiralling prices fuel fears of social unrest Submitted by Maya Saad on Thu, 09/24/2026 - 12:16 Lebanese struggle with worsening cost-of-living crisis and surging fuel prices as unions call for general strike A retired Lebanese soldier burns tyres during a protest opposing the draft 2027 state budget, near government and parliament buildings in Beirut, 9 September...",2026-09-25T10:25:16+00:00,0,en
mee,https://www.middleeasteye.net/news/uk-company-netanyahus-former-lawyer-and-questions-over-israels-serbian-drone-venture,"A UK company, a Greek owner and Netanyahu's former lawyer: Who really owns Serbia's Israeli drone venture?","A UK company, a Greek owner and Netanyahu's former lawyer: Who really owns Serbia's Israeli drone venture? Submitted by Elis Gjevori on Thu, 09/24/2026 - 09:52 The deal involving the manufacture of drones highlights the growing political stakes of Israeli weapons production abroad A Middle East Eye illustration showing Israeli drones, including Elbit Systems’ Hermes 900, and Serbian President Alek...",2026-09-25T10:04:40+00:00,0,en
mee,https://www.middleeasteye.net/news/thailand-investigating-jewish-group-chabad-lubavitch-over-network-israelis-buying-land,Thailand investigating Jewish group over 'network of Israelis' buying up land,"Thailand investigating Jewish group over 'network of Israelis' buying up land Submitted by Elis Gjevori on Fri, 09/25/2026 - 08:50 Officials are examining land ownership, building permits and funding at Chabad-Lubavitch centres as public anger grows over Israeli tourists, many of whom are soldiers Members of the Network of Students and People for Reform of Thailand hold placards during a rally out...",2026-09-25T09:56:04+00:00,0,en
mee,https://www.middleeasteye.net/opinion/elections-loom-naza-controversy-strikes-heart-israels-crisis,"As elections loom, Naza controversy strikes at the heart of Israel's crisis","As elections loom, Naza controversy strikes at the heart of Israel's crisis Submitted by Antony Loewenstein on Thu, 09/24/2026 - 14:46 The film exposes dark truths about mainstream Israeli society, from the far right to the supposedly enlightened centre and left Naza co-directors Yuval Abraham and Rachel Szor at the Venice Film Festival on 12 September 2026 (Tiziana Fabi/AFP) On How threatening is...",2026-09-25T08:37:26+00:00,0,en
mee,https://www.middleeasteye.net/news/gaza-suffers-worlds-most-severe-economic-crisis-record-un-says,"Gaza suffers ‘world’s most severe economic crisis on record’, UN says","Gaza suffers ‘world’s most severe economic crisis on record’, UN says&nbsp;&nbsp; Submitted by MEE staff on Fri, 09/25/2026 - 08:30 Unctad report says Israeli attacks have devastated Gaza’s economy, with $71.5bn needed for recovery and reconstruction An Israeli flag flutters in Gaza, as seen from the Israeli side of the border, 23 September 2026 (Amir Cohen/Reuters) Off The Gaza Strip has suffered...",2026-09-25T07:41:53+00:00,0,en
mee,https://www.middleeasteye.net/live-blog/live-blog-update/colombia-formally-cuts-ties-iran,Colombia formally cuts ties with Iran,"Colombia formally cuts ties with Iran Colombia on Thursday announced that it formally severed diplomatic relations with Iran, citing it ""deteriorated"" in Tehran.&nbsp; The Foreign Ministry said the decision&nbsp;took effect on Saturday due to&nbsp;""national and hemispheric security concerns,"" accusing Iran of&nbsp;human rights violations as well as alleged links to international terrorist and narc...",2026-09-25T05:05:15+00:00,0,en
mee,https://www.middleeasteye.net/live-blog/live-blog-update/netanyahu-cuts-his-us-trip-short-departs-israel,"Netanyahu cuts his US trip short, departs for Israel","Netanyahu cuts his US trip short, departs for Israel Israeli Prime Minister Benjamin Netanyahu has left the US for Israel directly after his speech,&nbsp;Israeli public broadcaster Kan reported. He met with several leaders&nbsp;following his address, but departed for Israel the same day he arrived to New York.&nbsp; According to Israeli media,&nbsp;Netanyahu’s visit to the city was likely curtaile...",2026-09-25T04:37:21+00:00,0,en
mee,https://www.middleeasteye.net/live-blog/live-blog-update/hormuz-transits-fall-single-digits,Hormuz transits fall to single digits,"Hormuz transits fall to single digits Vessel transits at the Strait of Hormuz fell to nine on Thursday to nine,&nbsp;preliminary ship tracking data showed. This shows a dip from the previous day where 14 vessels travelled in the waterway, as well as an overall decrease from the&nbsp;10-day average of around 18. According to Reuters, eight ships exited and one entered. Vessels exiting include the b...",2026-09-25T03:58:06+00:00,0,en
mee,https://www.middleeasteye.net/live-blog/live-blog-update/iranian-representative-ignores-israeli-envoy-offering-starlink-device,Iranian representative ignores Israeli envoy offering Starlink device at UNGA,"Iranian representative ignores Israeli envoy offering Starlink device at UNGA At the United Nations General Assembly, Israel’s ambassador, Danny Danon, approached an Iranian representative to offer a Starlink terminal that Prime Minister Benjamin Netanyahu had used during his speech. However, the Iranian diplomat ignored Danon, looked away, and did not engage. This incident has sparked widespread ...",2026-09-25T03:24:08+00:00,0,en
mee,https://www.middleeasteye.net/live-blog/live-blog-update/what-happened-un-general-assembly,What happened at the UN General Assembly?,"What happened at the UN General Assembly? Here's a recap of some of the highlights at the recent&nbsp;UN General Assembly: The US-Israeli war on Iran and the Israel-Palestine conflict continued to occupy prime positions on the fourth day of the UN General Assembly. Somali President Mohamed Hassan Sheikh Mohamud said his country was ""suffering"" as a result of the US-Israeli war, which has driven up...",2026-09-25T02:59:48+00:00,0,en
mee,https://www.middleeasteye.net/live-blog/live-blog-update/oil-prices-drop-amid-hopes-us-iran-truce,Oil prices drop amid hopes for US-Iran truce,"Oil prices drop amid hopes for US-Iran truce Oil prices have decreased slightly as the possibility for a peace deal between US and Iran heightens, contrasting the recent volatility.&nbsp; Brent went down 74 cents, or 0.69%, to $105.85 a barrel as of 00:32 GMT.",2026-09-25T02:09:37+00:00,0,en
mee,https://www.middleeasteye.net/live-blog/live-blog-update/houthis-responsible-their-own-actions-irans-pezeshkian-says,"Houthis 'responsible for their own actions', Iran's Pezeshkian says","Houthis 'responsible for their own actions', Iran's Pezeshkian says Iran's President has denied that Tehran was directing Houthi battle plans, saying that the ""Houthis&nbsp;are responsible for their own actions"". ""They don't take directions from us as those who are resisting in the region, based on the situations that have been imposed on them,"" Pezeshkian told Fox News.",2026-09-25T01:36:47+00:00,0,en
mee,https://www.middleeasteye.net/live-blog/live-blog-update/pezeshkian-says-us-choose-whether-end-war-iran,Pezeshkian says up to US to choose whether to end war on Iran,"Pezeshkian says up to US to choose whether to end war on Iran Iranian President Masoud Pezeshkian said that it is up to the US to choose whether to end its war on Iran, as Tehran does not want to continue the conflict.&nbsp; ""When we can resolve issues through dialog, we shouldn't resort to killing one another. But with the instigations conducted by Israel, they have imposed this war on us,"" Pezes...",2026-09-25T00:53:04+00:00,0,en
mee,https://www.middleeasteye.net/live-blog/live-blog-update/saudi-arabia-turkey-and-pakistan-set-hold-urgent-chiefs-staff-meeting,"Saudi Arabia, Turkey and Pakistan set to hold urgent chiefs-of-staff meeting after Houthi attacks","Saudi Arabia, Turkey and Pakistan set to hold urgent chiefs-of-staff meeting after Houthi attacks The Saudi foreign ministry announced on Friday that the kingdom,&nbsp;Turkey and Pakistan will hold an urgent meeting of their chiefs of staff to discuss ways to back Riyadh amid the escalating tensions with&nbsp;Yemen's Houthis.",2026-09-25T00:23:51+00:00,0,en
mee,https://www.middleeasteye.net/live-blog/live-blog-update/dozens-envoys-across-world-walk-out-netanyahus-un-speech,Dozens of envoys from across the world walk out of Netanyahu's UN speech,"Dozens of envoys from across the world walk out of Netanyahu's UN speech Dozens of envoys from around the world walked out in protest as Israeli Prime Minister Benjamin Netanyahu addressed the UN General Assembly on Thursday. &nbsp; Delegates jeered and booed as they left the hall, while members of Netanyahu’s delegation stood and applauded. Dozens of envoys from around the world walked out in pro...",2026-09-24T23:48:45+00:00,0,en
mee,https://www.middleeasteye.net/live-blog/live-blog-update/saudi-arabia-issues-alert-jazan-says-danger-passed-shortly-after,"Saudi Arabia issues alert for Jazan, says danger passed shortly after","Saudi Arabia issues alert for Jazan, says danger passed shortly after Saudi Arabia’s General Directorate of Civil Defence issued an alert over a potential danger for its Jazan province.&nbsp; Shortly after, the defence agency indicated that the ""danger has passed"" in the area.&nbsp;",2026-09-24T23:46:08+00:00,0,en
mehr,https://en.mehrnews.com/news/248071/Iran-stood-up-to-world-s-most-powerful-army-despite-sanctions,Iran stood up to world's most powerful army despite sanctions,"TEHRAN, Sep. 25 (MNA) – Iran’s Army Deputy Chief for Executive Affairs Brigadier General Sheikh has said that Iran stood up to the world’s most powerful military in spite of sanctions imposed against the country.",2026-09-25T10:19:51+00:00,0,en
mehr,https://en.mehrnews.com/news/248070/Iranian-gymnast-Olfati-wins-silver-at-2026-Asian-Games,Iranian gymnast Olfati wins silver at 2026 Asian Games,"TEHRAN, Sep. 25 (MNA) – Iranian gymnasts Mahdi Olfati and Arman Khodaei won two silver medals in gymnastics at the 2026 Asian Games in Nagoya, Japan.",2026-09-25T10:13:32+00:00,0,en
mehr,https://en.mehrnews.com/news/248069/Araghchi-emphasizes-more-attention-of-OIC-on-Palestine-issue,Araghchi emphasizes more attention of OIC on Palestine issue,"TEHRAN, Sep. 25 (MNA) – Iranian Foreign Minister Seyyed Abbas Araghchi has stressed the need for the Organization of the Islamic Cooperation (OIC) to pay greater attention to the issue of Palestine.",2026-09-25T10:08:27+00:00,0,en
mehr,https://en.mehrnews.com/photo/248068/40-000-motorcyclists-take-part-in-Sacrifice-for-Iran-rally,"40,000 motorcyclists take part in “Sacrifice for Iran” rally","TEHRAN, Sep. 25 (MNA) – A rally of 40,000 ""Sacrifice for Iran"" motorcyclists, was held in Tehran from Imam Hossein (AS) Square to Azadi Square with the participation of people from various walks of life.",2026-09-25T09:54:32+00:00,0,en
mehr,https://en.mehrnews.com/news/248067/Iran-has-capabilities-strategic-targets-it-has-not-yet-used,"Iran has capabilities, strategic targets it has not yet used","TEHRAN, Sep. 25 (MNA) – Spokesman for the Islamic Revolutionary Guards Corps (IRGC) Brigadier General Hossein Mohebbi has said that Iran has certain capabilities and strategic targets that it has not yet used.",2026-09-25T09:30:05+00:00,0,en
mehr,https://en.mehrnews.com/news/248066/Iran-determined-to-seriously-safeguarding-its-sovereignty-FM,Iran determined to seriously safeguarding its sovereignty: FM,"TEHRAN, Sep. 25 (MNA) – Iranian Foreign Minister Seyyed Abbas Araghchi says his country will act decisively and steadfastly to defend its sovereignty, security and national interests amid continued US aggressive actions.",2026-09-25T09:18:35+00:00,0,en
mehr,https://en.mehrnews.com/news/248065/Palestinian-issue-main-human-moral-crisis-in-contemporary,"Palestinian issue major human, moral crisis in today's world","TEHRAN, Sep. 25 (MNA) – Iranian Foreign Minister Seyyed Abbas Araghchi has said to his Egyptian counterpart that the Palestinian issue is the greatest humanitarian and moral crisis in the contemporary world of today.",2026-09-25T09:09:34+00:00,0,en
mehr,https://en.mehrnews.com/news/248064/VIDEO-Pro-Palestinian-protesters-burn-Netanyahu-effigy,VIDEO: Pro-Palestinian protesters burn Netanyahu effigy,"TEHRAN, Sep. 25 (MNA) – Pro-Palestinian protesters burned a Netanyahu effigy near UN headquarters, opposing his UNGA presence.",2026-09-25T08:47:28+00:00,0,en
mehr,https://en.mehrnews.com/news/248063/Iran-FM-Araghchi-meets-with-UK-counterpart-in-New-York,Iran FM Araghchi meets with UK counterpart in New York,"TEHRAN, Sep. 25 (MNA) – Iranian Foreign Minister Seyyed Abbas Araghchi met and held talks with British Foreign Secretary Ed Miliband in New York late on Thursday on the sidelines of the 81st UN General Assembly (UNGA).",2026-09-25T08:15:53+00:00,0,en
mehr,https://en.mehrnews.com/news/248062/Iran-to-strongly-respond-to-new-US-attacks-Pezeshkian-warns,Iran to strongly defend itself against aggression: Pezeshkian,"TEHRAN, Sep. 25 (MNA) – Iranian President Masoud Pezeshkian has said that his country will stand firm in defending against any aggression, stressing that Iran has never sought war nor does it seek it [war] now.",2026-09-25T08:03:41+00:00,0,en
mehr,https://en.mehrnews.com/news/248061/Iran-stresses-need-to-speed-up-mutual-agreement-with-Armenia,Iran stresses need to speed up mutual agreement with Armenia,"TEHRAN, Sep. 25 (MNA) – Emphasizing that Iran keen to establish very close cooperation with the regional states, Iranian President Masoud Pezeshkian stressed the need to accelerate the implementation of bilateral agreement inked with Armenia.",2026-09-25T07:26:31+00:00,0,en
mehr,https://en.mehrnews.com/news/248060/Netanyahu-faces-mass-UN-walkout-as-Israel-s-isolation-deepens,Netanyahu faces mass UN walkout as Israel's isolation deepens,"TEHRAN, Sep. 25 (MNA) – Israel's growing diplomatic isolation was on stark display at the UN General Assembly on Thursday as scores of delegates walked out when Prime Minister Benjamin Netanyahu took the podium.",2026-09-25T07:15:37+00:00,0,en
mehr,https://en.mehrnews.com/news/248059/VIDEO-Motorcyclists-join-Sacrifice-for-Iran-Rally-in-Tehran,VIDEO: Motorcyclists join Sacrifice for Iran Rally in Tehran,"TEHRAN, Sep. 25 (MNA) – Thousands of motorcyclists take to the streets of Tehran on Friday to join the ""Sacrifice for Iran"" rally.",2026-09-25T07:00:17+00:00,0,en
mehr,https://en.mehrnews.com/news/248057/Europe-help-in-US-attacks-against-Iran-not-to-go-unanswered,Europe's help in US attacks against Iran not to go unanswered,"TEHRAN, Sep. 25 (MNA) – Iran’s Deputy Foreign Minister for the Legal and International Affairs Kazem Gharibabadi says that Europe’s participation in US aggression against the Islamic Republic will not go unanswered.",2026-09-25T06:12:22+00:00,0,en
mehr,https://en.mehrnews.com/news/248056/Pezeshkian-hails-Pakistan-efforts-to-enhance-peace-in-region,Pezeshkian hails Pakistan efforts to restore peace in region,"TEHRAN, Sep. 25 (MNA) – Iranian President Masoud Pezeshkian lauded Pakistan’s principled approach and efforts to back regional peace, stability and security, urging continued diplomatic consultations to help ease tensions and prevent regional crises.",2026-09-25T05:59:09+00:00,0,en
mehr,https://en.mehrnews.com/news/248055/Iran-FM-Araghchi-meets-with-counterparts-in-NY-PHOTOS,Iran FM Araghchi meets with counterparts in NY (+PHOTOS),"TEHRAN, Sep. 25 (MNA) – Iranian Foreign Minister Abbas Araghchi met and held talks with his counterparts from Jordan, Kyrgyzstan, UK, Portugal, Russian, Egypt, Brunei and Cyprus on the sidelines of 81st UN General Assembly (UNGA) late on Thursday.",2026-09-25T05:54:03+00:00,0,en
mehr,https://en.mehrnews.com/news/248054/Ghalibaf-slams-US-economy-as-Treasury-yields-hit-record-high,Ghalibaf slams US economy as Treasury yields hit record high,"TEHRAN, Sep. 25 (MNA) – Iranian Parliament Speaker Mohammad Bagher Ghalibaf took swipe at the US economic woes as Treasury yields hit 10-year high.",2026-09-25T05:35:06+00:00,0,en
naval_news,https://www.navalnews.com/naval-news/2026/09/fincantieri-delivers-5th-ppa-domenico-millelire-to-italian-navy/,Fincantieri Delivers 5th PPA ‘Domenico Millelire’ to Italian Navy,"On September 24, 2026, the delivery of the PPA – Multipurpose Combat Ship Domenico Millelire, built by Fincantieri for the Italian Navy, took place in Muggiano (La Spezia). Fincantieri press release The ceremony was attended by Admiral Aurelio De Carolis, Commander in Chief of the Naval Fleet, Chief Inspector Admiral Cristiano Nervi, Director of NAVARM, and Joachim... The post Fincantieri Delivers...",2026-09-25T07:50:00+00:00,0,en
naval_news,https://www.navalnews.com/naval-news/2026/09/worlds-first-acoustic-picket-line-at-repmus26/,World’s first Acoustic Picket Line at REPMUS26,"Oshen, the Plymouth-based maritime sensing and data company, is demonstrating a world-first ‘acoustic picket line’ capability at REPMUS26, the largest maritime robotics exercise. Oshen press release During the month-long event, now underway, it is deploying six of its iconic 1.2m (4’) long robotic sailboats, each fitted with a hydrophone, to create a distributed surveillance network.... The post W...",2026-09-25T07:07:45+00:00,0,en
osint613_a,https://www.osint613.com/post/idf-dismantles-tunnel-southern-gaza-23705,IDF Dismantles Tunnel in Southern Gaza,"A tunnel roughly two kilometers long was dismantled in southern Gaza during clearing operations inside the Yellow Line area, the IDF said. Troops under Southern Command remain deployed there under the ceasefire framework.",2026-09-25T10:05:00+00:00,0,en
osint613_a,https://www.osint613.com/post/sanctioned-tanker-sibu-1-rescued-23706,Sanctioned Tanker Sibu 1 Rescued,"The Sibu 1, an oil tanker under U.S. sanctions, has been rescued after being hijacked by Somali pirates in August, according to the Puntland Maritime Police Force.",2026-09-25T10:02:09+00:00,0,en
osint613_a,https://www.osint613.com/post/imam-outlines-islam-outreach-plan-23704,Imam Outlines Islam Outreach Plan,"American Islamic scholar Imam Wesley Lebron laid out strategies for spreading Islam across Latin America, calling on Muslims to use their homes as mosques and to build community around them.",2026-09-25T09:48:53+00:00,0,en
osint613_a,https://www.osint613.com/post/idf-seals-home-neve-tzuf-attacker-23703,IDF Seals Home of Neve Tzuf Attacker,"Israeli forces overnight sealed the home of the terrorist behind this week's shooting attack in Neve Tzuf, where Netanel Shukron was murdered. The sealing followed a temporary confiscation and sealing order signed by the head of Central Command. Demolition proceedings will continue. IDF Spokesperson",2026-09-25T09:40:39+00:00,0,en
osint613_a,https://www.osint613.com/post/iraq-deputy-speaker-faction-weapons-23702,Iraq Deputy Speaker on Faction Weapons,"Iraq's Deputy Speaker of Parliament, to Al-Hadath: The armed factions have said they follow the decisions of a neighboring country, not Iraq. Restricting weapons to the state is about unifying security decision-making and preventing skirmishes and internal wars. Every federal system in the world has its own forces. The factions should trust the government, since it comes from the same component th...",2026-09-25T09:32:46+00:00,0,en
osint613_a,https://www.osint613.com/post/gulf-states-split-us-iran-talks-23701,Gulf States Split on U.S.-Iran Talks,Gulf states are split over how to handle a restart of U.S.-Iran talks. Qatar is lobbying the Trump administration for negotiations and has floated a seven day pause in fighting that would reopen the Strait of Hormuz. Oman is behind a phased reopening and a diplomatic solution. Saudi Arabia and the UAE want economic pressure and sanctions on Tehran maintained. Riyadh's position is that Iran should ...,2026-09-25T09:22:45+00:00,0,en
osint613_a,https://www.osint613.com/post/idf-kills-two-hamas-operatives-gaza-23700,IDF Kills Two Hamas Operatives in Gaza,"IDF: Two Hamas operatives eliminated in Gaza yesterday. Jaber Maqbal, who ran an exchange network that funneled millions of shekels to Hamas, was hit in Deir al-Balah. Hassan Albata, a sniper in Hamas's military wing, was hit in Khan Yunis.",2026-09-25T09:16:40+00:00,0,en
osint613_a,https://www.osint613.com/post/italy-bans-burqas-niqabs-in-schools-23699,"Italy Bans Burqas, Niqabs in Schools","Italy has approved new school rules barring burqas and niqabs from classrooms and capping students with weak Italian at 30% per class. Hijabs are still permitted. Schools that ignore the cap face fines of up to €1,000. Prime Minister Giorgia Meloni said the decree is meant to strengthen integration and avoid ""ghetto classes."" -Euronews",2026-09-25T09:02:30+00:00,0,en
osint613_a,https://www.osint613.com/post/zelensky-trump-pledged-patriot-licenses-23698,Zelensky: Trump Pledged Patriot Licenses,Ukrainian President Volodymyr Zelensky says President Trump told him at their last meeting that Ukraine will receive licenses to produce Patriot missiles.,2026-09-25T08:46:51+00:00,0,en
osint613_a,https://www.osint613.com/post/zelensky-us-proposed-uae-trilateral-23697,Zelensky: US Proposed UAE Trilateral,Zelensky on talks with Washington: The American side proposed organizing a trilateral meeting in the UAE. Kyiv is now waiting for the U.S. to come back with a date.,2026-09-25T08:40:59+00:00,0,en
osint613_a,https://www.osint613.com/post/black-sea-talks-expand-zelensky-says-23696,"Black Sea Talks Expand, Zelensky Says","Talks to unblock the Black Sea now include representatives from Egypt, India, Turkey and the Middle East, Ukrainian President Zelensky said.",2026-09-25T08:10:37+00:00,0,en
osint613_a,https://www.osint613.com/post/fidan-defends-new-mecca-alliance-23695,Fidan Defends New Mecca Alliance,"Turkish FM Hakan Fidan: ""Nobody criticizes NATO as a paper tiger. But when it comes to a newborn defense alliance, they point to a 10-year crisis in Yemen and say, 'Look, this is not working.' We have only just started."" Fidan was responding to claims that Houthi attacks on Saudi Arabia were the Mecca Alliance's first test. He asked former U.S. Ambassador to Turkey James Jeffrey how many times NAT...",2026-09-25T07:50:39+00:00,0,en
osint613_a,https://www.osint613.com/post/russian-aircraft-intercepted-near-nordics-23694,Russian Aircraft Intercepted Near Nordics,"A Russian aircraft was identified and intercepted Thursday after Sweden and Finland scrambled fighter jets, according to the Finnish Air Force.",2026-09-25T07:09:56+00:00,0,en
osint613_a,https://www.osint613.com/post/putin-envoy-dmitriev-arrives-new-york-23693,Putin Envoy Dmitriev Arrives in New York,"Kirill Dmitriev, an envoy for Russian President Vladimir Putin, has arrived in New York and is expected to meet with Steve Witkoff and Jared Kushner.",2026-09-25T06:53:55+00:00,0,en
osint613_a,https://www.osint613.com/post/mecca-pact-chiefs-meet-houthis-23692,Mecca Pact Chiefs to Meet on Houthis,"NEW: Chiefs of staff from Saudi Arabia, Turkey, and Pakistan will convene under the Mecca Joint Defence Agreement, the pact signed in August 2026 treating an attack on one member as an attack on all three. The trigger: escalating Houthi missile and drone attacks on Saudi sites, including near Yanbu and Taif. No military deployment or combat support has been requested. Al Jazeera.",2026-09-25T06:40:11+00:00,0,en
osint613_a,https://www.osint613.com/post/two-idf-reservists-killed-in-gaza-23691,Two IDF Reservists Killed in Gaza,"Two IDF reservists were killed in northern Gaza when an explosive drone they were operating crashed at their post and detonated as they picked it up. Master Sgt. (res.) Nadav Kali, 24, and Master Sgt. (res.) Ofek Moalem, 23, both of the Jerusalem Brigade's 7007th Battalion.",2026-09-25T06:17:31+00:00,0,en
osint613_a,https://www.osint613.com/post/drone-strikes-perm-oil-refinery-23689,Drone Strikes Perm Oil Refinery,VIDEO: Ukrainian drone striking the Perm oil refinery in Russia earlier. Contributed by @AZ_Intel_.,2026-09-25T05:32:32+00:00,0,en
osint613_a,https://www.osint613.com/post/trump-mourns-butler-rally-survivor-23690,Trump Mourns Butler Rally Survivor,"U.S. President Donald Trump earlier today: ""Jim Copenhaver, a true American Patriot, has passed away — A tremendous loss! More than two years ago in Butler, Pennsylvania, a crazed gunman attempted to stifle our America First Movement. Instead, Jim and so many other wonderful Patriots who love our Country, stood united in defense of our shared values of Freedom, Liberty, and Justice. After being wo...",2026-09-25T05:30:37+00:00,0,en
osint613_a,https://www.osint613.com/post/colombia-cuts-ties-with-iran-23687,Colombia Cuts Ties With Iran,Colombia announced it has severed diplomatic relations with Iran.,2026-09-25T01:20:30+00:00,0,en
osint613_a,https://www.osint613.com/post/trump-rally-mobile-alabama-23688,"Trump to Hold Rally in Mobile, Alabama","U.S. President Donald Trump will go to Mobile, Alabama for a midterm campaign rally on Friday, October 2, reports say.",2026-09-25T01:14:29+00:00,0,en
sky_news_arabia,https://www.skynewsarabia.com/business/1894436-%D8%A7%D9%84%D8%A5%D9%85%D8%A7%D8%B1%D8%A7%D8%AA-%D9%88%D8%A7%D9%84%D8%A3%D8%B1%D8%AC%D9%86%D8%AA%D9%8A%D9%86-%D8%AA%D8%B7%D9%84%D9%82%D8%A7%D9%86-%D9%85%D9%81%D8%A7%D9%88%D8%B6%D8%A7%D8%AA-%D9%84%D8%A7%D8%AA%D9%81%D8%A7%D9%82%D9%8A%D8%A9-cepa,"الإمارات والأرجنتين تطلقان مفاوضات لاتفاقية ""CEPA""",أصدرت دولة الإمارات العربية المتحدة وجمهورية الأرجنتين بياناً مشتركاً بشأن التجارة والاستثمار، وإطلاق مفاوضات تجارية للتوصل إلى اتفاقية شراكة اقتصادية شاملة، وذلك على هامش أعمال الدورة الحادية والثمانين للجمعية العامة للأمم المتحدة، في مدينة نيويورك.,2026-09-25T10:25:12+00:00,0,ar
sky_news_arabia,https://www.skynewsarabia.com/world/1894412-%D9%81%D9%8A%D8%AF%D9%8A%D9%88-%D8%B3%D9%81%D9%8A%D8%B1-%D8%A5%D8%B3%D8%B1%D8%A7%D8%A6%D9%8A%D9%84-%D9%8A%D8%A8%D8%A7%D8%BA%D8%AA-%D8%A7%D9%84%D9%88%D9%81%D8%AF-%D8%A7%D9%84%D8%A5%D9%8A%D8%B1%D8%A7%D9%86%D9%8A-%D8%A8-%D8%B3%D8%AA%D8%A7%D8%B1%D9%84%D9%8A%D9%86%D9%83,"فيديو.. سفير إسرائيل يباغت الوفد الإيراني بـ""ستارلينك""","شهدت أروقة الجمعية العامة للأمم المتحدة في نيويورك مواجهة لافتة بين السفير الإسرائيلي لدى المنظمة الدولية داني دانون وأحد أعضاء الوفد الإيراني، بعدما اقترب منه حاملا جهاز ""ستارلينك"" وعرض عليه أخذه إلى طهران.",2026-09-25T10:23:21+00:00,0,ar
sky_news_arabia,https://www.skynewsarabia.com/technology/1894225-%D8%AA%D9%82%D8%AF%D9%85-%D8%A7%D9%84%D8%B9%D9%85%D8%B1-%D8%A7%D9%84%D9%83%D9%85%D9%8A%D8%A9-%D8%A7%D9%84%D9%85%D9%86%D8%A7%D8%B3%D8%A8%D8%A9-%D8%A7%D9%84%D9%84%D8%AD%D9%88%D9%85,مع تقدم العمر.. ما الكمية المناسبة من اللحوم؟,قد يرتبط تناول اللحوم بالمستوى الموصى به بانخفاض احتمالات وجود الوهن لدى كبار السن، وفق دراسة صينية حديثة سلطت الضوء على العلاقة بين التغذية والقدرة على الحفاظ على الاستقلال مع التقدم في العمر.,2026-09-25T10:16:43+00:00,0,ar
sky_news_arabia,https://www.skynewsarabia.com/world/1894420-7-%D8%A3%D9%8A%D8%A7%D9%85-%D9%84%D9%81%D8%AA%D8%AD-%D9%87%D8%B1%D9%85%D8%B2-%D8%AE%D8%B7%D8%A9-%D8%A5%D9%8A%D8%B1%D8%A7%D9%86%D9%8A%D8%A9-%D8%B7%D8%A7%D9%88%D9%84%D8%A9-%D9%88%D8%A7%D8%B4%D9%86%D8%B7%D9%86,7 أيام لفتح هرمز.. خطة إيرانية على طاولة واشنطن,أعلنت إيران أنها قدمت خطة للولايات المتحدة تقضي بإعادة فتح مضيق هرمز خلال 7 أيام، إذا استوفيت الشروط، على أن تستأنف المحادثات بين البلدين بعد فتح المضيق.,2026-09-25T10:10:27+00:00,0,ar
sky_news_arabia,https://www.skynewsarabia.com/business/1894423-%D8%AA%D9%88%D9%82%D9%8A%D9%81-%D9%85%D8%B3%D8%A4%D9%88%D9%84-%D8%B3%D8%A7%D8%A8%D9%82-%D8%A8%D8%A7%D9%84%D9%85%D8%B1%D9%83%D8%B2%D9%8A-%D8%A7%D9%84%D8%AA%D8%B1%D9%83%D9%8A-%D8%A8%D8%AA%D9%87%D9%85-%D8%A7%D8%AD%D8%AA%D9%8A%D8%A7%D9%84-%D9%86%D9%88%D8%B9-%D8%A8%D9%88%D9%86%D8%B2%D9%8A,"توقيف مسؤول سابق بالمركزي التركي بتهم احتيال من نوع ""بونزي""","ألقت السلطات التركية القبض على إركان كيليمجي، نائب محافظ البنك المركزي التركي السابق، في إطار تحقيق آخذ في التوسع بشأن مخطط احتيالي من نوع ""بونزي""، وفق ما أفاد به موقع ""إكونومي"".",2026-09-25T10:00:03+00:00,0,ar
sky_news_arabia,https://www.skynewsarabia.com/world/1894413-%D8%A7%D9%84%D9%86%D8%AC%D9%81-%D8%A5%D9%8A%D8%B1%D8%A7%D9%86-%D8%A7%D9%84%D8%B1%D8%AD%D9%84%D8%A7%D8%AA-%D8%AA%D8%AA%D9%88%D9%82%D9%81-%D8%AD%D8%AA%D9%89-%D8%A5%D8%B4%D8%B9%D8%A7%D8%B1-%D8%A2%D8%AE%D8%B1,من النجف إلى إيران.. الرحلات تتوقف حتى إشعار آخر,أعلنت إدارة مطار النجف الدولي في العراق، الجمعة، تعليق جميع الرحلات الجوية القادمة من إيران والمغادرة إليها حتى إشعار آخر، في أحدث قيود تطال حركة شركات الطيران الإيرانية في المنطقة.,2026-09-25T09:52:46+00:00,0,ar
sky_news_arabia,https://www.skynewsarabia.com/middle-east/1894405-%D9%83%D9%87%D8%A8%D9%88%D8%A8-%D9%82%D9%84%D8%A8-%D8%A7%D9%84%D8%AA%D8%B5%D8%B9%D9%8A%D8%AF-%D9%85%D8%B9%D8%A7%D8%B1%D9%83-%D8%A8%D9%88%D8%A7%D8%A8%D8%A9-%D8%A8%D8%A7%D8%A8-%D8%A7%D9%84%D9%85%D9%86%D8%AF%D8%A8,كهبوب في قلب التصعيد.. معارك على بوابة باب المندب,أفادت مصادر يمنية، الجمعة، باستمرار المواجهات بين القوات الحكومية، مسنودة بالأهالي، وجماعة الحوثيين في جبال كهبوب وجبهة الأغبرة، على الحدود بين محافظتي تعز ولحج.,2026-09-25T09:41:59+00:00,0,ar
sky_news_arabia,https://www.skynewsarabia.com/business/1894404-%D8%B9%D8%A7%D8%A6%D8%AF-%D8%A7%D9%84%D8%B3%D9%86%D8%AF%D8%A7%D8%AA-%D8%A7%D9%84%D8%A3%D9%85%D9%8A%D8%B1%D9%83%D9%8A%D8%A9-%D9%84%D8%A3%D8%AC%D9%84-30-%D8%B9%D8%A7%D9%85%D8%A7-%D9%8A%D8%B5%D9%84-%D9%84%D8%A3%D8%B9%D9%84%D9%89-%D9%85%D8%B3%D8%AA%D9%88%D9%89-2004,عائد السندات الأميركية لأجل 30 عاما يصل لأعلى مستوى منذ 2004,بلغت تكاليف الاقتراض طويل الأجل في الولايات المتحدة أعلى مستوياتها منذ أكثر من 20 عاما أمس الخميس مما أدى إلى استمرار موجة بيع على نطاق واسع، مع مطالبة المستثمرين بتعويضات أكبر مقابل الاحتفاظ بالسندات الحكومية في ظل النمو الاقتصادي القوي ومستويات الديون المرتفعة وزيادة تكاليف الطاقة التي تؤجج مخاوف التضخم.,2026-09-25T09:28:41+00:00,0,ar
sky_news_arabia,https://www.skynewsarabia.com/middle-east/1894395-%D8%AC%D9%86%D9%88%D8%A8-%D9%84%D8%A8%D9%86%D8%A7%D9%86-%D9%82%D8%B5%D9%81-%D8%A5%D8%B3%D8%B1%D8%A7%D8%A6%D9%8A%D9%84%D9%8A-%D9%8A%D8%B7%D8%A7%D9%84-%D9%88%D8%A7%D8%AF%D9%8A-%D8%A7%D9%84%D8%AD%D8%AC%D9%8A%D8%B1-%D9%88%D9%85%D8%AC%D8%AF%D9%84-%D8%B2%D9%88%D9%86,جنوب لبنان.. قصف إسرائيلي يطال وادي الحجير ومجدل زون,قصفت المدفعية الإسرائيلية، ليل الخميس، وادي الحجير وبلدة مجدل زون والأودية المجاورة لها في جنوب لبنان.,2026-09-25T09:26:28+00:00,0,ar
sky_news_arabia,https://www.skynewsarabia.com/world/1894352-%D9%82%D9%85%D8%A9-%D8%AA%D8%B1%D8%A7%D9%85%D8%A8-%D9%88%D8%B4%D9%8A-%D8%AA%D8%B5%D8%A8%D8%AD-%D8%A5%D9%8A%D8%B1%D8%A7%D9%86-%D9%88%D8%B1%D9%82%D8%A9-%D9%85%D8%B3%D8%A7%D9%88%D9%85%D8%A9,قمة ترامب وشي.. هل تصبح إيران ورقة مساومة؟,"حضرت أزمات الشرق الأوسط في محادثات الرئيس الأميركي دونالد ترامب ونظيره الصيني شي جين بينغ في واشنطن، لكن السؤال الذي يطرحه محلل الشؤون السياسية والعسكرية في ""سكاي نيوز عربية"" مهند العزاوي يتجاوز ما أعلن عن اللقاء: هل تستطيع واشنطن إقناع بكين بتغيير موقفها من إيران، وماذا قد تطلب الصين في المقابل",2026-09-25T09:23:51+00:00,0,ar
sky_news_arabia,https://www.skynewsarabia.com/world/1894393-%D8%A7%D8%AD%D8%AA%D8%AF%D8%A7%D9%85-%D8%A7%D9%84%D9%85%D8%B9%D8%A7%D8%B1%D9%83-%D8%B4%D9%85%D8%A7%D9%84%D9%8A-%D8%A5%D8%AB%D9%8A%D9%88%D8%A8%D9%8A%D8%A7-%D9%88%D8%AA%D8%B9%D8%B7%D9%84-%D8%A7%D9%84%D8%A5%D9%86%D8%AA%D8%B1%D9%86%D8%AA-%D8%AA%D9%8A%D8%BA%D8%B1%D8%A7%D9%8A,احتدام المعارك شمالي إثيوبيا.. وتعطل الإنترنت في تيغراي,احتدمت المعارك بين القوات الفدرالية الإثيوبية ومتمردي تيغراي في شمال البلاد، قبل أن تتعطل خدمة الإنترنت في مناطق من الشمال، الجمعة، وسط مخاوف السكان من تكرار انقطاع الاتصالات والإمدادات الذي شهدته الحرب السابقة.,2026-09-25T09:22:08+00:00,0,ar
sky_news_arabia,https://www.skynewsarabia.com/business/1894396-%D9%86%D9%88%D9%81%D9%88-%D9%86%D9%88%D8%B1%D8%AF%D9%8A%D8%B3%D9%83-%D8%AA%D8%B4%D8%AA%D8%B1%D9%8A-%D8%AA%D9%82%D9%86%D9%8A%D8%A9-%D8%B3%D9%88%D9%8A%D8%AF%D9%8A%D8%A9-%D9%84%D8%B9%D9%84%D8%A7%D8%AC-%D8%A7%D9%84%D8%B3%D9%85%D9%86%D8%A9,نوفو نورديسك تشتري تقنية سويدية لعلاج السمنة,"وقعت شركة ""نوفو نورديسك"" على اتفاق بقيمة 1.16 مليار يورو(1.3 مليار دولار) مع شركة ""نانيكسا إيه.بي"" السويدية للحصول على حقوق تقنية توصيل الدواء الخاصة بها لعلاجات السمنة والسكري.",2026-09-25T09:17:36+00:00,0,ar
sky_news_arabia,https://www.skynewsarabia.com/business/1894391-%D9%81%D8%B1%D9%86%D8%B3%D8%A7-%D9%88%D8%A3%D9%84%D9%85%D8%A7%D9%86%D9%8A%D8%A7-%D8%AA%D9%88%D8%A7%D8%AC%D9%87%D8%A7%D9%86-%D8%AE%D9%84%D8%A7%D9%81%D8%A7-%D8%A8%D8%B4%D8%A3%D9%86-%D9%82%D8%A7%D8%B9%D8%AF%D8%A9-%D8%B5%D9%86%D8%B9-%D8%A3%D9%88%D8%B1%D9%88%D8%A8%D8%A7,"فرنسا وألمانيا تواجهان خلافا بشأن قاعدة ""صنع في أوروبا""","تواصل فرنسا وألمانيا مواجهة خلاف بشأن خطط مثيرة للجدل بشأن قاعدة ""صنع في أوروبا"" لدعم الصناعات الحيوية بمال عام وبشأن كيفية ضم دول خارج التكتل في الخطط.",2026-09-25T08:46:40+00:00,0,ar
sky_news_arabia,https://www.skynewsarabia.com/business/1894390-%D9%85%D9%88%D8%AC%D8%A7%D8%AA-%D8%A7%D9%84%D8%AD%D8%B1-%D9%87%D8%B0%D8%A7-%D8%A7%D9%84%D8%B5%D9%8A%D9%81-%D9%83%D8%A8%D8%AF%D8%AA-%D8%A3%D9%84%D9%85%D8%A7%D9%86%D9%8A%D8%A7-%D8%AE%D8%B3%D8%A7%D8%A6%D8%B1-%D8%A825-%D9%85%D9%84%D9%8A%D8%A7%D8%B1-%D9%8A%D9%88%D8%B1%D9%88,موجات الحر هذا الصيف كبدت ألمانيا خسائر بـ25 مليار يورو,"أدت موجات الحر التي شهدتها أوروبا هذا الصيف إلى تكبيد الاقتصاد الألماني خسائر بنحو 25 مليار يورو، وفقا لدراسة نشرتها الخميس شركتا ""أليانز"" و""أليانز ترايد"" للتأمين.",2026-09-25T08:42:13+00:00,0,ar
sky_news_arabia,https://www.skynewsarabia.com/business/1894384-%D8%AA%D8%B1%D8%A7%D8%AC%D8%B9-%D8%B3%D9%87%D9%85-%D8%A5%D9%8A%D8%B1%D8%A8%D8%A7%D8%B5-%D8%A5%D8%AB%D8%B1-%D8%AE%D9%84%D9%84-%D9%81%D9%86%D9%8A-%D8%B7%D8%B1%D8%A7%D8%B2%D9%87%D8%A7-%D8%A7%D9%84%D8%A3%D9%83%D8%AB%D8%B1-%D8%B4%D8%B9%D8%A8%D9%8A%D8%A9,تراجع سهم إيرباص إثر خلل فني في طرازها الأكثر شعبية,تراجع سهم إيرباص بأكثر من واحد بالمئة خلال تعاملات الجمعة، بعدما أعلنت شركة صناعة الطائرات الأوروبية أنها اكتشفت خللا في الجودة داخل هيكل مئات الطائرات من طراز إيه321 نيو الأكثر مبيعا.,2026-09-25T08:31:16+00:00,0,ar
sky_news_arabia,https://www.skynewsarabia.com/middle-east/1894366-%D8%B1%D8%B3%D8%A7%D9%84%D8%A9-%D8%A5%D9%85%D8%A7%D8%B1%D8%A7%D8%AA%D9%8A%D8%A9-%D9%86%D9%8A%D9%88%D9%8A%D9%88%D8%B1%D9%83-%D8%AD%D9%84%D9%88%D9%84-%D9%85%D9%86%D9%81%D8%B1%D8%AF%D8%A9-%D9%84%D8%A3%D8%B2%D9%85%D8%A9-%D8%A7%D9%84%D9%85%D9%8A%D8%A7%D9%87,رسالة إماراتية من نيويورك.. لا حلول منفردة لأزمة المياه,قال مساعد وزير الخارجية الإماراتي لشؤون الطاقة والاستدامة، عبدالله بالعلاء، في مؤتمر صحفي على هامش اجتماعات الجمعية العامة للأمم المتحدة في نيويورك، إن تحديات المياه تواجه العالم أجمع، ولا تستطيع دولة واحدة أو مجموعة محدودة من الدول حلها بمفردها.,2026-09-25T08:01:50+00:00,0,ar
sky_news_arabia,https://www.skynewsarabia.com/middle-east/1894350-%D8%B3%D9%84%D8%A7%D8%AD-%D8%A7%D9%84%D9%81%D8%B5%D8%A7%D8%A6%D9%84-%D9%88%D9%85%D9%87%D9%84%D8%A9-2027-%D8%A7%D9%84%D8%B0%D9%8A-%D8%A8%D8%AD%D8%AB%D9%87-%D8%AA%D8%B1%D8%A7%D9%85%D8%A8-%D9%88%D8%A7%D9%84%D8%B2%D9%8A%D8%AF%D9%8A,سلاح الفصائل ومهلة 2027.. ما الذي بحثه ترامب والزيدي؟,أثار غياب الوفد العراقي عن لقاء الرئيس الأميركي دونالد ترامب ورئيس الوزراء العراقي علي الزيدي، على هامش اجتماعات الأمم المتحدة في نيويورك، تساؤلات بشأن الرسائل السياسية للقاء، في وقت تواجه فيه بغداد اختبار حصر سلاح الفصائل بيد الدولة.,2026-09-25T07:34:14+00:00,0,ar
sky_news_arabia,https://www.skynewsarabia.com/varieties/1894206-30-%D8%AB%D8%A7%D9%86%D9%8A%D8%A9-%D9%81%D9%82%D8%B7-4-%D8%B9%D8%A7%D8%AF%D8%A7%D8%AA-%D8%B5%D8%BA%D9%8A%D8%B1%D8%A9-%D8%AA%D8%AD%D8%B3%D9%86-%D9%85%D8%B2%D8%A7%D8%AC%D9%83,30 ثانية فقط.. 4 عادات صغيرة قد تحسن مزاجك,هل يمكن لممارسة لا تتجاوز 20 أو 30 ثانية أن تؤثر في المزاج؟ تشير دراسات إلى أن بعض التمارين القصيرة قد تساعد على تهدئة استجابة الجسم للتوتر، لكن فائدتها لا ترتبط بالثواني وحدها، بل بتكرارها وتحويلها إلى عادة.,2026-09-25T07:26:33+00:00,0,ar
sky_news_arabia,https://www.skynewsarabia.com/business/1894362-%D8%A3%D8%B3%D8%A8%D9%88%D8%B9-%D8%A3%D8%A8%D9%88%D8%B8%D8%A8%D9%8A-%D8%A7%D9%84%D9%85%D8%A7%D9%84%D9%8A-2026-%D9%8A%D9%88%D8%B3%D8%B9-%D8%A8%D8%B1%D9%86%D8%A7%D9%85%D8%AC%D9%87-%D9%84%D9%8A%D8%B4%D9%85%D9%84-75-%D9%81%D8%B9%D8%A7%D9%84%D9%8A%D8%A9,أسبوع أبوظبي المالي 2026 يوسِّع برنامجه ليشمل 75 فعالية,تتجه دورة أسبوع أبوظبي المالي 2026 لتكون الأكثر طموحاً حتى الآن، مع توسُّع كبير في برنامجها وشراكاتها وقائمة المتحدثين العالميين المشاركين فيها.,2026-09-25T07:23:23+00:00,0,ar
sky_news_arabia,https://www.skynewsarabia.com/technology/1894220-%D8%B9%D8%A7%D8%AF%D8%A9-%D9%85%D9%86%D8%B2%D9%84%D9%8A%D8%A9-%D8%B4%D8%A7%D8%A6%D8%B9%D8%A9-%D8%AA%D8%BA%D9%8A%D8%B1-%D9%82%D9%8A%D9%85%D8%A9-%D8%A7%D9%84%D8%AD%D9%84%D9%8A%D8%A8-%D8%A7%D9%84%D8%BA%D8%B0%D8%A7%D8%A6%D9%8A%D8%A9,"عادة منزلية ""شائعة"" تغير قيمة الحليب الغذائية",يبقى إناء الحليب في بعض المنازل على النار مرات عدة خلال اليوم، إذ يعاد غلي الكمية كاملة كلما أراد أحد أفراد الأسرة تناول كوب منها. لكن هل تمنح هذه العادة الحليب مزيدا من الأمان، أم تقلل قيمته الغذائية مع كل جولة جديدة من التسخين؟,2026-09-25T07:21:34+00:00,0,ar
tehran_times,https://www.tehrantimes.com/news/530378/Iran-3x3-basketball-win-bronze-in-Nagoya,Iran 3x3 basketball win bronze in Nagoya,TEHRAN - Iran’s men’s 3x3 basketball team won the bronze medal at the Asian Games in Nagoya after defeating the Philippines 21–10 in the third-place match.,2026-09-25T10:12:57+00:00,0,en
tehran_times,https://www.tehrantimes.com/news/530377/Iran-football-dark-days,Iran football: dark days,"TEHRAN – Iran’s football team have once again failed to beat Uzbekistan, suffering a 3-1 defeat to the White Wolves in Tashkent.",2026-09-25T09:27:51+00:00,0,en
tehran_times,https://www.tehrantimes.com/news/530376/Bowing-Is-Not-on-the-Agenda,Bowing Is Not on the Agenda,,2026-09-25T09:14:23+00:00,0,en
tehran_times,https://www.tehrantimes.com/news/530374/Hossein-Abdi-resigns-as-Iran-U23-head-coach,Hossein Abdi resigns as Iran U23 head coach,"TEHRAN - Hossein Abdi has stepped down as head coach of Iran’s U23 national team following the team’s return from the 2026 Asian Games in Nagoya, taking responsibility for the heavy defeat against North Korea.",2026-09-25T08:50:51+00:00,0,en
tehran_times,https://www.tehrantimes.com/news/530373/Iranian-duo-win-silvers-in-gymnastic-2026-Asian-Games,Iranian duo win silvers in gymnastic: 2026 Asian Games,"TEHRAN – Iranian gymnasts Mahdi Olfati and Arman Khodaei won two silver medals in gymnastics at the 2026 Asian Games in Nagoya, Japan.",2026-09-25T08:34:26+00:00,0,en
tehran_times,https://www.tehrantimes.com/news/530372/Spectrum-313-000-Iranians-Rally-for-National-Defense,"Spectrum: 313,000 Iranians Rally for National Defense",,2026-09-25T07:45:14+00:00,0,en
tehran_times,https://www.tehrantimes.com/news/530371/Transport-minister-inaugurates-281km-of-highways-main-roads,"Transport minister inaugurates 281km of highways, main roads in Sistan-Baluchestan","TEHRAN- With the presence of the Minister of Transport and Urban Development, 281 kilometers of highways and main roads in Sistan-Baluchestan province were put into operation. Of the inaugurated projects, 134 kilometers are in the south of the province, 89 kilometers in the north, and 58 kilometers on the North-South Corridor and coastal routes of the province.",2026-09-25T03:54:42+00:00,0,en
tehran_times,https://www.tehrantimes.com/news/530370/Iran-s-horticulture-development-adopts-Technology-Driven-Development,Iran’s horticulture development adopts ‘Technology-Driven Development’ scenario,"TEHRAN- According to the findings of the report ""Future Studies of the Role of Research, Education, and Extension in the Development of Iran's Horticulture,"" the ""technology-driven development"" scenario was introduced as the proposed path for the development of Iran's horticulture in the horizon of Iranian calendar year 1420 (begins on March 2037).",2026-09-25T03:46:03+00:00,0,en
tehran_times,https://www.tehrantimes.com/news/530369/Iran-adds-new-rigs-to-drilling-fleet-as-South-Pars-output-rises,New rigs added to drilling fleet as South Pars output rises,"TEHRAN- The CEO of Pars Oil and Gas Company said: Three new rigs have been added to the country’s drilling fleet, an action that is an important investment for developing drilling capacity and accelerating the implementation of development projects.",2026-09-25T03:41:58+00:00,0,en
tehran_times,https://www.tehrantimes.com/news/530368/Iran-s-exports-to-Armenia-rise-7-5-in-7-months-on-year,Iran’s exports to Armenia rise 7.5% in 7 months on year,"TEHRAN- The Director General of the Central Asia, Caucasus and Russia Office of the Trade Promotion Organization of Iran announced a 7.5% increase in Iran’s exports to Armenia during the seven months of 2026, putting the value of goods exported from Iran to Armenia in that period at $385 million.",2026-09-25T03:38:23+00:00,0,en
tehran_times,https://www.tehrantimes.com/news/530366/5th-Global-Digital-Trade-Expo-opens-in-Hangzhou-highlighting,"5th Global Digital Trade Expo opens in Hangzhou, highlighting AI-empowered future","The 5th Global Digital Trade Expo (GDTE) kicks off today in east China's Hangzhou City. As China's sole national-level international professional exhibition themed on digital trade, the five-day-long expo puts artificial intelligence center-stage under the theme ""Meet the AI Future at GDTE.""",2026-09-25T03:27:50+00:00,0,en
tehran_times,https://www.tehrantimes.com/news/530367/Iran-Japan-discuss-keeping-economic-relations-strong-in-difficult,"Iran, Japan discuss keeping economic relations strong in difficult times","TEHRAN- Japanese Ambassador to Tehran Tamaki Tsukada and Hossein Selahvarzi, president of the Iran-Japan Joint Chamber of Commerce, met on September 22.",2026-09-25T03:27:31+00:00,0,en
