2026-09-14T16:34:04.7738051Z Current runner version: '2.337.0'
2026-09-14T16:34:04.7767209Z ##[group]Runner Image Provisioner
2026-09-14T16:34:04.7768187Z Hosted Compute Agent
2026-09-14T16:34:04.7769071Z Version: 20260828.587
2026-09-14T16:34:04.7769854Z Commit: abac92662cab4cc7352de4f9f9d2e2419aad9c29
2026-09-14T16:34:04.7770822Z Build Date: 2026-08-28T16:44:25Z
2026-09-14T16:34:04.7771672Z Worker ID: {9721e495-7709-49e6-8d56-cd89745bcb5f}
2026-09-14T16:34:04.7772604Z Azure Region: eastus2
2026-09-14T16:34:04.7773314Z ##[endgroup]
2026-09-14T16:34:04.7774933Z ##[group]Operating System
2026-09-14T16:34:04.7775662Z Ubuntu
2026-09-14T16:34:04.7776359Z 24.04.5
2026-09-14T16:34:04.7777187Z LTS
2026-09-14T16:34:04.7777793Z ##[endgroup]
2026-09-14T16:34:04.7778592Z ##[group]Runner Image
2026-09-14T16:34:04.7779309Z Image: ubuntu-24.04
2026-09-14T16:34:04.7780078Z Version: 20260907.300.1
2026-09-14T16:34:04.7781589Z Included Software: https://github.com/actions/runner-images/blob/ubuntu24/20260907.300/images/ubuntu/Ubuntu2404-Readme.md
2026-09-14T16:34:04.7783226Z Image Release: https://github.com/actions/runner-images/releases/tag/ubuntu24%2F20260907.300
2026-09-14T16:34:04.7784423Z ##[endgroup]
2026-09-14T16:34:04.7785752Z ##[group]GITHUB_TOKEN Permissions
2026-09-14T16:34:04.7788546Z Contents: write
2026-09-14T16:34:04.7789290Z Metadata: read
2026-09-14T16:34:04.7790037Z ##[endgroup]
2026-09-14T16:34:04.7792338Z Secret source: Actions
2026-09-14T16:34:04.7793556Z Cache mode: write
2026-09-14T16:34:04.7794641Z Prepare workflow directory
2026-09-14T16:34:04.8128137Z Prepare all required actions
2026-09-14T16:34:04.8177747Z Getting action download info
2026-09-14T16:34:05.0609710Z Download action repository 'actions/checkout@v5' (SHA:fbc6f3992d24b796d5a048ff273f7fcc4a7b6c09)
2026-09-14T16:34:05.1602545Z Download action repository 'actions/setup-python@v5' (SHA:a26af69be951a213d495a4c3e4e4022e16d87065)
2026-09-14T16:34:05.2413495Z Download action repository 'actions/cache@v4' (SHA:0057852bfaa89a56745cba8c7296529d2fc39830)
2026-09-14T16:34:05.3559455Z Download action repository 'actions/upload-artifact@v4' (SHA:ea165f8d65b6e75b540449e92b4886f43607fa02)
2026-09-14T16:34:05.5754858Z Complete job name: run
2026-09-14T16:34:05.6585679Z ##[group]Run actions/checkout@v5
2026-09-14T16:34:05.6586561Z with:
2026-09-14T16:34:05.6587282Z   repository: mmousavi93-bit/news-curator
2026-09-14T16:34:05.6591651Z   token: ***
2026-09-14T16:34:05.6592148Z   ssh-strict: true
2026-09-14T16:34:05.6592644Z   ssh-user: git
2026-09-14T16:34:05.6593159Z   persist-credentials: true
2026-09-14T16:34:05.6593710Z   clean: true
2026-09-14T16:34:05.6594213Z   sparse-checkout-cone-mode: true
2026-09-14T16:34:05.6676536Z   fetch-depth: 1
2026-09-14T16:34:05.6677243Z   fetch-tags: false
2026-09-14T16:34:05.6677829Z   show-progress: true
2026-09-14T16:34:05.6678414Z   lfs: false
2026-09-14T16:34:05.6678955Z   submodules: false
2026-09-14T16:34:05.6679505Z   set-safe-directory: true
2026-09-14T16:34:05.6680093Z   allow-unsafe-pr-checkout: false
2026-09-14T16:34:05.6682060Z ##[endgroup]
2026-09-14T16:34:05.7831780Z Syncing repository: mmousavi93-bit/news-curator
2026-09-14T16:34:05.7834532Z ##[group]Getting Git version info
2026-09-14T16:34:05.7835895Z Working directory is '/home/runner/work/news-curator/news-curator'
2026-09-14T16:34:05.7838015Z [command]/usr/bin/git version
2026-09-14T16:34:05.7954756Z git version 2.55.0
2026-09-14T16:34:05.8011136Z ##[endgroup]
2026-09-14T16:34:05.8018503Z Temporarily overriding HOME='/home/runner/work/_temp/1ddd3e62-4db0-472d-8b07-e4b06d526028' before making global git config changes
2026-09-14T16:34:05.8020131Z Adding repository directory to the temporary git global config as a safe directory
2026-09-14T16:34:05.8021448Z [command]/usr/bin/git config --global --add safe.directory /home/runner/work/news-curator/news-curator
2026-09-14T16:34:05.8089194Z Deleting the contents of '/home/runner/work/news-curator/news-curator'
2026-09-14T16:34:05.8091480Z ##[group]Initializing the repository
2026-09-14T16:34:05.8092825Z [command]/usr/bin/git init /home/runner/work/news-curator/news-curator
2026-09-14T16:34:05.8227728Z hint: Using 'master' as the name for the initial branch. This default branch name
2026-09-14T16:34:05.8229542Z hint: will change to "main" in Git 3.0. To configure the initial branch name
2026-09-14T16:34:05.8231350Z hint: to use in all of your new repositories, which will suppress this warning,
2026-09-14T16:34:05.8232754Z hint: call:
2026-09-14T16:34:05.8233594Z hint:
2026-09-14T16:34:05.8234586Z hint: 	git config --global init.defaultBranch <name>
2026-09-14T16:34:05.8235775Z hint:
2026-09-14T16:34:05.8237030Z hint: Names commonly chosen instead of 'master' are 'main', 'trunk' and
2026-09-14T16:34:05.8238705Z hint: 'development'. The just-created branch can be renamed via this command:
2026-09-14T16:34:05.8240122Z hint:
2026-09-14T16:34:05.8240962Z hint: 	git branch -m <name>
2026-09-14T16:34:05.8241889Z hint:
2026-09-14T16:34:05.8242960Z hint: Disable this message with "git config set advice.defaultBranchName false"
2026-09-14T16:34:05.8244920Z Initialized empty Git repository in /home/runner/work/news-curator/news-curator/.git/
2026-09-14T16:34:05.8252954Z [command]/usr/bin/git remote add origin https://github.com/mmousavi93-bit/news-curator
2026-09-14T16:34:05.8318705Z ##[endgroup]
2026-09-14T16:34:05.8320132Z ##[group]Disabling automatic garbage collection
2026-09-14T16:34:05.8324607Z [command]/usr/bin/git config --local gc.auto 0
2026-09-14T16:34:05.8369444Z ##[endgroup]
2026-09-14T16:34:05.8370838Z ##[group]Setting up auth
2026-09-14T16:34:05.8385719Z [command]/usr/bin/git config --local --name-only --get-regexp core\.sshCommand
2026-09-14T16:34:05.8429256Z [command]/usr/bin/git submodule foreach --recursive sh -c "git config --local --name-only --get-regexp 'core\.sshCommand' && git config --local --unset-all 'core.sshCommand' || :"
2026-09-14T16:34:05.8863008Z [command]/usr/bin/git config --local --name-only --get-regexp http\.https\:\/\/github\.com\/\.extraheader
2026-09-14T16:34:05.8930748Z [command]/usr/bin/git submodule foreach --recursive sh -c "git config --local --name-only --get-regexp 'http\.https\:\/\/github\.com\/\.extraheader' && git config --local --unset-all 'http.https://github.com/.extraheader' || :"
2026-09-14T16:34:05.9177986Z [command]/usr/bin/git config --local --name-only --get-regexp ^includeIf\.gitdir:
2026-09-14T16:34:05.9219829Z [command]/usr/bin/git submodule foreach --recursive git config --local --show-origin --name-only --get-regexp remote.origin.url
2026-09-14T16:34:05.9475132Z [command]/usr/bin/git config --local http.https://github.com/.extraheader AUTHORIZATION: basic ***
2026-09-14T16:34:05.9526542Z ##[endgroup]
2026-09-14T16:34:05.9528181Z ##[group]Fetching the repository
2026-09-14T16:34:05.9538898Z [command]/usr/bin/git -c protocol.version=2 fetch --no-tags --prune --no-recurse-submodules --depth=1 origin +eac926c948a0c9f5964a0e680cbca60911fad5b9:refs/remotes/origin/main
2026-09-14T16:34:06.3188580Z From https://github.com/mmousavi93-bit/news-curator
2026-09-14T16:34:06.3190111Z  * [new ref]         eac926c948a0c9f5964a0e680cbca60911fad5b9 -> origin/main
2026-09-14T16:34:06.3193491Z ##[endgroup]
2026-09-14T16:34:06.3194411Z ##[group]Determining the checkout info
2026-09-14T16:34:06.3196139Z ##[endgroup]
2026-09-14T16:34:06.3208323Z [command]/usr/bin/git sparse-checkout disable
2026-09-14T16:34:06.3259859Z [command]/usr/bin/git config --local --unset-all extensions.worktreeConfig
2026-09-14T16:34:06.3307095Z ##[group]Checking out the ref
2026-09-14T16:34:06.3310820Z [command]/usr/bin/git checkout --progress --force -B main refs/remotes/origin/main
2026-09-14T16:34:06.3568490Z Switched to a new branch 'main'
2026-09-14T16:34:06.3571065Z branch 'main' set up to track 'origin/main'.
2026-09-14T16:34:06.3578981Z ##[endgroup]
2026-09-14T16:34:06.3629128Z [command]/usr/bin/git log -1 --format=%H
2026-09-14T16:34:06.3660776Z eac926c948a0c9f5964a0e680cbca60911fad5b9
2026-09-14T16:34:06.4066244Z Node 20 is being deprecated. This workflow is running with Node 24 by default. If you need to temporarily use Node 20, you can set the ACTIONS_ALLOW_USE_UNSECURE_NODE_VERSION=true environment variable. For more information see: https://github.blog/changelog/2025-09-19-deprecation-of-node-20-on-github-actions-runners/
2026-09-14T16:34:06.4072981Z ##[group]Run actions/setup-python@v5
2026-09-14T16:34:06.4074330Z with:
2026-09-14T16:34:06.4075584Z   python-version: 3.11
2026-09-14T16:34:06.4076720Z   cache: pip
2026-09-14T16:34:06.4077902Z   check-latest: false
2026-09-14T16:34:06.4088420Z   token: ***
2026-09-14T16:34:06.4089514Z   update-environment: true
2026-09-14T16:34:06.4090736Z   allow-prereleases: false
2026-09-14T16:34:06.4091938Z   freethreaded: false
2026-09-14T16:34:06.4093041Z ##[endgroup]
2026-09-14T16:34:06.5465532Z ##[group]Installed versions
2026-09-14T16:34:06.5568106Z (node:2178) [DEP0040] DeprecationWarning: The `punycode` module is deprecated. Please use a userland alternative instead.
2026-09-14T16:34:06.5573740Z (Use `node --trace-deprecation ...` to show where the warning was created)
2026-09-14T16:34:06.5576148Z Successfully set up CPython (3.11.16)
2026-09-14T16:34:06.5578505Z ##[endgroup]
2026-09-14T16:34:06.6578726Z [command]/opt/hostedtoolcache/Python/3.11.16/x64/bin/pip cache dir
2026-09-14T16:34:06.9235170Z /home/runner/.cache/pip
2026-09-14T16:34:07.0288355Z Cache hit for: setup-python-Linux-x64-24.04-Ubuntu-python-3.11.16-pip-59abefe0fcce8bb74e21e3b39c5e40a4f439b797425f8f140a6adcb39541fac8
2026-09-14T16:34:07.0397795Z (node:2178) [DEP0169] DeprecationWarning: `url.parse()` behavior is not standardized and prone to errors that have security implications. Use the WHATWG URL API instead. CVEs are not issued for `url.parse()` vulnerabilities.
2026-09-14T16:34:08.0888924Z Received 251658240 of 2751635242 (9.1%), 240.0 MBs/sec
2026-09-14T16:34:09.0864756Z Received 536870912 of 2751635242 (19.5%), 256.0 MBs/sec
2026-09-14T16:34:10.0929581Z Received 822083584 of 2751635242 (29.9%), 260.8 MBs/sec
2026-09-14T16:34:11.0983909Z Received 1119879168 of 2751635242 (40.7%), 266.2 MBs/sec
2026-09-14T16:34:12.0988735Z Received 1405091840 of 2751635242 (51.1%), 267.4 MBs/sec
2026-09-14T16:34:13.0987212Z Received 1660944384 of 2751635242 (60.4%), 263.5 MBs/sec
2026-09-14T16:34:14.0994092Z Received 1937768448 of 2751635242 (70.4%), 263.5 MBs/sec
2026-09-14T16:34:15.1040766Z Received 2235564032 of 2751635242 (81.2%), 265.9 MBs/sec
2026-09-14T16:34:16.1039003Z Received 2503999488 of 2751635242 (91.0%), 264.8 MBs/sec
2026-09-14T16:34:16.9823062Z Received 2751635242 of 2751635242 (100.0%), 265.2 MBs/sec
2026-09-14T16:34:16.9824262Z Cache Size: ~2624 MB (2751635242 B)
2026-09-14T16:34:16.9919360Z [command]/usr/bin/tar -xf /home/runner/work/_temp/8f2c465c-9729-4cf0-b195-f6a2b7d5039b/cache.tzst -P -C /home/runner/work/news-curator/news-curator --use-compress-program unzstd
2026-09-14T16:34:21.8579163Z Cache restored successfully
2026-09-14T16:34:21.9864992Z Cache restored from key: setup-python-Linux-x64-24.04-Ubuntu-python-3.11.16-pip-59abefe0fcce8bb74e21e3b39c5e40a4f439b797425f8f140a6adcb39541fac8
2026-09-14T16:34:22.2974338Z Node 20 is being deprecated. This workflow is running with Node 24 by default. If you need to temporarily use Node 20, you can set the ACTIONS_ALLOW_USE_UNSECURE_NODE_VERSION=true environment variable. For more information see: https://github.blog/changelog/2025-09-19-deprecation-of-node-20-on-github-actions-runners/
2026-09-14T16:34:22.2975696Z ##[group]Run actions/cache@v4
2026-09-14T16:34:22.2975980Z with:
2026-09-14T16:34:22.2976232Z   path: ~/.cache/huggingface
2026-09-14T16:34:22.2976520Z   key: hf-Linux-minilm-v1
2026-09-14T16:34:22.2976813Z   enableCrossOsArchive: false
2026-09-14T16:34:22.2977233Z   fail-on-cache-miss: false
2026-09-14T16:34:22.2977515Z   lookup-only: false
2026-09-14T16:34:22.2977786Z   save-always: false
2026-09-14T16:34:22.2978030Z env:
2026-09-14T16:34:22.2978326Z   pythonLocation: /opt/hostedtoolcache/Python/3.11.16/x64
2026-09-14T16:34:22.2978867Z   PKG_CONFIG_PATH: /opt/hostedtoolcache/Python/3.11.16/x64/lib/pkgconfig
2026-09-14T16:34:22.2979417Z   Python_ROOT_DIR: /opt/hostedtoolcache/Python/3.11.16/x64
2026-09-14T16:34:22.2980099Z   Python2_ROOT_DIR: /opt/hostedtoolcache/Python/3.11.16/x64
2026-09-14T16:34:22.2980527Z   Python3_ROOT_DIR: /opt/hostedtoolcache/Python/3.11.16/x64
2026-09-14T16:34:22.2980976Z   LD_LIBRARY_PATH: /opt/hostedtoolcache/Python/3.11.16/x64/lib
2026-09-14T16:34:22.2981396Z ##[endgroup]
2026-09-14T16:34:22.4109083Z (node:2212) [DEP0040] DeprecationWarning: The `punycode` module is deprecated. Please use a userland alternative instead.
2026-09-14T16:34:22.4109887Z (Use `node --trace-deprecation ...` to show where the warning was created)
2026-09-14T16:34:22.5088268Z Cache hit for: hf-Linux-minilm-v1
2026-09-14T16:34:22.5193170Z (node:2212) [DEP0169] DeprecationWarning: `url.parse()` behavior is not standardized and prone to errors that have security implications. Use the WHATWG URL API instead. CVEs are not issued for `url.parse()` vulnerabilities.
2026-09-14T16:34:23.5444135Z Received 234881024 of 437766920 (53.7%), 223.6 MBs/sec
2026-09-14T16:34:24.4456307Z Received 437766920 of 437766920 (100.0%), 219.4 MBs/sec
2026-09-14T16:34:24.4458723Z Cache Size: ~417 MB (437766920 B)
2026-09-14T16:34:24.4525069Z [command]/usr/bin/tar -xf /home/runner/work/_temp/c1ae6c3d-1572-4b17-988d-855d33cc860a/cache.tzst -P -C /home/runner/work/news-curator/news-curator --use-compress-program unzstd
2026-09-14T16:34:25.1629317Z Cache restored successfully
2026-09-14T16:34:25.1917714Z Cache restored from key: hf-Linux-minilm-v1
2026-09-14T16:34:25.2120692Z ##[group]Run pip install -e ".[embeddings]"
2026-09-14T16:34:25.2121178Z [36;1mpip install -e ".[embeddings]"[0m
2026-09-14T16:34:25.2168619Z shell: /usr/bin/bash -e {0}
2026-09-14T16:34:25.2168932Z env:
2026-09-14T16:34:25.2169260Z   pythonLocation: /opt/hostedtoolcache/Python/3.11.16/x64
2026-09-14T16:34:25.2169751Z   PKG_CONFIG_PATH: /opt/hostedtoolcache/Python/3.11.16/x64/lib/pkgconfig
2026-09-14T16:34:25.2170244Z   Python_ROOT_DIR: /opt/hostedtoolcache/Python/3.11.16/x64
2026-09-14T16:34:25.2170676Z   Python2_ROOT_DIR: /opt/hostedtoolcache/Python/3.11.16/x64
2026-09-14T16:34:25.2171121Z   Python3_ROOT_DIR: /opt/hostedtoolcache/Python/3.11.16/x64
2026-09-14T16:34:25.2171536Z   LD_LIBRARY_PATH: /opt/hostedtoolcache/Python/3.11.16/x64/lib
2026-09-14T16:34:25.2171904Z ##[endgroup]
2026-09-14T16:34:25.9453479Z Obtaining file:///home/runner/work/news-curator/news-curator
2026-09-14T16:34:25.9468631Z   Installing build dependencies: started
2026-09-14T16:34:26.5370297Z   Installing build dependencies: finished with status 'done'
2026-09-14T16:34:26.5375873Z   Checking if build backend supports build_editable: started
2026-09-14T16:34:26.8447734Z   Checking if build backend supports build_editable: finished with status 'done'
2026-09-14T16:34:26.8456428Z   Getting requirements to build editable: started
2026-09-14T16:34:27.1648976Z   Getting requirements to build editable: finished with status 'done'
2026-09-14T16:34:27.1657987Z   Preparing editable metadata (pyproject.toml): started
2026-09-14T16:34:27.3491488Z   Preparing editable metadata (pyproject.toml): finished with status 'done'
2026-09-14T16:34:27.4410687Z Collecting PyYAML>=6.0 (from news-curator==0.1.0)
2026-09-14T16:34:27.4428804Z   Using cached pyyaml-6.0.3-cp311-cp311-manylinux2014_x86_64.manylinux_2_17_x86_64.manylinux_2_28_x86_64.whl.metadata (2.4 kB)
2026-09-14T16:34:27.4631676Z Collecting requests>=2.31 (from news-curator==0.1.0)
2026-09-14T16:34:27.4647264Z   Using cached requests-2.34.2-py3-none-any.whl.metadata (4.8 kB)
2026-09-14T16:34:27.5001183Z Collecting sentence-transformers>=3.0 (from news-curator==0.1.0)
2026-09-14T16:34:27.5609653Z   Downloading sentence_transformers-6.0.1-py3-none-any.whl.metadata (20 kB)
2026-09-14T16:34:27.6749583Z Collecting charset_normalizer<4,>=2 (from requests>=2.31->news-curator==0.1.0)
2026-09-14T16:34:27.6766455Z   Using cached charset_normalizer-3.5.1-cp311-cp311-manylinux2014_x86_64.manylinux_2_17_x86_64.manylinux_2_28_x86_64.whl.metadata (45 kB)
2026-09-14T16:34:27.6947343Z Collecting idna<4,>=2.5 (from requests>=2.31->news-curator==0.1.0)
2026-09-14T16:34:27.6964181Z   Using cached idna-3.19-py3-none-any.whl.metadata (9.2 kB)
2026-09-14T16:34:27.7191474Z Collecting urllib3<3,>=1.26 (from requests>=2.31->news-curator==0.1.0)
2026-09-14T16:34:27.7206293Z   Using cached urllib3-2.7.0-py3-none-any.whl.metadata (6.9 kB)
2026-09-14T16:34:27.7393096Z Collecting certifi>=2023.5.7 (from requests>=2.31->news-curator==0.1.0)
2026-09-14T16:34:27.7408594Z   Using cached certifi-2026.7.22-py3-none-any.whl.metadata (2.5 kB)
2026-09-14T16:34:27.7827689Z Collecting transformers<6.0.0,>=5.0.0 (from sentence-transformers>=3.0->news-curator==0.1.0)
2026-09-14T16:34:27.7908222Z   Downloading transformers-5.17.0-py3-none-any.whl.metadata (32 kB)
2026-09-14T16:34:27.9675198Z Collecting tokenizers>=0.19 (from sentence-transformers>=3.0->news-curator==0.1.0)
2026-09-14T16:34:27.9760604Z   Downloading tokenizers-0.23.2-cp310-abi3-manylinux_2_17_x86_64.manylinux2014_x86_64.whl.metadata (9.8 kB)
2026-09-14T16:34:28.0193490Z Collecting huggingface-hub<2.0.0,>=1.3.0 (from sentence-transformers>=3.0->news-curator==0.1.0)
2026-09-14T16:34:28.0272040Z   Downloading huggingface_hub-1.31.0-py3-none-any.whl.metadata (16 kB)
2026-09-14T16:34:28.0890308Z Collecting torch>=2.2 (from sentence-transformers>=3.0->news-curator==0.1.0)
2026-09-14T16:34:28.0973767Z   Downloading torch-2.14.0-cp311-cp311-manylinux_2_28_x86_64.whl.metadata (37 kB)
2026-09-14T16:34:28.3357302Z Collecting numpy>=1.24.0 (from sentence-transformers>=3.0->news-curator==0.1.0)
2026-09-14T16:34:28.3375162Z   Using cached numpy-2.4.6-cp311-cp311-manylinux_2_27_x86_64.manylinux_2_28_x86_64.whl.metadata (6.6 kB)
2026-09-14T16:34:28.4172471Z Collecting scikit-learn>=1.1.0 (from sentence-transformers>=3.0->news-curator==0.1.0)
2026-09-14T16:34:28.4256350Z   Downloading scikit_learn-1.9.1-cp311-cp311-manylinux_2_27_x86_64.manylinux_2_28_x86_64.whl.metadata (9.3 kB)
2026-09-14T16:34:28.5411752Z Collecting scipy>=1.0.0 (from sentence-transformers>=3.0->news-curator==0.1.0)
2026-09-14T16:34:28.5428324Z   Using cached scipy-1.17.1-cp311-cp311-manylinux_2_27_x86_64.manylinux_2_28_x86_64.whl.metadata (62 kB)
2026-09-14T16:34:28.5702256Z Collecting typing_extensions>=4.10.0 (from sentence-transformers>=3.0->news-curator==0.1.0)
2026-09-14T16:34:28.5717837Z   Using cached typing_extensions-4.16.0-py3-none-any.whl.metadata (3.3 kB)
2026-09-14T16:34:28.6038999Z Collecting tqdm>=4.0.0 (from sentence-transformers>=3.0->news-curator==0.1.0)
2026-09-14T16:34:28.6124574Z   Downloading tqdm-4.70.1-py3-none-any.whl.metadata (57 kB)
2026-09-14T16:34:28.6352377Z Collecting click<9.0.0,>=8.4.2 (from huggingface-hub<2.0.0,>=1.3.0->sentence-transformers>=3.0->news-curator==0.1.0)
2026-09-14T16:34:28.6369362Z   Using cached click-8.5.0-py3-none-any.whl.metadata (2.6 kB)
2026-09-14T16:34:28.6616849Z Collecting filelock>=3.10.0 (from huggingface-hub<2.0.0,>=1.3.0->sentence-transformers>=3.0->news-curator==0.1.0)
2026-09-14T16:34:28.6697791Z   Downloading filelock-3.32.6-py3-none-any.whl.metadata (2.0 kB)
2026-09-14T16:34:28.7138145Z Collecting fsspec>=2023.5.0 (from huggingface-hub<2.0.0,>=1.3.0->sentence-transformers>=3.0->news-curator==0.1.0)
2026-09-14T16:34:28.7153178Z   Using cached fsspec-2026.7.0-py3-none-any.whl.metadata (10 kB)
2026-09-14T16:34:28.7633765Z Collecting hf-xet<2.0.0,>=1.5.2 (from huggingface-hub<2.0.0,>=1.3.0->sentence-transformers>=3.0->news-curator==0.1.0)
2026-09-14T16:34:28.7649993Z   Using cached hf_xet-1.6.0-cp38-abi3-manylinux2014_x86_64.manylinux_2_17_x86_64.whl.metadata (4.9 kB)
2026-09-14T16:34:28.7835426Z Collecting httpx<1,>=0.23.0 (from huggingface-hub<2.0.0,>=1.3.0->sentence-transformers>=3.0->news-curator==0.1.0)
2026-09-14T16:34:28.7849215Z   Using cached httpx-0.28.1-py3-none-any.whl.metadata (7.1 kB)
2026-09-14T16:34:28.8021555Z Collecting packaging>=20.9 (from huggingface-hub<2.0.0,>=1.3.0->sentence-transformers>=3.0->news-curator==0.1.0)
2026-09-14T16:34:28.8035235Z   Using cached packaging-26.3-py3-none-any.whl.metadata (3.5 kB)
2026-09-14T16:34:28.8293772Z Collecting anyio (from httpx<1,>=0.23.0->huggingface-hub<2.0.0,>=1.3.0->sentence-transformers>=3.0->news-curator==0.1.0)
2026-09-14T16:34:28.8372601Z   Downloading anyio-4.15.1-py3-none-any.whl.metadata (4.7 kB)
2026-09-14T16:34:28.8561787Z Collecting httpcore==1.* (from httpx<1,>=0.23.0->huggingface-hub<2.0.0,>=1.3.0->sentence-transformers>=3.0->news-curator==0.1.0)
2026-09-14T16:34:28.8575811Z   Using cached httpcore-1.0.9-py3-none-any.whl.metadata (21 kB)
2026-09-14T16:34:28.8714357Z Collecting h11>=0.16 (from httpcore==1.*->httpx<1,>=0.23.0->huggingface-hub<2.0.0,>=1.3.0->sentence-transformers>=3.0->news-curator==0.1.0)
2026-09-14T16:34:28.8729034Z   Using cached h11-0.16.0-py3-none-any.whl.metadata (8.3 kB)
2026-09-14T16:34:29.2738724Z Collecting regex>=2025.10.22 (from transformers<6.0.0,>=5.0.0->sentence-transformers>=3.0->news-curator==0.1.0)
2026-09-14T16:34:29.2825007Z   Downloading regex-2026.9.10-cp311-cp311-manylinux2014_x86_64.manylinux_2_17_x86_64.manylinux_2_28_x86_64.whl.metadata (40 kB)
2026-09-14T16:34:29.3069578Z Collecting typer (from transformers<6.0.0,>=5.0.0->sentence-transformers>=3.0->news-curator==0.1.0)
2026-09-14T16:34:29.3084134Z   Using cached typer-0.27.2-py3-none-any.whl.metadata (16 kB)
2026-09-14T16:34:29.4088314Z Collecting safetensors>=0.8.0 (from transformers<6.0.0,>=5.0.0->sentence-transformers>=3.0->news-curator==0.1.0)
2026-09-14T16:34:29.4104828Z   Using cached safetensors-0.8.0-cp310-abi3-manylinux_2_17_x86_64.manylinux2014_x86_64.whl.metadata (4.2 kB)
2026-09-14T16:34:29.4477449Z Collecting joblib>=1.4.0 (from scikit-learn>=1.1.0->sentence-transformers>=3.0->news-curator==0.1.0)
2026-09-14T16:34:29.4557907Z   Downloading joblib-1.6.0-py3-none-any.whl.metadata (6.5 kB)
2026-09-14T16:34:29.4884384Z Collecting narwhals>=2.0.1 (from scikit-learn>=1.1.0->sentence-transformers>=3.0->news-curator==0.1.0)
2026-09-14T16:34:29.4967305Z   Downloading narwhals-2.26.0-py3-none-any.whl.metadata (15 kB)
2026-09-14T16:34:29.5127770Z Collecting threadpoolctl>=3.5.0 (from scikit-learn>=1.1.0->sentence-transformers>=3.0->news-curator==0.1.0)
2026-09-14T16:34:29.5141751Z   Using cached threadpoolctl-3.6.0-py3-none-any.whl.metadata (13 kB)
2026-09-14T16:34:29.5292368Z Collecting cloudpickle>=3.0 (from joblib>=1.4.0->scikit-learn>=1.1.0->sentence-transformers>=3.0->news-curator==0.1.0)
2026-09-14T16:34:29.5371755Z   Downloading cloudpickle-3.1.2-py3-none-any.whl.metadata (7.1 kB)
2026-09-14T16:34:29.5453317Z Requirement already satisfied: setuptools>=77.0.3 in /opt/hostedtoolcache/Python/3.11.16/x64/lib/python3.11/site-packages (from torch>=2.2->sentence-transformers>=3.0->news-curator==0.1.0) (79.0.1)
2026-09-14T16:34:29.5592210Z Collecting sympy>=1.13.3 (from torch>=2.2->sentence-transformers>=3.0->news-curator==0.1.0)
2026-09-14T16:34:29.5606059Z   Using cached sympy-1.14.0-py3-none-any.whl.metadata (12 kB)
2026-09-14T16:34:29.5813078Z Collecting networkx>=2.5.1 (from torch>=2.2->sentence-transformers>=3.0->news-curator==0.1.0)
2026-09-14T16:34:29.5827758Z   Using cached networkx-3.6.1-py3-none-any.whl.metadata (6.8 kB)
2026-09-14T16:34:29.6022215Z Collecting jinja2 (from torch>=2.2->sentence-transformers>=3.0->news-curator==0.1.0)
2026-09-14T16:34:29.6036321Z   Using cached jinja2-3.1.6-py3-none-any.whl.metadata (2.9 kB)
2026-09-14T16:34:29.6250657Z Collecting cuda-toolkit==13.0.3 (from cuda-toolkit[cublas,cudart,cufft,cufile,cupti,curand,cusolver,cusparse,nvjitlink,nvrtc,nvtx]==13.0.3; platform_system == "Linux"->torch>=2.2->sentence-transformers>=3.0->news-curator==0.1.0)
2026-09-14T16:34:29.6264173Z   Using cached cuda_toolkit-13.0.3.0-py2.py3-none-any.whl.metadata (17 kB)
2026-09-14T16:34:29.6693370Z Collecting cuda-bindings<14,>=13.0.3 (from torch>=2.2->sentence-transformers>=3.0->news-curator==0.1.0)
2026-09-14T16:34:29.6779400Z   Downloading cuda_bindings-13.4.1-cp311-cp311-manylinux_2_24_x86_64.manylinux_2_28_x86_64.whl.metadata (2.4 kB)
2026-09-14T16:34:29.6974068Z Collecting nvidia-cudnn-cu13==9.24.0.43 (from torch>=2.2->sentence-transformers>=3.0->news-curator==0.1.0)
2026-09-14T16:34:29.7068037Z   Downloading nvidia_cudnn_cu13-9.24.0.43-py3-none-manylinux_2_27_x86_64.whl.metadata (1.9 kB)
2026-09-14T16:34:29.7203337Z Collecting nvidia-cusparselt-cu13==0.8.1 (from torch>=2.2->sentence-transformers>=3.0->news-curator==0.1.0)
2026-09-14T16:34:29.7217212Z   Using cached nvidia_cusparselt_cu13-0.8.1-py3-none-manylinux2014_x86_64.whl.metadata (12 kB)
2026-09-14T16:34:29.7341820Z Collecting nvidia-nccl-cu13==2.30.7 (from torch>=2.2->sentence-transformers>=3.0->news-curator==0.1.0)
2026-09-14T16:34:29.7429366Z   Downloading nvidia_nccl_cu13-2.30.7-py3-none-manylinux_2_18_x86_64.whl.metadata (2.1 kB)
2026-09-14T16:34:29.7578219Z Collecting nvidia-nvshmem-cu13==3.4.5 (from torch>=2.2->sentence-transformers>=3.0->news-curator==0.1.0)
2026-09-14T16:34:29.7593508Z   Using cached nvidia_nvshmem_cu13-3.4.5-py3-none-manylinux2014_x86_64.manylinux_2_17_x86_64.whl.metadata (2.1 kB)
2026-09-14T16:34:29.7780038Z Collecting triton~=3.8.0 (from torch>=2.2->sentence-transformers>=3.0->news-curator==0.1.0)
2026-09-14T16:34:29.7865909Z   Downloading triton-3.8.0-cp311-cp311-manylinux_2_27_x86_64.manylinux_2_28_x86_64.whl.metadata (978 bytes)
2026-09-14T16:34:29.8085542Z Collecting nvidia-cublas==13.1.1.3.* (from cuda-toolkit[cublas,cudart,cufft,cufile,cupti,curand,cusolver,cusparse,nvjitlink,nvrtc,nvtx]==13.0.3; platform_system == "Linux"->torch>=2.2->sentence-transformers>=3.0->news-curator==0.1.0)
2026-09-14T16:34:29.8099320Z   Using cached nvidia_cublas-13.1.1.3-py3-none-manylinux_2_27_x86_64.whl.metadata (1.8 kB)
2026-09-14T16:34:29.8242267Z Collecting nvidia-cuda-nvrtc==13.0.88.* (from cuda-toolkit[cublas,cudart,cufft,cufile,cupti,curand,cusolver,cusparse,nvjitlink,nvrtc,nvtx]==13.0.3; platform_system == "Linux"->torch>=2.2->sentence-transformers>=3.0->news-curator==0.1.0)
2026-09-14T16:34:29.8259822Z   Using cached nvidia_cuda_nvrtc-13.0.88-py3-none-manylinux2010_x86_64.manylinux_2_12_x86_64.whl.metadata (1.7 kB)
2026-09-14T16:34:29.8397732Z Collecting nvidia-cuda-runtime==13.0.96.* (from cuda-toolkit[cublas,cudart,cufft,cufile,cupti,curand,cusolver,cusparse,nvjitlink,nvrtc,nvtx]==13.0.3; platform_system == "Linux"->torch>=2.2->sentence-transformers>=3.0->news-curator==0.1.0)
2026-09-14T16:34:29.8411024Z   Using cached nvidia_cuda_runtime-13.0.96-py3-none-manylinux2014_x86_64.manylinux_2_17_x86_64.whl.metadata (1.7 kB)
2026-09-14T16:34:29.8547448Z Collecting nvidia-cufft==12.0.0.61.* (from cuda-toolkit[cublas,cudart,cufft,cufile,cupti,curand,cusolver,cusparse,nvjitlink,nvrtc,nvtx]==13.0.3; platform_system == "Linux"->torch>=2.2->sentence-transformers>=3.0->news-curator==0.1.0)
2026-09-14T16:34:29.8560962Z   Using cached nvidia_cufft-12.0.0.61-py3-none-manylinux2014_x86_64.manylinux_2_17_x86_64.whl.metadata (1.8 kB)
2026-09-14T16:34:29.8701001Z Collecting nvidia-nvjitlink<14,>=13.0.88 (from cuda-toolkit[cublas,cudart,cufft,cufile,cupti,curand,cusolver,cusparse,nvjitlink,nvrtc,nvtx]==13.0.3; platform_system == "Linux"->torch>=2.2->sentence-transformers>=3.0->news-curator==0.1.0)
2026-09-14T16:34:29.8784198Z   Downloading nvidia_nvjitlink-13.4.52-py3-none-manylinux2010_x86_64.manylinux_2_12_x86_64.whl.metadata (1.8 kB)
2026-09-14T16:34:29.9115641Z Collecting nvidia-cufile==1.15.1.6.* (from cuda-toolkit[cublas,cudart,cufft,cufile,cupti,curand,cusolver,cusparse,nvjitlink,nvrtc,nvtx]==13.0.3; platform_system == "Linux"->torch>=2.2->sentence-transformers>=3.0->news-curator==0.1.0)
2026-09-14T16:34:29.9129989Z   Using cached nvidia_cufile-1.15.1.6-py3-none-manylinux2014_x86_64.manylinux_2_17_x86_64.whl.metadata (1.7 kB)
2026-09-14T16:34:29.9273225Z Collecting nvidia-cuda-cupti==13.0.85.* (from cuda-toolkit[cublas,cudart,cufft,cufile,cupti,curand,cusolver,cusparse,nvjitlink,nvrtc,nvtx]==13.0.3; platform_system == "Linux"->torch>=2.2->sentence-transformers>=3.0->news-curator==0.1.0)
2026-09-14T16:34:29.9288023Z   Using cached nvidia_cuda_cupti-13.0.85-py3-none-manylinux_2_25_x86_64.whl.metadata (1.7 kB)
2026-09-14T16:34:29.9427686Z Collecting nvidia-curand==10.4.0.35.* (from cuda-toolkit[cublas,cudart,cufft,cufile,cupti,curand,cusolver,cusparse,nvjitlink,nvrtc,nvtx]==13.0.3; platform_system == "Linux"->torch>=2.2->sentence-transformers>=3.0->news-curator==0.1.0)
2026-09-14T16:34:29.9442517Z   Using cached nvidia_curand-10.4.0.35-py3-none-manylinux_2_27_x86_64.whl.metadata (1.7 kB)
2026-09-14T16:34:29.9603813Z Collecting nvidia-cusolver==12.0.4.66.* (from cuda-toolkit[cublas,cudart,cufft,cufile,cupti,curand,cusolver,cusparse,nvjitlink,nvrtc,nvtx]==13.0.3; platform_system == "Linux"->torch>=2.2->sentence-transformers>=3.0->news-curator==0.1.0)
2026-09-14T16:34:29.9618504Z   Using cached nvidia_cusolver-12.0.4.66-py3-none-manylinux_2_27_x86_64.whl.metadata (1.8 kB)
2026-09-14T16:34:29.9765673Z Collecting nvidia-cusparse==12.6.3.3.* (from cuda-toolkit[cublas,cudart,cufft,cufile,cupti,curand,cusolver,cusparse,nvjitlink,nvrtc,nvtx]==13.0.3; platform_system == "Linux"->torch>=2.2->sentence-transformers>=3.0->news-curator==0.1.0)
2026-09-14T16:34:29.9780633Z   Using cached nvidia_cusparse-12.6.3.3-py3-none-manylinux2014_x86_64.manylinux_2_17_x86_64.whl.metadata (1.8 kB)
2026-09-14T16:34:29.9957293Z Collecting nvidia-nvtx==13.0.85.* (from cuda-toolkit[cublas,cudart,cufft,cufile,cupti,curand,cusolver,cusparse,nvjitlink,nvrtc,nvtx]==13.0.3; platform_system == "Linux"->torch>=2.2->sentence-transformers>=3.0->news-curator==0.1.0)
2026-09-14T16:34:29.9971768Z   Using cached nvidia_nvtx-13.0.85-py3-none-manylinux1_x86_64.manylinux_2_5_x86_64.whl.metadata (1.8 kB)
2026-09-14T16:34:30.0138688Z Collecting cuda-pathfinder>=1.4.2 (from cuda-bindings<14,>=13.0.3->torch>=2.2->sentence-transformers>=3.0->news-curator==0.1.0)
2026-09-14T16:34:30.0257165Z   Downloading cuda_pathfinder-1.8.1-py3-none-any.whl.metadata (1.9 kB)
2026-09-14T16:34:30.0538113Z Collecting mpmath<1.4,>=1.1.0 (from sympy>=1.13.3->torch>=2.2->sentence-transformers>=3.0->news-curator==0.1.0)
2026-09-14T16:34:30.0552104Z   Using cached mpmath-1.3.0-py3-none-any.whl.metadata (8.6 kB)
2026-09-14T16:34:30.1052742Z Collecting MarkupSafe>=2.0 (from jinja2->torch>=2.2->sentence-transformers>=3.0->news-curator==0.1.0)
2026-09-14T16:34:30.1070158Z   Using cached markupsafe-3.0.3-cp311-cp311-manylinux2014_x86_64.manylinux_2_17_x86_64.manylinux_2_28_x86_64.whl.metadata (2.7 kB)
2026-09-14T16:34:30.1227221Z Collecting shellingham>=1.3.0 (from typer->transformers<6.0.0,>=5.0.0->sentence-transformers>=3.0->news-curator==0.1.0)
2026-09-14T16:34:30.1241999Z   Using cached shellingham-1.5.4-py2.py3-none-any.whl.metadata (3.5 kB)
2026-09-14T16:34:30.1501605Z Collecting rich>=13.8.0 (from typer->transformers<6.0.0,>=5.0.0->sentence-transformers>=3.0->news-curator==0.1.0)
2026-09-14T16:34:30.1516287Z   Using cached rich-15.0.0-py3-none-any.whl.metadata (18 kB)
2026-09-14T16:34:30.1644889Z Collecting annotated-doc>=0.0.2 (from typer->transformers<6.0.0,>=5.0.0->sentence-transformers>=3.0->news-curator==0.1.0)
2026-09-14T16:34:30.1659465Z   Using cached annotated_doc-0.0.5-py3-none-any.whl.metadata (6.5 kB)
2026-09-14T16:34:30.1820256Z Collecting markdown-it-py>=2.2.0 (from rich>=13.8.0->typer->transformers<6.0.0,>=5.0.0->sentence-transformers>=3.0->news-curator==0.1.0)
2026-09-14T16:34:30.1834585Z   Using cached markdown_it_py-4.2.0-py3-none-any.whl.metadata (7.4 kB)
2026-09-14T16:34:30.2030789Z Collecting pygments<3.0.0,>=2.13.0 (from rich>=13.8.0->typer->transformers<6.0.0,>=5.0.0->sentence-transformers>=3.0->news-curator==0.1.0)
2026-09-14T16:34:30.2045421Z   Using cached pygments-2.21.0-py3-none-any.whl.metadata (2.5 kB)
2026-09-14T16:34:30.2174866Z Collecting mdurl~=0.1 (from markdown-it-py>=2.2.0->rich>=13.8.0->typer->transformers<6.0.0,>=5.0.0->sentence-transformers>=3.0->news-curator==0.1.0)
2026-09-14T16:34:30.2188061Z   Using cached mdurl-0.1.2-py3-none-any.whl.metadata (1.6 kB)
2026-09-14T16:34:30.2238113Z Using cached pyyaml-6.0.3-cp311-cp311-manylinux2014_x86_64.manylinux_2_17_x86_64.manylinux_2_28_x86_64.whl (806 kB)
2026-09-14T16:34:30.2254394Z Using cached requests-2.34.2-py3-none-any.whl (73 kB)
2026-09-14T16:34:30.2268788Z Using cached charset_normalizer-3.5.1-cp311-cp311-manylinux2014_x86_64.manylinux_2_17_x86_64.manylinux_2_28_x86_64.whl (262 kB)
2026-09-14T16:34:30.2282392Z Using cached idna-3.19-py3-none-any.whl (68 kB)
2026-09-14T16:34:30.2295814Z Using cached urllib3-2.7.0-py3-none-any.whl (131 kB)
2026-09-14T16:34:30.2309936Z Using cached certifi-2026.7.22-py3-none-any.whl (136 kB)
2026-09-14T16:34:30.2404223Z Downloading sentence_transformers-6.0.1-py3-none-any.whl (739 kB)
2026-09-14T16:34:30.2703766Z    ━━━━━━━━━━━━━━━━━━━━━━━━━━━━━━━━━━━━━━━━ 739.8/739.8 kB 30.4 MB/s  0:00:00
2026-09-14T16:34:30.2785054Z Downloading huggingface_hub-1.31.0-py3-none-any.whl (798 kB)
2026-09-14T16:34:30.2936466Z    ━━━━━━━━━━━━━━━━━━━━━━━━━━━━━━━━━━━━━━━━ 798.3/798.3 kB 42.6 MB/s  0:00:00
2026-09-14T16:34:30.2951156Z Using cached click-8.5.0-py3-none-any.whl (125 kB)
2026-09-14T16:34:30.2965738Z Using cached hf_xet-1.6.0-cp38-abi3-manylinux2014_x86_64.manylinux_2_17_x86_64.whl (4.5 MB)
2026-09-14T16:34:30.2994920Z Using cached httpx-0.28.1-py3-none-any.whl (73 kB)
2026-09-14T16:34:30.3008702Z Using cached httpcore-1.0.9-py3-none-any.whl (78 kB)
2026-09-14T16:34:30.3088634Z Downloading transformers-5.17.0-py3-none-any.whl (12.3 MB)
2026-09-14T16:34:30.3653190Z    ━━━━━━━━━━━━━━━━━━━━━━━━━━━━━━━━━━━━━━━━ 12.3/12.3 MB 223.4 MB/s  0:00:00
2026-09-14T16:34:30.3734422Z Downloading tokenizers-0.23.2-cp310-abi3-manylinux_2_17_x86_64.manylinux2014_x86_64.whl (3.4 MB)
2026-09-14T16:34:30.3907551Z    ━━━━━━━━━━━━━━━━━━━━━━━━━━━━━━━━━━━━━━━━ 3.4/3.4 MB 233.0 MB/s  0:00:00
2026-09-14T16:34:30.3987427Z Downloading filelock-3.32.6-py3-none-any.whl (100 kB)
2026-09-14T16:34:30.4025644Z Using cached fsspec-2026.7.0-py3-none-any.whl (206 kB)
2026-09-14T16:34:30.4040856Z Using cached h11-0.16.0-py3-none-any.whl (37 kB)
2026-09-14T16:34:30.4055109Z Using cached numpy-2.4.6-cp311-cp311-manylinux_2_27_x86_64.manylinux_2_28_x86_64.whl (16.9 MB)
2026-09-14T16:34:30.4127827Z Using cached packaging-26.3-py3-none-any.whl (129 kB)
2026-09-14T16:34:30.4209384Z Downloading regex-2026.9.10-cp311-cp311-manylinux2014_x86_64.manylinux_2_17_x86_64.manylinux_2_28_x86_64.whl (802 kB)
2026-09-14T16:34:30.4264900Z    ━━━━━━━━━━━━━━━━━━━━━━━━━━━━━━━━━━━━━━━━ 803.0/803.0 kB 163.1 MB/s  0:00:00
2026-09-14T16:34:30.4280865Z Using cached safetensors-0.8.0-cp310-abi3-manylinux_2_17_x86_64.manylinux2014_x86_64.whl (516 kB)
2026-09-14T16:34:30.4365713Z Downloading scikit_learn-1.9.1-cp311-cp311-manylinux_2_27_x86_64.manylinux_2_28_x86_64.whl (9.3 MB)
2026-09-14T16:34:30.5031683Z    ━━━━━━━━━━━━━━━━━━━━━━━━━━━━━━━━━━━━━━━━ 9.3/9.3 MB 143.5 MB/s  0:00:00
2026-09-14T16:34:30.5118029Z Downloading joblib-1.6.0-py3-none-any.whl (306 kB)
2026-09-14T16:34:30.5226402Z Downloading cloudpickle-3.1.2-py3-none-any.whl (22 kB)
2026-09-14T16:34:30.5332993Z Downloading narwhals-2.26.0-py3-none-any.whl (474 kB)
2026-09-14T16:34:30.6462551Z Using cached scipy-1.17.1-cp311-cp311-manylinux_2_27_x86_64.manylinux_2_28_x86_64.whl (35.3 MB)
2026-09-14T16:34:30.6604400Z Using cached threadpoolctl-3.6.0-py3-none-any.whl (18 kB)
2026-09-14T16:34:30.6717981Z Downloading torch-2.14.0-cp311-cp311-manylinux_2_28_x86_64.whl (554.6 MB)
2026-09-14T16:34:36.3167107Z    ━━━━━━━━━━━━━━━━━━━━━━━━━━━━━━━━━━━━━━━━ 554.6/554.6 MB 67.0 MB/s  0:00:05
2026-09-14T16:34:36.3183706Z Using cached cuda_toolkit-13.0.3.0-py2.py3-none-any.whl (2.5 kB)
2026-09-14T16:34:36.3274376Z Downloading nvidia_cudnn_cu13-9.24.0.43-py3-none-manylinux_2_27_x86_64.whl (553.1 MB)
2026-09-14T16:34:41.4320034Z    ━━━━━━━━━━━━━━━━━━━━━━━━━━━━━━━━━━━━━━━━ 553.1/553.1 MB 74.9 MB/s  0:00:05
2026-09-14T16:34:41.4337327Z Using cached nvidia_cusparselt_cu13-0.8.1-py3-none-manylinux2014_x86_64.whl (170.1 MB)
2026-09-14T16:34:41.5007987Z Downloading nvidia_nccl_cu13-2.30.7-py3-none-manylinux_2_18_x86_64.whl (216.0 MB)
2026-09-14T16:34:42.3504663Z    ━━━━━━━━━━━━━━━━━━━━━━━━━━━━━━━━━━━━━━━━ 216.0/216.0 MB 254.6 MB/s  0:00:00
2026-09-14T16:34:42.3521492Z Using cached nvidia_nvshmem_cu13-3.4.5-py3-none-manylinux2014_x86_64.manylinux_2_17_x86_64.whl (60.4 MB)
2026-09-14T16:34:42.3819605Z Downloading cuda_bindings-13.4.1-cp311-cp311-manylinux_2_24_x86_64.manylinux_2_28_x86_64.whl (7.2 MB)
2026-09-14T16:34:42.4278445Z    ━━━━━━━━━━━━━━━━━━━━━━━━━━━━━━━━━━━━━━━━ 7.2/7.2 MB 159.2 MB/s  0:00:00
2026-09-14T16:34:42.4294635Z Using cached nvidia_cublas-13.1.1.3-py3-none-manylinux_2_27_x86_64.whl (423.1 MB)
2026-09-14T16:34:42.5696016Z Using cached nvidia_cuda_cupti-13.0.85-py3-none-manylinux_2_25_x86_64.whl (10.7 MB)
2026-09-14T16:34:42.5748003Z Using cached nvidia_cuda_nvrtc-13.0.88-py3-none-manylinux2010_x86_64.manylinux_2_12_x86_64.whl (90.2 MB)
2026-09-14T16:34:42.6070290Z Using cached nvidia_cuda_runtime-13.0.96-py3-none-manylinux2014_x86_64.manylinux_2_17_x86_64.whl (2.2 MB)
2026-09-14T16:34:42.6092950Z Using cached nvidia_cufft-12.0.0.61-py3-none-manylinux2014_x86_64.manylinux_2_17_x86_64.whl (214.1 MB)
2026-09-14T16:34:42.6807765Z Using cached nvidia_cufile-1.15.1.6-py3-none-manylinux2014_x86_64.manylinux_2_17_x86_64.whl (1.2 MB)
2026-09-14T16:34:42.6828261Z Using cached nvidia_curand-10.4.0.35-py3-none-manylinux_2_27_x86_64.whl (59.5 MB)
2026-09-14T16:34:42.7039964Z Using cached nvidia_cusolver-12.0.4.66-py3-none-manylinux_2_27_x86_64.whl (200.9 MB)
2026-09-14T16:34:42.7712352Z Using cached nvidia_cusparse-12.6.3.3-py3-none-manylinux2014_x86_64.manylinux_2_17_x86_64.whl (145.9 MB)
2026-09-14T16:34:42.8315964Z Downloading nvidia_nvjitlink-13.4.52-py3-none-manylinux2010_x86_64.manylinux_2_12_x86_64.whl (42.5 MB)
2026-09-14T16:34:44.5980988Z    ━━━━━━━━━━━━━━━━━━━━━━━━━━━━━━━━━━━━━━━━ 42.5/42.5 MB 23.9 MB/s  0:00:01
2026-09-14T16:34:44.5998155Z Using cached nvidia_nvtx-13.0.85-py3-none-manylinux1_x86_64.manylinux_2_5_x86_64.whl (148 kB)
2026-09-14T16:34:44.6086765Z Downloading triton-3.8.0-cp311-cp311-manylinux_2_27_x86_64.manylinux_2_28_x86_64.whl (247.9 MB)
2026-09-14T16:34:48.6072911Z    ━━━━━━━━━━━━━━━━━━━━━━━━━━━━━━━━━━━━━━━━ 247.9/247.9 MB 62.1 MB/s  0:00:03
2026-09-14T16:34:48.6156582Z Downloading cuda_pathfinder-1.8.1-py3-none-any.whl (62 kB)
2026-09-14T16:34:48.6196629Z Using cached networkx-3.6.1-py3-none-any.whl (2.1 MB)
2026-09-14T16:34:48.6218817Z Using cached sympy-1.14.0-py3-none-any.whl (6.3 MB)
2026-09-14T16:34:48.6255826Z Using cached mpmath-1.3.0-py3-none-any.whl (536 kB)
2026-09-14T16:34:48.6342653Z Downloading tqdm-4.70.1-py3-none-any.whl (80 kB)
2026-09-14T16:34:48.6381921Z Using cached typing_extensions-4.16.0-py3-none-any.whl (45 kB)
2026-09-14T16:34:48.6475641Z Downloading anyio-4.15.1-py3-none-any.whl (132 kB)
2026-09-14T16:34:48.6513913Z Using cached jinja2-3.1.6-py3-none-any.whl (134 kB)
2026-09-14T16:34:48.6528786Z Using cached markupsafe-3.0.3-cp311-cp311-manylinux2014_x86_64.manylinux_2_17_x86_64.manylinux_2_28_x86_64.whl (22 kB)
2026-09-14T16:34:48.6541842Z Using cached typer-0.27.2-py3-none-any.whl (123 kB)
2026-09-14T16:34:48.6555549Z Using cached annotated_doc-0.0.5-py3-none-any.whl (5.3 kB)
2026-09-14T16:34:48.6569115Z Using cached rich-15.0.0-py3-none-any.whl (310 kB)
2026-09-14T16:34:48.6583756Z Using cached pygments-2.21.0-py3-none-any.whl (1.3 MB)
2026-09-14T16:34:48.6601816Z Using cached markdown_it_py-4.2.0-py3-none-any.whl (91 kB)
2026-09-14T16:34:48.6615747Z Using cached mdurl-0.1.2-py3-none-any.whl (10.0 kB)
2026-09-14T16:34:48.6629361Z Using cached shellingham-1.5.4-py2.py3-none-any.whl (9.8 kB)
2026-09-14T16:34:51.3218458Z Building wheels for collected packages: news-curator
2026-09-14T16:34:51.3226681Z   Building editable for news-curator (pyproject.toml): started
2026-09-14T16:34:51.5300154Z   Building editable for news-curator (pyproject.toml): finished with status 'done'
2026-09-14T16:34:51.5306304Z   Created wheel for news-curator: filename=news_curator-0.1.0-0.editable-py3-none-any.whl size=1414 sha256=c85b4ac82e73a0eb40b0e3ce84241aab4534a386fd4ab0a04fb354433a0b9b0d
2026-09-14T16:34:51.5308324Z   Stored in directory: /tmp/pip-ephem-wheel-cache-x7q0e5p0/wheels/43/22/97/68fbead9fb6e58f2d443719bc348d9a307412791b64a5ea6c8
2026-09-14T16:34:51.5321235Z Successfully built news-curator
2026-09-14T16:34:51.7310099Z Installing collected packages: nvidia-cusparselt-cu13, mpmath, cuda-toolkit, urllib3, typing_extensions, triton, tqdm, threadpoolctl, sympy, shellingham, safetensors, regex, PyYAML, pygments, packaging, nvidia-nvtx, nvidia-nvshmem-cu13, nvidia-nvjitlink, nvidia-nccl-cu13, nvidia-curand, nvidia-cufile, nvidia-cuda-runtime, nvidia-cuda-nvrtc, nvidia-cuda-cupti, numpy, networkx, narwhals, mdurl, MarkupSafe, idna, hf-xet, h11, fsspec, filelock, cuda-pathfinder, cloudpickle, click, charset_normalizer, certifi, annotated-doc, scipy, requests, nvidia-cusparse, nvidia-cufft, nvidia-cublas, markdown-it-py, joblib, jinja2, httpcore, cuda-bindings, anyio, scikit-learn, rich, nvidia-cusolver, nvidia-cudnn-cu13, news-curator, httpx, typer, huggingface-hub, torch, tokenizers, transformers, sentence-transformers
2026-09-14T16:35:45.9990837Z 
2026-09-14T16:35:46.0022285Z Successfully installed MarkupSafe-3.0.3 PyYAML-6.0.3 annotated-doc-0.0.5 anyio-4.15.1 certifi-2026.7.22 charset_normalizer-3.5.1 click-8.5.0 cloudpickle-3.1.2 cuda-bindings-13.4.1 cuda-pathfinder-1.8.1 cuda-toolkit-13.0.3.0 filelock-3.32.6 fsspec-2026.7.0 h11-0.16.0 hf-xet-1.6.0 httpcore-1.0.9 httpx-0.28.1 huggingface-hub-1.31.0 idna-3.19 jinja2-3.1.6 joblib-1.6.0 markdown-it-py-4.2.0 mdurl-0.1.2 mpmath-1.3.0 narwhals-2.26.0 networkx-3.6.1 news-curator-0.1.0 numpy-2.4.6 nvidia-cublas-13.1.1.3 nvidia-cuda-cupti-13.0.85 nvidia-cuda-nvrtc-13.0.88 nvidia-cuda-runtime-13.0.96 nvidia-cudnn-cu13-9.24.0.43 nvidia-cufft-12.0.0.61 nvidia-cufile-1.15.1.6 nvidia-curand-10.4.0.35 nvidia-cusolver-12.0.4.66 nvidia-cusparse-12.6.3.3 nvidia-cusparselt-cu13-0.8.1 nvidia-nccl-cu13-2.30.7 nvidia-nvjitlink-13.4.52 nvidia-nvshmem-cu13-3.4.5 nvidia-nvtx-13.0.85 packaging-26.3 pygments-2.21.0 regex-2026.9.10 requests-2.34.2 rich-15.0.0 safetensors-0.8.0 scikit-learn-1.9.1 scipy-1.17.1 sentence-transformers-6.0.1 shellingham-1.5.4 sympy-1.14.0 threadpoolctl-3.6.0 tokenizers-0.23.2 torch-2.14.0 tqdm-4.70.1 transformers-5.17.0 triton-3.8.0 typer-0.27.2 typing_extensions-4.16.0 urllib3-2.7.0
2026-09-14T16:35:46.4562891Z ##[group]Run sudo apt-get update -qq && sudo apt-get install -y -qq age
2026-09-14T16:35:46.4563495Z [36;1msudo apt-get update -qq && sudo apt-get install -y -qq age[0m
2026-09-14T16:35:46.4640988Z shell: /usr/bin/bash -e {0}
2026-09-14T16:35:46.4641313Z env:
2026-09-14T16:35:46.4641640Z   pythonLocation: /opt/hostedtoolcache/Python/3.11.16/x64
2026-09-14T16:35:46.4642134Z   PKG_CONFIG_PATH: /opt/hostedtoolcache/Python/3.11.16/x64/lib/pkgconfig
2026-09-14T16:35:46.4642600Z   Python_ROOT_DIR: /opt/hostedtoolcache/Python/3.11.16/x64
2026-09-14T16:35:46.4643014Z   Python2_ROOT_DIR: /opt/hostedtoolcache/Python/3.11.16/x64
2026-09-14T16:35:46.4643442Z   Python3_ROOT_DIR: /opt/hostedtoolcache/Python/3.11.16/x64
2026-09-14T16:35:46.4643885Z   LD_LIBRARY_PATH: /opt/hostedtoolcache/Python/3.11.16/x64/lib
2026-09-14T16:35:46.4644253Z ##[endgroup]
2026-09-14T16:35:53.4763796Z Selecting previously unselected package age.
2026-09-14T16:35:53.5068735Z (Reading database ... 
2026-09-14T16:35:53.5069305Z (Reading database ... 5%
2026-09-14T16:35:53.5069735Z (Reading database ... 10%
2026-09-14T16:35:53.5070079Z (Reading database ... 15%
2026-09-14T16:35:53.5070935Z (Reading database ... 20%
2026-09-14T16:35:53.5071434Z (Reading database ... 25%
2026-09-14T16:35:53.5071936Z (Reading database ... 30%
2026-09-14T16:35:53.5072431Z (Reading database ... 35%
2026-09-14T16:35:53.5072949Z (Reading database ... 40%
2026-09-14T16:35:53.5073451Z (Reading database ... 45%
2026-09-14T16:35:53.5073956Z (Reading database ... 50%
2026-09-14T16:35:53.5118504Z (Reading database ... 55%
2026-09-14T16:35:53.6499674Z (Reading database ... 60%
2026-09-14T16:35:53.7914485Z (Reading database ... 65%
2026-09-14T16:35:53.9953672Z (Reading database ... 70%
2026-09-14T16:35:54.1372417Z (Reading database ... 75%
2026-09-14T16:35:54.2561571Z (Reading database ... 80%
2026-09-14T16:35:54.4375053Z (Reading database ... 85%
2026-09-14T16:35:54.5426609Z (Reading database ... 90%
2026-09-14T16:35:54.7037826Z (Reading database ... 95%
2026-09-14T16:35:54.7038204Z (Reading database ... 100%
2026-09-14T16:35:54.7038615Z (Reading database ... 201818 files and directories currently installed.)
2026-09-14T16:35:54.7089133Z Preparing to unpack .../age_1.1.1-1ubuntu0.24.04.3_amd64.deb ...
2026-09-14T16:35:54.7115540Z Unpacking age (1.1.1-1ubuntu0.24.04.3) ...
2026-09-14T16:35:54.7753756Z Setting up age (1.1.1-1ubuntu0.24.04.3) ...
2026-09-14T16:35:54.7778948Z Processing triggers for man-db (2.12.0-4build2) ...
2026-09-14T16:35:54.7799762Z Not building database; man-db/auto-update is not 'true'.
2026-09-14T16:35:55.4053003Z 
2026-09-14T16:35:55.4053905Z Running kernel seems to be up-to-date.
2026-09-14T16:35:55.4057876Z 
2026-09-14T16:35:55.4058175Z No services need to be restarted.
2026-09-14T16:35:55.4058557Z 
2026-09-14T16:35:55.4058781Z No containers need to be restarted.
2026-09-14T16:35:55.4059134Z 
2026-09-14T16:35:55.4059517Z No user sessions are running outdated binaries.
2026-09-14T16:35:55.4060006Z 
2026-09-14T16:35:55.4060635Z No VM guests are running outdated hypervisor (qemu) binaries on this host.
2026-09-14T16:35:56.5108377Z ##[group]Run curl -s -H "x-goog-api-key: $GEMINI_API_KEY" \
2026-09-14T16:35:56.5108928Z [36;1mcurl -s -H "x-goog-api-key: $GEMINI_API_KEY" \[0m
2026-09-14T16:35:56.5109435Z [36;1m  "https://generativelanguage.googleapis.com/v1beta/models" \[0m
2026-09-14T16:35:56.5109949Z [36;1m  | grep -o '"name": *"models/[^"]*"' | head -40 || true[0m
2026-09-14T16:35:56.5151648Z shell: /usr/bin/bash -e {0}
2026-09-14T16:35:56.5151949Z env:
2026-09-14T16:35:56.5152274Z   pythonLocation: /opt/hostedtoolcache/Python/3.11.16/x64
2026-09-14T16:35:56.5152765Z   PKG_CONFIG_PATH: /opt/hostedtoolcache/Python/3.11.16/x64/lib/pkgconfig
2026-09-14T16:35:56.5153233Z   Python_ROOT_DIR: /opt/hostedtoolcache/Python/3.11.16/x64
2026-09-14T16:35:56.5153661Z   Python2_ROOT_DIR: /opt/hostedtoolcache/Python/3.11.16/x64
2026-09-14T16:35:56.5154082Z   Python3_ROOT_DIR: /opt/hostedtoolcache/Python/3.11.16/x64
2026-09-14T16:35:56.5154507Z   LD_LIBRARY_PATH: /opt/hostedtoolcache/Python/3.11.16/x64/lib
2026-09-14T16:35:56.5155261Z   GEMINI_API_KEY: ***
2026-09-14T16:35:56.5155531Z ##[endgroup]
2026-09-14T16:35:56.6789346Z "name": "models/gemini-2.5-flash"
2026-09-14T16:35:56.6789765Z "name": "models/gemini-2.5-pro"
2026-09-14T16:35:56.6790117Z "name": "models/gemini-2.5-flash-preview-tts"
2026-09-14T16:35:56.6790479Z "name": "models/gemini-2.5-pro-preview-tts"
2026-09-14T16:35:56.6790816Z "name": "models/gemma-4-26b-a4b-it"
2026-09-14T16:35:56.6791118Z "name": "models/gemma-4-31b-it"
2026-09-14T16:35:56.6791414Z "name": "models/gemini-flash-latest"
2026-09-14T16:35:56.6791728Z "name": "models/gemini-flash-lite-latest"
2026-09-14T16:35:56.6792057Z "name": "models/gemini-pro-latest"
2026-09-14T16:35:56.6792442Z "name": "models/gemini-2.5-flash-lite"
2026-09-14T16:35:56.6793078Z "name": "models/gemini-2.5-flash-image"
2026-09-14T16:35:56.6793547Z "name": "models/gemini-3-flash-preview"
2026-09-14T16:35:56.6793990Z "name": "models/gemini-3.1-pro-preview"
2026-09-14T16:35:56.6794510Z "name": "models/gemini-3.1-pro-preview-customtools"
2026-09-14T16:35:56.6795099Z "name": "models/gemini-3.1-flash-lite-preview"
2026-09-14T16:35:56.6795567Z "name": "models/gemini-3.1-flash-lite"
2026-09-14T16:35:56.6795893Z "name": "models/gemini-3-pro-image-preview"
2026-09-14T16:35:56.6796221Z "name": "models/gemini-3-pro-image"
2026-09-14T16:35:56.6796539Z "name": "models/nano-banana-pro-preview"
2026-09-14T16:35:56.6797090Z "name": "models/gemini-3.1-flash-image-preview"
2026-09-14T16:35:56.6797536Z "name": "models/gemini-3.1-flash-image"
2026-09-14T16:35:56.6797873Z "name": "models/gemini-3.1-flash-lite-image"
2026-09-14T16:35:56.6798208Z "name": "models/gemini-3.5-flash"
2026-09-14T16:35:56.6798515Z "name": "models/gemini-3.5-flash-lite"
2026-09-14T16:35:56.6798846Z "name": "models/gemini-omni-flash-preview"
2026-09-14T16:35:56.6799175Z "name": "models/gemini-omni-1.1-flash"
2026-09-14T16:35:56.6799479Z "name": "models/gemini-3.5-transcribe"
2026-09-14T16:35:56.6799777Z "name": "models/gemini-3.6-flash"
2026-09-14T16:35:56.6800087Z "name": "models/gemini-3.7-flash"
2026-09-14T16:35:56.6800374Z "name": "models/gemini-3.8-flash"
2026-09-14T16:35:56.6801020Z "name": "models/lyria-3-clip-preview"
2026-09-14T16:35:56.6801341Z "name": "models/lyria-3-pro-preview"
2026-09-14T16:35:56.6801648Z "name": "models/lyria-3.5"
2026-09-14T16:35:56.6801956Z "name": "models/gemini-3.1-flash-tts-preview"
2026-09-14T16:35:56.6802338Z "name": "models/gemini-robotics-er-2-preview"
2026-09-14T16:35:56.6802725Z "name": "models/gemini-2.5-computer-use-preview-10-2025"
2026-09-14T16:35:56.6803120Z "name": "models/antigravity-preview-05-2026"
2026-09-14T16:35:56.6803456Z "name": "models/antigravity-preview-09-2026"
2026-09-14T16:35:56.6803814Z "name": "models/deep-research-max-preview-04-2026"
2026-09-14T16:35:56.6804186Z "name": "models/deep-research-preview-04-2026"
2026-09-14T16:35:56.6837271Z ##[group]Run curl -s -H "Authorization: ***" \
2026-09-14T16:35:56.6837799Z [36;1mcurl -s -H "Authorization: ***" \[0m
2026-09-14T16:35:56.6838192Z [36;1m  "https://api.groq.com/openai/v1/models" \[0m
2026-09-14T16:35:56.6838588Z [36;1m  | grep -o '"id": *"[^"]*"' | head -40 || true[0m
2026-09-14T16:35:56.6879654Z shell: /usr/bin/bash -e {0}
2026-09-14T16:35:56.6879954Z env:
2026-09-14T16:35:56.6880268Z   pythonLocation: /opt/hostedtoolcache/Python/3.11.16/x64
2026-09-14T16:35:56.6880749Z   PKG_CONFIG_PATH: /opt/hostedtoolcache/Python/3.11.16/x64/lib/pkgconfig
2026-09-14T16:35:56.6881216Z   Python_ROOT_DIR: /opt/hostedtoolcache/Python/3.11.16/x64
2026-09-14T16:35:56.6881645Z   Python2_ROOT_DIR: /opt/hostedtoolcache/Python/3.11.16/x64
2026-09-14T16:35:56.6882066Z   Python3_ROOT_DIR: /opt/hostedtoolcache/Python/3.11.16/x64
2026-09-14T16:35:56.6882515Z   LD_LIBRARY_PATH: /opt/hostedtoolcache/Python/3.11.16/x64/lib
2026-09-14T16:35:56.6883148Z   GROQ_API_KEY: ***
2026-09-14T16:35:56.6883444Z ##[endgroup]
2026-09-14T16:35:56.9388529Z "id":"meta-llama/llama-prompt-guard-2-22m"
2026-09-14T16:35:56.9389045Z "id":"whisper-large-v3"
2026-09-14T16:35:56.9389386Z "id":"openai/gpt-oss-safeguard-20b"
2026-09-14T16:35:56.9389732Z "id":"qwen/qwen3.6-27b"
2026-09-14T16:35:56.9390043Z "id":"whisper-large-v3-turbo"
2026-09-14T16:35:56.9390529Z "id":"canopylabs/orpheus-v1-english"
2026-09-14T16:35:56.9391036Z "id":"canopylabs/orpheus-arabic-saudi"
2026-09-14T16:35:56.9391566Z "id":"openai/gpt-oss-120b"
2026-09-14T16:35:56.9392063Z "id":"openai/gpt-oss-20b"
2026-09-14T16:35:56.9392375Z "id":"groq/compound"
2026-09-14T16:35:56.9392657Z "id":"qwen/qwen3.8-27b"
2026-09-14T16:35:56.9392945Z "id":"groq/compound-mini"
2026-09-14T16:35:56.9393276Z "id":"meta-llama/llama-prompt-guard-2-86m"
2026-09-14T16:35:56.9393641Z "id":"allam-2-7b"
2026-09-14T16:35:56.9429225Z ##[group]Run git fetch origin state --quiet || {
2026-09-14T16:35:56.9429676Z [36;1mgit fetch origin state --quiet || {[0m
2026-09-14T16:35:56.9430135Z [36;1m  echo "state branch missing -- run the RUNBOOK bootstrap first"[0m
2026-09-14T16:35:56.9430560Z [36;1m  exit 1[0m
2026-09-14T16:35:56.9431421Z [36;1m}[0m
2026-09-14T16:35:56.9431734Z [36;1mgit show origin/state:state.db.age > state.db.age[0m
2026-09-14T16:35:56.9472709Z shell: /usr/bin/bash -e {0}
2026-09-14T16:35:56.9473025Z env:
2026-09-14T16:35:56.9473360Z   pythonLocation: /opt/hostedtoolcache/Python/3.11.16/x64
2026-09-14T16:35:56.9473874Z   PKG_CONFIG_PATH: /opt/hostedtoolcache/Python/3.11.16/x64/lib/pkgconfig
2026-09-14T16:35:56.9474370Z   Python_ROOT_DIR: /opt/hostedtoolcache/Python/3.11.16/x64
2026-09-14T16:35:56.9474816Z   Python2_ROOT_DIR: /opt/hostedtoolcache/Python/3.11.16/x64
2026-09-14T16:35:56.9475247Z   Python3_ROOT_DIR: /opt/hostedtoolcache/Python/3.11.16/x64
2026-09-14T16:35:56.9475740Z   LD_LIBRARY_PATH: /opt/hostedtoolcache/Python/3.11.16/x64/lib
2026-09-14T16:35:56.9476119Z ##[endgroup]
2026-09-14T16:35:58.7349959Z ##[group]Run umask 077
2026-09-14T16:35:58.7350284Z [36;1mumask 077[0m
2026-09-14T16:35:58.7350624Z [36;1mprintf '%s\n' "$AGE_SECRET_KEY" > /tmp/age-key.txt[0m
2026-09-14T16:35:58.7351029Z [36;1mif [ -f state.db.age ]; then[0m
2026-09-14T16:35:58.7351430Z [36;1m  age -d -i /tmp/age-key.txt -o state.db state.db.age || {[0m
2026-09-14T16:35:58.7352222Z [36;1m    echo "DECRYPT FAILED -- halting (constraint 14: never start from empty memory)"[0m
2026-09-14T16:35:58.7352702Z [36;1m    exit 1[0m
2026-09-14T16:35:58.7352952Z [36;1m  }[0m
2026-09-14T16:35:58.7353183Z [36;1melse[0m
2026-09-14T16:35:58.7353561Z [36;1m  echo "state.db.age not found -- bootstrap with --init-db first (runbook)"[0m
2026-09-14T16:35:58.7353990Z [36;1m  exit 1[0m
2026-09-14T16:35:58.7354224Z [36;1mfi[0m
2026-09-14T16:35:58.7354472Z [36;1mrm -f /tmp/age-key.txt[0m
2026-09-14T16:35:58.7395159Z shell: /usr/bin/bash -e {0}
2026-09-14T16:35:58.7395450Z env:
2026-09-14T16:35:58.7395827Z   pythonLocation: /opt/hostedtoolcache/Python/3.11.16/x64
2026-09-14T16:35:58.7396312Z   PKG_CONFIG_PATH: /opt/hostedtoolcache/Python/3.11.16/x64/lib/pkgconfig
2026-09-14T16:35:58.7396803Z   Python_ROOT_DIR: /opt/hostedtoolcache/Python/3.11.16/x64
2026-09-14T16:35:58.7397463Z   Python2_ROOT_DIR: /opt/hostedtoolcache/Python/3.11.16/x64
2026-09-14T16:35:58.7397877Z   Python3_ROOT_DIR: /opt/hostedtoolcache/Python/3.11.16/x64
2026-09-14T16:35:58.7398297Z   LD_LIBRARY_PATH: /opt/hostedtoolcache/Python/3.11.16/x64/lib
2026-09-14T16:35:58.7399035Z   AGE_SECRET_KEY: ***
2026-09-14T16:35:58.7399303Z ##[endgroup]
2026-09-14T16:35:58.7850210Z ##[group]Run age=missing
2026-09-14T16:35:58.7850541Z [36;1mage=missing[0m
2026-09-14T16:35:58.7850902Z [36;1mif git fetch origin flash-state --quiet 2>/dev/null; then[0m
2026-09-14T16:35:58.7851401Z [36;1m  ts=$(git log -1 --format=%ct FETCH_HEAD 2>/dev/null || echo "")[0m
2026-09-14T16:35:58.7851815Z [36;1m  if [ -n "$ts" ]; then[0m
2026-09-14T16:35:58.7852140Z [36;1m    age=$(( ( $(date -u +%s) - ts ) / 60 ))[0m
2026-09-14T16:35:58.7852463Z [36;1m  fi[0m
2026-09-14T16:35:58.7852699Z [36;1mfi[0m
2026-09-14T16:35:58.7852949Z [36;1mecho "flash-state age: $age"[0m
2026-09-14T16:35:58.7853281Z [36;1mecho "age=$age" >> "$GITHUB_OUTPUT"[0m
2026-09-14T16:35:58.7893641Z shell: /usr/bin/bash -e {0}
2026-09-14T16:35:58.7893941Z env:
2026-09-14T16:35:58.7894280Z   pythonLocation: /opt/hostedtoolcache/Python/3.11.16/x64
2026-09-14T16:35:58.7894788Z   PKG_CONFIG_PATH: /opt/hostedtoolcache/Python/3.11.16/x64/lib/pkgconfig
2026-09-14T16:35:58.7895310Z   Python_ROOT_DIR: /opt/hostedtoolcache/Python/3.11.16/x64
2026-09-14T16:35:58.7895729Z   Python2_ROOT_DIR: /opt/hostedtoolcache/Python/3.11.16/x64
2026-09-14T16:35:58.7896130Z   Python3_ROOT_DIR: /opt/hostedtoolcache/Python/3.11.16/x64
2026-09-14T16:35:58.7896543Z   LD_LIBRARY_PATH: /opt/hostedtoolcache/Python/3.11.16/x64/lib
2026-09-14T16:35:58.7897069Z ##[endgroup]
2026-09-14T16:35:59.3378996Z flash-state age: 196
2026-09-14T16:35:59.3444986Z ##[group]Run python -m agent.run --db state.db
2026-09-14T16:35:59.3445403Z [36;1mpython -m agent.run --db state.db[0m
2026-09-14T16:35:59.3485681Z shell: /usr/bin/bash -e {0}
2026-09-14T16:35:59.3485980Z env:
2026-09-14T16:35:59.3486291Z   pythonLocation: /opt/hostedtoolcache/Python/3.11.16/x64
2026-09-14T16:35:59.3486778Z   PKG_CONFIG_PATH: /opt/hostedtoolcache/Python/3.11.16/x64/lib/pkgconfig
2026-09-14T16:35:59.3487476Z   Python_ROOT_DIR: /opt/hostedtoolcache/Python/3.11.16/x64
2026-09-14T16:35:59.3487895Z   Python2_ROOT_DIR: /opt/hostedtoolcache/Python/3.11.16/x64
2026-09-14T16:35:59.3488316Z   Python3_ROOT_DIR: /opt/hostedtoolcache/Python/3.11.16/x64
2026-09-14T16:35:59.3488737Z   LD_LIBRARY_PATH: /opt/hostedtoolcache/Python/3.11.16/x64/lib
2026-09-14T16:35:59.3489118Z   NEWS_CURATOR_DIGEST: false
2026-09-14T16:35:59.3489419Z   NEWS_CURATOR_FLASH_AGE_MINUTES: 196
2026-09-14T16:35:59.3489738Z   NEWS_CURATOR_REPORT_DIR: reports
2026-09-14T16:35:59.3490526Z   TELEGRAM_BOT_TOKEN: ***
2026-09-14T16:35:59.3490869Z   TELEGRAM_CHANNEL_ID: ***
2026-09-14T16:35:59.3491272Z   GEMINI_API_KEY: ***
2026-09-14T16:35:59.3491666Z   GROQ_API_KEY: ***
2026-09-14T16:35:59.3492141Z   OPENROUTER_API_KEY: ***
2026-09-14T16:35:59.3492473Z   BAI_API_KEY: ***
2026-09-14T16:35:59.3492715Z ##[endgroup]
2026-09-14T16:35:59.8181325Z 2026-09-14 16:35:59,817 WARNING agent.pipeline: llm provider openrouter: no tpm configured -- token pacing disabled for it (treated as unconstrained)
2026-09-14T16:35:59.8183369Z 2026-09-14 16:35:59,817 WARNING agent.pipeline: llm provider bai: no tpm configured -- token pacing disabled for it (treated as unconstrained)
2026-09-14T16:35:59.8184838Z 2026-09-14 16:35:59,818 WARNING agent.pipeline: llm provider bai_deepseek: no tpm configured -- token pacing disabled for it (treated as unconstrained)
2026-09-14T16:35:59.8186437Z 2026-09-14 16:35:59,818 WARNING agent.pipeline: llm provider anthropic: no tpm configured -- token pacing disabled for it (treated as unconstrained)
2026-09-14T16:36:05.1418375Z 2026-09-14 16:36:05,141 INFO sentence_transformers.base.model: No device provided, using cpu
2026-09-14T16:36:05.2029030Z 2026-09-14 16:36:05,202 INFO httpx: HTTP Request: GET https://huggingface.co/api/agent-harnesses "HTTP/1.1 200 OK"
2026-09-14T16:36:05.2241692Z 2026-09-14 16:36:05,223 INFO httpx: HTTP Request: HEAD https://huggingface.co/sentence-transformers/paraphrase-multilingual-MiniLM-L12-v2/resolve/main/modules.json "HTTP/1.1 307 Temporary Redirect"
2026-09-14T16:36:05.2342837Z 2026-09-14 16:36:05,233 INFO httpx: HTTP Request: HEAD https://huggingface.co/api/resolve-cache/models/sentence-transformers/paraphrase-multilingual-MiniLM-L12-v2/e8f8c211226b894fcb81acc59f3b34ba3efd5f42/modules.json?%2Fsentence-transformers%2Fparaphrase-multilingual-MiniLM-L12-v2%2Fresolve%2Fmain%2Fmodules.json=&etag=%22f7640f94e81bb7f4f04daf1668850b38763a13d9%22 "HTTP/1.1 200 OK"
2026-09-14T16:36:05.2530878Z 2026-09-14 16:36:05,252 INFO httpx: HTTP Request: HEAD https://huggingface.co/sentence-transformers/paraphrase-multilingual-MiniLM-L12-v2/resolve/main/config_sentence_transformers.json "HTTP/1.1 307 Temporary Redirect"
2026-09-14T16:36:05.2534446Z Warning: You are sending unauthenticated requests to the HF Hub. Please set a HF_TOKEN to enable higher rate limits and faster downloads.
2026-09-14T16:36:05.2536353Z 2026-09-14 16:36:05,253 WARNING huggingface_hub.utils._http: Warning: You are sending unauthenticated requests to the HF Hub. Please set a HF_TOKEN to enable higher rate limits and faster downloads.
2026-09-14T16:36:05.2630340Z 2026-09-14 16:36:05,262 INFO httpx: HTTP Request: HEAD https://huggingface.co/api/resolve-cache/models/sentence-transformers/paraphrase-multilingual-MiniLM-L12-v2/e8f8c211226b894fcb81acc59f3b34ba3efd5f42/config_sentence_transformers.json?%2Fsentence-transformers%2Fparaphrase-multilingual-MiniLM-L12-v2%2Fresolve%2Fmain%2Fconfig_sentence_transformers.json=&etag=%22b974b349cb2d419ada11181750a733ff82f291ad%22 "HTTP/1.1 200 OK"
2026-09-14T16:36:05.2636124Z 2026-09-14 16:36:05,263 INFO sentence_transformers.base.model: Loading SentenceTransformer model from sentence-transformers/paraphrase-multilingual-MiniLM-L12-v2.
2026-09-14T16:36:05.2817745Z 2026-09-14 16:36:05,281 INFO httpx: HTTP Request: HEAD https://huggingface.co/sentence-transformers/paraphrase-multilingual-MiniLM-L12-v2/resolve/main/config_sentence_transformers.json "HTTP/1.1 307 Temporary Redirect"
2026-09-14T16:36:05.2913079Z 2026-09-14 16:36:05,291 INFO httpx: HTTP Request: HEAD https://huggingface.co/api/resolve-cache/models/sentence-transformers/paraphrase-multilingual-MiniLM-L12-v2/e8f8c211226b894fcb81acc59f3b34ba3efd5f42/config_sentence_transformers.json?%2Fsentence-transformers%2Fparaphrase-multilingual-MiniLM-L12-v2%2Fresolve%2Fmain%2Fconfig_sentence_transformers.json=&etag=%22b974b349cb2d419ada11181750a733ff82f291ad%22 "HTTP/1.1 200 OK"
2026-09-14T16:36:05.3121996Z 2026-09-14 16:36:05,311 INFO httpx: HTTP Request: HEAD https://huggingface.co/sentence-transformers/paraphrase-multilingual-MiniLM-L12-v2/resolve/main/README.md "HTTP/1.1 307 Temporary Redirect"
2026-09-14T16:36:05.3225740Z 2026-09-14 16:36:05,322 INFO httpx: HTTP Request: HEAD https://huggingface.co/api/resolve-cache/models/sentence-transformers/paraphrase-multilingual-MiniLM-L12-v2/e8f8c211226b894fcb81acc59f3b34ba3efd5f42/README.md?%2Fsentence-transformers%2Fparaphrase-multilingual-MiniLM-L12-v2%2Fresolve%2Fmain%2FREADME.md=&etag=%226bedb7f3622d56b7020f33ab93f6996d33242043%22 "HTTP/1.1 200 OK"
2026-09-14T16:36:05.3436282Z 2026-09-14 16:36:05,343 INFO httpx: HTTP Request: HEAD https://huggingface.co/sentence-transformers/paraphrase-multilingual-MiniLM-L12-v2/resolve/main/modules.json "HTTP/1.1 307 Temporary Redirect"
2026-09-14T16:36:05.3531100Z 2026-09-14 16:36:05,352 INFO httpx: HTTP Request: HEAD https://huggingface.co/api/resolve-cache/models/sentence-transformers/paraphrase-multilingual-MiniLM-L12-v2/e8f8c211226b894fcb81acc59f3b34ba3efd5f42/modules.json?%2Fsentence-transformers%2Fparaphrase-multilingual-MiniLM-L12-v2%2Fresolve%2Fmain%2Fmodules.json=&etag=%22f7640f94e81bb7f4f04daf1668850b38763a13d9%22 "HTTP/1.1 200 OK"
2026-09-14T16:36:05.3735233Z 2026-09-14 16:36:05,373 INFO httpx: HTTP Request: HEAD https://huggingface.co/sentence-transformers/paraphrase-multilingual-MiniLM-L12-v2/resolve/main/sentence_bert_config.json "HTTP/1.1 307 Temporary Redirect"
2026-09-14T16:36:05.3826033Z 2026-09-14 16:36:05,382 INFO httpx: HTTP Request: HEAD https://huggingface.co/api/resolve-cache/models/sentence-transformers/paraphrase-multilingual-MiniLM-L12-v2/e8f8c211226b894fcb81acc59f3b34ba3efd5f42/sentence_bert_config.json?%2Fsentence-transformers%2Fparaphrase-multilingual-MiniLM-L12-v2%2Fresolve%2Fmain%2Fsentence_bert_config.json=&etag=%225fd10429389515d3e5cccdeda08cae5fea1ae82e%22 "HTTP/1.1 200 OK"
2026-09-14T16:36:05.4056442Z 2026-09-14 16:36:05,405 INFO httpx: HTTP Request: HEAD https://huggingface.co/sentence-transformers/paraphrase-multilingual-MiniLM-L12-v2/resolve/main/adapter_config.json "HTTP/1.1 404 Not Found"
2026-09-14T16:36:05.4270373Z 2026-09-14 16:36:05,426 INFO httpx: HTTP Request: HEAD https://huggingface.co/sentence-transformers/paraphrase-multilingual-MiniLM-L12-v2/resolve/main/config.json "HTTP/1.1 307 Temporary Redirect"
2026-09-14T16:36:05.4399041Z 2026-09-14 16:36:05,439 INFO httpx: HTTP Request: HEAD https://huggingface.co/api/resolve-cache/models/sentence-transformers/paraphrase-multilingual-MiniLM-L12-v2/e8f8c211226b894fcb81acc59f3b34ba3efd5f42/config.json?%2Fsentence-transformers%2Fparaphrase-multilingual-MiniLM-L12-v2%2Fresolve%2Fmain%2Fconfig.json=&etag=%22c06d5b49495f044e6380e68a60538be17a6bd5d1%22 "HTTP/1.1 200 OK"
2026-09-14T16:36:05.7589310Z 
2026-09-14T16:36:05.8049936Z Loading weights:   0%|          | 0/199 [00:00<?, ?it/s]
2026-09-14T16:36:05.8051263Z Loading weights: 100%|██████████| 199/199 [00:00<00:00, 4363.68it/s]
2026-09-14T16:36:05.8347519Z 2026-09-14 16:36:05,834 INFO httpx: HTTP Request: HEAD https://huggingface.co/sentence-transformers/paraphrase-multilingual-MiniLM-L12-v2/resolve/main/processor_config.json "HTTP/1.1 404 Not Found"
2026-09-14T16:36:05.8558341Z 2026-09-14 16:36:05,855 INFO httpx: HTTP Request: HEAD https://huggingface.co/sentence-transformers/paraphrase-multilingual-MiniLM-L12-v2/resolve/main/preprocessor_config.json "HTTP/1.1 404 Not Found"
2026-09-14T16:36:05.8752780Z 2026-09-14 16:36:05,874 INFO httpx: HTTP Request: HEAD https://huggingface.co/sentence-transformers/paraphrase-multilingual-MiniLM-L12-v2/resolve/main/video_preprocessor_config.json "HTTP/1.1 404 Not Found"
2026-09-14T16:36:05.8936026Z 2026-09-14 16:36:05,893 INFO httpx: HTTP Request: HEAD https://huggingface.co/sentence-transformers/paraphrase-multilingual-MiniLM-L12-v2/resolve/main/preprocessor_config.json "HTTP/1.1 404 Not Found"
2026-09-14T16:36:05.9156450Z 2026-09-14 16:36:05,915 INFO httpx: HTTP Request: HEAD https://huggingface.co/sentence-transformers/paraphrase-multilingual-MiniLM-L12-v2/resolve/main/tokenizer_config.json "HTTP/1.1 307 Temporary Redirect"
2026-09-14T16:36:05.9253319Z 2026-09-14 16:36:05,924 INFO httpx: HTTP Request: HEAD https://huggingface.co/api/resolve-cache/models/sentence-transformers/paraphrase-multilingual-MiniLM-L12-v2/e8f8c211226b894fcb81acc59f3b34ba3efd5f42/tokenizer_config.json?%2Fsentence-transformers%2Fparaphrase-multilingual-MiniLM-L12-v2%2Fresolve%2Fmain%2Ftokenizer_config.json=&etag=%223c1b565ae10a15a1d0c31096f834af2fd9359e91%22 "HTTP/1.1 200 OK"
2026-09-14T16:36:05.9450585Z 2026-09-14 16:36:05,944 INFO httpx: HTTP Request: HEAD https://huggingface.co/sentence-transformers/paraphrase-multilingual-MiniLM-L12-v2/resolve/main/config.json "HTTP/1.1 307 Temporary Redirect"
2026-09-14T16:36:05.9543244Z 2026-09-14 16:36:05,953 INFO httpx: HTTP Request: HEAD https://huggingface.co/api/resolve-cache/models/sentence-transformers/paraphrase-multilingual-MiniLM-L12-v2/e8f8c211226b894fcb81acc59f3b34ba3efd5f42/config.json?%2Fsentence-transformers%2Fparaphrase-multilingual-MiniLM-L12-v2%2Fresolve%2Fmain%2Fconfig.json=&etag=%22c06d5b49495f044e6380e68a60538be17a6bd5d1%22 "HTTP/1.1 200 OK"
2026-09-14T16:36:05.9783361Z 2026-09-14 16:36:05,977 INFO httpx: HTTP Request: HEAD https://huggingface.co/sentence-transformers/paraphrase-multilingual-MiniLM-L12-v2/resolve/main/config.json "HTTP/1.1 307 Temporary Redirect"
2026-09-14T16:36:05.9886048Z 2026-09-14 16:36:05,988 INFO httpx: HTTP Request: HEAD https://huggingface.co/api/resolve-cache/models/sentence-transformers/paraphrase-multilingual-MiniLM-L12-v2/e8f8c211226b894fcb81acc59f3b34ba3efd5f42/config.json?%2Fsentence-transformers%2Fparaphrase-multilingual-MiniLM-L12-v2%2Fresolve%2Fmain%2Fconfig.json=&etag=%22c06d5b49495f044e6380e68a60538be17a6bd5d1%22 "HTTP/1.1 200 OK"
2026-09-14T16:36:06.0097139Z 2026-09-14 16:36:06,009 INFO httpx: HTTP Request: HEAD https://huggingface.co/sentence-transformers/paraphrase-multilingual-MiniLM-L12-v2/resolve/main/tokenizer_config.json "HTTP/1.1 307 Temporary Redirect"
2026-09-14T16:36:06.0191419Z 2026-09-14 16:36:06,018 INFO httpx: HTTP Request: HEAD https://huggingface.co/api/resolve-cache/models/sentence-transformers/paraphrase-multilingual-MiniLM-L12-v2/e8f8c211226b894fcb81acc59f3b34ba3efd5f42/tokenizer_config.json?%2Fsentence-transformers%2Fparaphrase-multilingual-MiniLM-L12-v2%2Fresolve%2Fmain%2Ftokenizer_config.json=&etag=%223c1b565ae10a15a1d0c31096f834af2fd9359e91%22 "HTTP/1.1 200 OK"
2026-09-14T16:36:06.0388883Z 2026-09-14 16:36:06,038 INFO httpx: HTTP Request: HEAD https://huggingface.co/sentence-transformers/paraphrase-multilingual-MiniLM-L12-v2/resolve/main/tokenizer_config.json "HTTP/1.1 307 Temporary Redirect"
2026-09-14T16:36:06.0494190Z 2026-09-14 16:36:06,048 INFO httpx: HTTP Request: HEAD https://huggingface.co/api/resolve-cache/models/sentence-transformers/paraphrase-multilingual-MiniLM-L12-v2/e8f8c211226b894fcb81acc59f3b34ba3efd5f42/tokenizer_config.json?%2Fsentence-transformers%2Fparaphrase-multilingual-MiniLM-L12-v2%2Fresolve%2Fmain%2Ftokenizer_config.json=&etag=%223c1b565ae10a15a1d0c31096f834af2fd9359e91%22 "HTTP/1.1 200 OK"
2026-09-14T16:36:06.0708976Z 2026-09-14 16:36:06,070 INFO httpx: HTTP Request: GET https://huggingface.co/api/models/sentence-transformers/paraphrase-multilingual-MiniLM-L12-v2/tree/main/additional_chat_templates?recursive=false&expand=false "HTTP/1.1 404 Not Found"
2026-09-14T16:36:06.0925291Z 2026-09-14 16:36:06,092 INFO httpx: HTTP Request: GET https://huggingface.co/api/models/sentence-transformers/paraphrase-multilingual-MiniLM-L12-v2/tree/main?recursive=true&expand=false "HTTP/1.1 200 OK"
2026-09-14T16:36:07.6683018Z 2026-09-14 16:36:07,667 INFO httpx: HTTP Request: GET https://huggingface.co/api/models/sentence-transformers/paraphrase-multilingual-MiniLM-L12-v2 "HTTP/1.1 200 OK"
2026-09-14T16:36:07.9218350Z 2026-09-14 16:36:07,921 INFO httpx: HTTP Request: HEAD https://huggingface.co/sentence-transformers/paraphrase-multilingual-MiniLM-L12-v2/resolve/main/1_Pooling/config.json "HTTP/1.1 307 Temporary Redirect"
2026-09-14T16:36:07.9310969Z 2026-09-14 16:36:07,930 INFO httpx: HTTP Request: HEAD https://huggingface.co/api/resolve-cache/models/sentence-transformers/paraphrase-multilingual-MiniLM-L12-v2/e8f8c211226b894fcb81acc59f3b34ba3efd5f42/1_Pooling%2Fconfig.json?%2Fsentence-transformers%2Fparaphrase-multilingual-MiniLM-L12-v2%2Fresolve%2Fmain%2F1_Pooling%2Fconfig.json=&etag=%22d1514c3162bbe87b343f565fadc62e6c06f04f03%22 "HTTP/1.1 200 OK"
2026-09-14T16:36:07.9535425Z 2026-09-14 16:36:07,953 INFO httpx: HTTP Request: GET https://huggingface.co/api/models/sentence-transformers/paraphrase-multilingual-MiniLM-L12-v2 "HTTP/1.1 200 OK"
2026-09-14T16:36:20.0188979Z 2026-09-14 16:36:20,018 INFO agent.pipeline: collect: dropped 30 stale date-only item(s) older than 72h
2026-09-14T16:36:20.0784166Z 2026-09-14 16:36:20,078 INFO agent.pipeline: collect: fetched=917 new=138 dup(url/norm/title)=776/0/3 pruned=0
2026-09-14T16:36:20.1109672Z 2026-09-14 16:36:20,110 INFO agent.pipeline: filter: topic gate dropped 19 of 138 items (7 gated sources)
2026-09-14T16:36:20.1143225Z 
2026-09-14T16:36:21.5256292Z Batches:   0%|          | 0/4 [00:00<?, ?it/s]
2026-09-14T16:36:22.7259195Z Batches:  25%|██▌       | 1/4 [00:01<00:04,  1.41s/it]
2026-09-14T16:36:23.4064877Z Batches:  50%|█████     | 2/4 [00:02<00:02,  1.29s/it]
2026-09-14T16:36:23.7914768Z Batches:  75%|███████▌  | 3/4 [00:03<00:01,  1.01s/it]
2026-09-14T16:36:23.7915843Z Batches: 100%|██████████| 4/4 [00:03<00:00,  1.31it/s]
2026-09-14T16:36:23.7916654Z Batches: 100%|██████████| 4/4 [00:03<00:00,  1.09it/s]
2026-09-14T16:36:23.8905998Z 2026-09-14 16:36:23,890 ERROR agent.pipeline: cluster cap: 64 clusters, keeping 40, dropping 24 (see cap_dropped rows in chosen.csv); keys: 81b10578a7065dc6, fe2f49502661eb0d, d0307889012c2474, 34eb20c03df604db, 650e7f4b3e918869, 75118db689bb817b, 17dca6dc2f979a93, 278c2a20ae392dac, 3f07e0203bfdcb97, d289d3f138fc676a, db4624da9ea96958, 04f6243403108117, 89c86bc12ab56395, 017cbe24894c1927, e7fd5818f4d0a688, 2aed1b8f87754f98, d06f5b69ab7da063, c005628df7feac51, a069a3d742fdf1de, f32c0955a074533e, 90c12e31bfb57803, f84ec4ac80dbf692, e641bf7878dd9bd6, 17d7cdc039aff168
2026-09-14T16:36:23.8908658Z 2026-09-14 16:36:23,890 INFO agent.pipeline: cluster: 119 items -> 40 clusters (threshold 0.55)
2026-09-14T16:36:24.4693951Z 2026-09-14 16:36:24,468 INFO agent.pipeline: llm call #1 stage=understand provider=gemini model=gemini-3.8-flash outcome=status_503 latency_ms=578 tokens_in=0 tokens_out=0 prompt_hash=2d624712b142eeae
2026-09-14T16:36:28.6222448Z 2026-09-14 16:36:28,621 INFO agent.pipeline: llm call #2 stage=understand provider=groq model=qwen/qwen3.8-27b outcome=ok latency_ms=2152 tokens_in=3668 tokens_out=806 prompt_hash=2d624712b142eeae
2026-09-14T16:36:28.6224377Z 2026-09-14 16:36:28,622 INFO agent.pipeline: understand: cluster 69f684f026910dcb dropped by content filter (clickbait=True irrelevant=True)
2026-09-14T16:36:28.6225349Z 2026-09-14 16:36:28,622 INFO agent.pipeline: understand: cluster 63309ef8dc7300a6 dropped by content filter (clickbait=False irrelevant=True)
2026-09-14T16:36:36.8569988Z 2026-09-14 16:36:36,856 ERROR agent.pipeline: llm breaker: provider gemini open after 2 consecutive failures -- skipped for the rest of this run
2026-09-14T16:36:36.8571785Z 2026-09-14 16:36:36,856 INFO agent.pipeline: llm call #3 stage=understand provider=gemini model=gemini-3.8-flash outcome=status_503 latency_ms=965 tokens_in=0 tokens_out=0 prompt_hash=9560a61695cacfae
2026-09-14T16:37:28.7965702Z 2026-09-14 16:37:28,795 INFO agent.pipeline: llm call #4 stage=understand provider=groq model=qwen/qwen3.8-27b outcome=ok latency_ms=2326 tokens_in=2491 tokens_out=853 prompt_hash=9560a61695cacfae
2026-09-14T16:37:28.7967898Z 2026-09-14 16:37:28,796 INFO agent.pipeline: understand: cluster d4ba34b216bdabb0 dropped by content filter (clickbait=False irrelevant=True)
2026-09-14T16:37:28.7971661Z 2026-09-14 16:37:28,796 ERROR agent.pipeline: llm: skipping gemini (circuit breaker open)
2026-09-14T16:38:28.9739084Z 2026-09-14 16:38:28,973 INFO agent.pipeline: llm call #5 stage=understand provider=groq model=qwen/qwen3.8-27b outcome=ok latency_ms=2503 tokens_in=1879 tokens_out=1029 prompt_hash=497c9929fd204c28
2026-09-14T16:38:28.9741321Z 2026-09-14 16:38:28,973 INFO agent.pipeline: understand: cluster f0bbef26828b1786 dropped by content filter (clickbait=True irrelevant=True)
2026-09-14T16:38:28.9742585Z 2026-09-14 16:38:28,973 INFO agent.pipeline: understand: cluster ce9ce46ee0e4f72b dropped by content filter (clickbait=False irrelevant=True)
2026-09-14T16:38:28.9743698Z 2026-09-14 16:38:28,973 INFO agent.pipeline: understand: cluster 7b4f8599f51454a8 dropped by content filter (clickbait=False irrelevant=True)
2026-09-14T16:39:28.6598341Z 2026-09-14 16:39:28,659 INFO agent.pipeline: llm call #6 stage=understand provider=groq model=qwen/qwen3.8-27b outcome=ok latency_ms=2189 tokens_in=1644 tokens_out=907 prompt_hash=30f60ffd56c1b50b
2026-09-14T16:39:28.6600274Z 2026-09-14 16:39:28,659 INFO agent.pipeline: understand: cluster 3514d46a153f0e14 dropped by content filter (clickbait=False irrelevant=True)
2026-09-14T16:39:28.6601581Z 2026-09-14 16:39:28,659 INFO agent.pipeline: understand: cluster 699eaadb5dff6059 dropped by content filter (clickbait=False irrelevant=True)
2026-09-14T16:40:26.5708057Z 2026-09-14 16:40:26,570 INFO agent.pipeline: llm call #7 stage=understand provider=groq model=qwen/qwen3.8-27b outcome=status_429 latency_ms=100 tokens_in=0 tokens_out=0 prompt_hash=f9852cc00741cc8b
2026-09-14T16:40:26.5709248Z 2026-09-14 16:40:26,570 INFO agent.pipeline: llm: provider groq 429 -- waiting 30s then retrying same provider (token wall, not sickness)
2026-09-14T16:41:28.3637911Z 2026-09-14 16:41:28,363 INFO agent.pipeline: llm call #8 stage=understand provider=groq model=qwen/qwen3.8-27b outcome=ok latency_ms=1892 tokens_in=1603 tokens_out=781 prompt_hash=f9852cc00741cc8b
2026-09-14T16:41:28.3639129Z 2026-09-14 16:41:28,363 INFO agent.pipeline: understand: cluster 681da06acd58ab5d dropped by content filter (clickbait=False irrelevant=True)
2026-09-14T16:41:28.3640064Z 2026-09-14 16:41:28,363 INFO agent.pipeline: understand: cluster d688c6e353b4989f dropped by content filter (clickbait=False irrelevant=True)
2026-09-14T16:41:28.3641012Z 2026-09-14 16:41:28,363 INFO agent.pipeline: understand: cluster ff0e74ca8c08173b dropped by content filter (clickbait=False irrelevant=True)
2026-09-14T16:41:28.3641894Z 2026-09-14 16:41:28,363 INFO agent.pipeline: understand: cluster c4721a3dc4c745d6 dropped by content filter (clickbait=False irrelevant=True)
2026-09-14T16:42:28.7285285Z 2026-09-14 16:42:28,727 INFO agent.pipeline: llm call #9 stage=understand provider=groq model=qwen/qwen3.8-27b outcome=ok latency_ms=2257 tokens_in=3208 tokens_out=952 prompt_hash=571f50a2bcdacbda
2026-09-14T16:42:28.7287470Z 2026-09-14 16:42:28,728 INFO agent.pipeline: understand: cluster e7add53c4ea09c90 dropped by content filter (clickbait=False irrelevant=True)
2026-09-14T16:42:28.7288815Z 2026-09-14 16:42:28,728 INFO agent.pipeline: understand: cluster 26f323e9142a4c3d dropped by content filter (clickbait=False irrelevant=True)
2026-09-14T16:43:28.2849950Z 2026-09-14 16:43:28,284 INFO agent.pipeline: llm call #10 stage=understand provider=groq model=qwen/qwen3.8-27b outcome=ok latency_ms=1813 tokens_in=1672 tokens_out=798 prompt_hash=1ce961a119b4cf30
2026-09-14T16:44:28.6384624Z 2026-09-14 16:44:28,637 INFO agent.pipeline: llm call #11 stage=understand provider=groq model=qwen/qwen3.8-27b outcome=ok latency_ms=2167 tokens_in=2109 tokens_out=898 prompt_hash=2fa4bb6d336beaba
2026-09-14T16:44:28.6386564Z 2026-09-14 16:44:28,638 INFO agent.pipeline: understand: cluster 4f59ad8617bec779 dropped by content filter (clickbait=False irrelevant=True)
2026-09-14T16:44:28.6388678Z 2026-09-14 16:44:28,638 INFO agent.pipeline: understand: 25 events from 40 clusters
2026-09-14T16:44:28.6632425Z 
2026-09-14T16:44:29.3070540Z Batches:   0%|          | 0/1 [00:00<?, ?it/s]
2026-09-14T16:44:29.3071578Z Batches: 100%|██████████| 1/1 [00:00<00:00,  1.55it/s]
2026-09-14T16:44:29.3072248Z Batches: 100%|██████████| 1/1 [00:00<00:00,  1.55it/s]
2026-09-14T16:44:29.3107698Z 
2026-09-14T16:44:30.1859089Z Batches:   0%|          | 0/8 [00:00<?, ?it/s]
2026-09-14T16:44:30.8126618Z Batches:  12%|█▎        | 1/8 [00:00<00:06,  1.14it/s]
2026-09-14T16:44:31.4018674Z Batches:  25%|██▌       | 2/8 [00:01<00:04,  1.37it/s]
2026-09-14T16:44:31.9459210Z Batches:  38%|███▊      | 3/8 [00:02<00:03,  1.50it/s]
2026-09-14T16:44:32.5126358Z Batches:  50%|█████     | 4/8 [00:02<00:02,  1.62it/s]
2026-09-14T16:44:32.9983529Z Batches:  62%|██████▎   | 5/8 [00:03<00:01,  1.67it/s]
2026-09-14T16:44:33.4035276Z Batches:  75%|███████▌  | 6/8 [00:03<00:01,  1.78it/s]
2026-09-14T16:44:33.6358772Z Batches:  88%|████████▊ | 7/8 [00:04<00:00,  1.96it/s]
2026-09-14T16:44:33.6359505Z Batches: 100%|██████████| 8/8 [00:04<00:00,  2.37it/s]
2026-09-14T16:44:33.6360144Z Batches: 100%|██████████| 8/8 [00:04<00:00,  1.85it/s]
2026-09-14T16:44:33.6441680Z 2026-09-14 16:44:33,643 INFO agent.pipeline: validate: b9fd11e2 matched a repeat (sim 0.94) but bypassed as a follow-up (band=high) (band=high sim=0.94 score=15.27 kept=development prior=2f9e45dc)
2026-09-14T16:44:33.6491777Z 2026-09-14 16:44:33,648 INFO agent.pipeline: validate: 2055209f matched a repeat (sim 0.73) but bypassed as a follow-up (band=mid) (band=mid sim=0.73 score=14.91 kept=above_floor prior=7ba5743c)
2026-09-14T16:44:33.6542043Z 2026-09-14 16:44:33,653 INFO agent.pipeline: validate: 51bd8463 dropped as a repeat (sim 0.86, band=high sim=0.86 score=12.08 blocked=no_development prior=0ecf3829)
2026-09-14T16:44:33.6640580Z 2026-09-14 16:44:33,663 INFO agent.pipeline: validate: 465d2ca8 dropped as a repeat (sim 0.80, band=high sim=0.80 score=13.57 blocked=no_development prior=4a5f0ac3)
2026-09-14T16:44:33.6689966Z 2026-09-14 16:44:33,668 INFO agent.pipeline: validate: 08e9d05e dropped as a repeat (sim 0.81, band=high sim=0.81 score=11.04 blocked=no_development prior=ca37d8b0)
2026-09-14T16:44:33.6739564Z 2026-09-14 16:44:33,673 INFO agent.pipeline: validate: 4c6e2e25 dropped as a repeat (sim 0.69, band=mid sim=0.69 score=10.24 blocked=below_floor prior=36eb27c1)
2026-09-14T16:44:33.6789346Z 2026-09-14 16:44:33,678 INFO agent.pipeline: validate: b3397f5d dropped as a repeat (sim 0.67, band=mid sim=0.67 score=9.87 blocked=below_floor prior=3b84031e)
2026-09-14T16:44:33.6839056Z 2026-09-14 16:44:33,683 INFO agent.pipeline: validate: b32be372 dropped as a repeat (sim 0.81, band=high sim=0.81 score=12.07 blocked=no_development prior=3cb43f0a)
2026-09-14T16:44:33.6887681Z 2026-09-14 16:44:33,688 INFO agent.pipeline: validate: d1f4388e dropped as a repeat (sim 0.65, band=mid sim=0.65 score=9.82 blocked=below_floor prior=506a3eb9)
2026-09-14T16:44:33.6936204Z 2026-09-14 16:44:33,693 INFO agent.pipeline: validate: 8de5d6a7 dropped as a repeat (sim 0.66, band=mid sim=0.66 score=10.91 blocked=below_floor prior=8d46dc53)
2026-09-14T16:44:33.7031955Z 2026-09-14 16:44:33,702 INFO agent.pipeline: validate: 76ea8edf dropped as a repeat (sim 0.73, band=mid sim=0.73 score=7.00 blocked=below_floor prior=e037039f)
2026-09-14T16:44:33.7081255Z 2026-09-14 16:44:33,707 INFO agent.pipeline: validate: e143d784 dropped as a repeat (sim 0.73, band=mid sim=0.73 score=8.30 blocked=below_floor prior=352d6538)
2026-09-14T16:44:33.7130577Z 2026-09-14 16:44:33,712 INFO agent.pipeline: validate: b3bc2a3f dropped as a repeat (sim 0.69, band=mid sim=0.69 score=9.28 blocked=below_floor prior=25b5e5c0)
2026-09-14T16:44:33.7179020Z 2026-09-14 16:44:33,717 INFO agent.pipeline: validate: eb38510f dropped as a repeat (sim 0.81, band=high sim=0.81 score=9.22 blocked=both prior=e2a101e7)
2026-09-14T16:44:33.7277926Z 2026-09-14 16:44:33,727 INFO agent.pipeline: validate: d6035df3 dropped as a repeat (sim 0.70, band=mid sim=0.70 score=7.88 blocked=below_floor prior=ab83a390)
2026-09-14T16:44:33.7326349Z 2026-09-14 16:44:33,732 INFO agent.pipeline: validate: 1c720f3f dropped as a repeat (sim 0.58, band=mid sim=0.58 score=5.87 blocked=below_floor prior=62824144)
2026-09-14T16:44:33.7473772Z 2026-09-14 16:44:33,746 INFO agent.pipeline: validate: 501beb9e dropped as a repeat (sim 0.64, band=mid sim=0.64 score=5.94 blocked=below_floor prior=a588cc05)
2026-09-14T16:44:33.7523011Z 2026-09-14 16:44:33,752 INFO agent.pipeline: validate: 0a6c3817 dropped as a repeat (sim 0.66, band=mid sim=0.66 score=9.04 blocked=below_floor prior=0217d88a)
2026-09-14T16:44:33.7572893Z 2026-09-14 16:44:33,757 INFO agent.pipeline: validate: cc232a9d dropped as a repeat (sim 0.58, band=mid sim=0.58 score=7.02 blocked=below_floor prior=2f9e45dc)
2026-09-14T16:44:33.7621691Z 2026-09-14 16:44:33,761 INFO agent.pipeline: validate: 81adc4ca dropped as a repeat (sim 0.59, band=mid sim=0.59 score=10.88 blocked=below_floor prior=cd1e4760)
2026-09-14T16:44:33.7665331Z 
2026-09-14T16:44:33.9288271Z Batches:   0%|          | 0/1 [00:00<?, ?it/s]
2026-09-14T16:44:33.9290003Z Batches: 100%|██████████| 1/1 [00:00<00:00,  6.18it/s]
2026-09-14T16:44:33.9291236Z Batches: 100%|██████████| 1/1 [00:00<00:00,  6.17it/s]
2026-09-14T16:44:33.9407549Z 2026-09-14 16:44:33,940 INFO agent.pipeline: validate: 25 event(s) -> 2 likely / 2 unconfirmed / 3 rumour
2026-09-14T16:44:33.9419951Z 2026-09-14 16:44:33,941 INFO agent.pipeline: rank: 3 event(s) below min_score 8.0 -- not in the digest: 3f11fc51, 44b57107, 14196056
2026-09-14T16:44:33.9539779Z 2026-09-14 16:44:33,953 INFO agent.pipeline: compose: 4 event(s) -> 1 message(s)
2026-09-14T16:44:34.3794345Z 2026-09-14 16:44:34,378 INFO agent.pipeline: deliver: message sent (1213 chars, attempts=1)
2026-09-14T16:44:34.4013244Z 2026-09-14 16:44:34,401 INFO agent.run: reports: wrote read_20260914T163559Z.csv, chosen_20260914T163559Z.csv, summaries_20260914T163559Z.csv, run_20260914T163559Z.csv, pairs_20260914T163559Z.csv
2026-09-14T16:44:34.4014409Z 2026-09-14 16:44:34,401 INFO agent.run: run summary: items=138 clusters=40 messages=1
2026-09-14T16:44:35.8488020Z ##[group]Run python -m agent.feedback --db state.db
2026-09-14T16:44:35.8488701Z [36;1mpython -m agent.feedback --db state.db[0m
2026-09-14T16:44:35.8530565Z shell: /usr/bin/bash -e {0}
2026-09-14T16:44:35.8531054Z env:
2026-09-14T16:44:35.8531571Z   pythonLocation: /opt/hostedtoolcache/Python/3.11.16/x64
2026-09-14T16:44:35.8532297Z   PKG_CONFIG_PATH: /opt/hostedtoolcache/Python/3.11.16/x64/lib/pkgconfig
2026-09-14T16:44:35.8532972Z   Python_ROOT_DIR: /opt/hostedtoolcache/Python/3.11.16/x64
2026-09-14T16:44:35.8533598Z   Python2_ROOT_DIR: /opt/hostedtoolcache/Python/3.11.16/x64
2026-09-14T16:44:35.8534224Z   Python3_ROOT_DIR: /opt/hostedtoolcache/Python/3.11.16/x64
2026-09-14T16:44:35.8534888Z   LD_LIBRARY_PATH: /opt/hostedtoolcache/Python/3.11.16/x64/lib
2026-09-14T16:44:35.8535825Z   TELEGRAM_BOT_TOKEN: ***
2026-09-14T16:44:35.8536326Z   NEWS_CURATOR_REPORT_DIR: reports
2026-09-14T16:44:35.8536818Z ##[endgroup]
2026-09-14T16:44:36.4058426Z 2026-09-14 16:44:36,405 INFO agent.feedback: feedback: harvested 0 record(s) (offset None -> None, csv=None)
2026-09-14T16:44:36.4407383Z ##[group]Run if [ ! -f state.db ]; then
2026-09-14T16:44:36.4408055Z [36;1mif [ ! -f state.db ]; then[0m
2026-09-14T16:44:36.4408765Z [36;1m  echo "no state.db -- skipping encrypt (decrypt halts or no collect ran)"[0m
2026-09-14T16:44:36.4409450Z [36;1m  exit 0[0m
2026-09-14T16:44:36.4409823Z [36;1mfi[0m
2026-09-14T16:44:36.4410506Z [36;1mage -r "$AGE_PUBLIC_KEY" -o state.db.age.new state.db && mv state.db.age.new state.db.age[0m
2026-09-14T16:44:36.4468872Z shell: /usr/bin/bash -e {0}
2026-09-14T16:44:36.4469352Z env:
2026-09-14T16:44:36.4469844Z   pythonLocation: /opt/hostedtoolcache/Python/3.11.16/x64
2026-09-14T16:44:36.4470651Z   PKG_CONFIG_PATH: /opt/hostedtoolcache/Python/3.11.16/x64/lib/pkgconfig
2026-09-14T16:44:36.4471447Z   Python_ROOT_DIR: /opt/hostedtoolcache/Python/3.11.16/x64
2026-09-14T16:44:36.4472468Z   Python2_ROOT_DIR: /opt/hostedtoolcache/Python/3.11.16/x64
2026-09-14T16:44:36.4473163Z   Python3_ROOT_DIR: /opt/hostedtoolcache/Python/3.11.16/x64
2026-09-14T16:44:36.4473926Z   LD_LIBRARY_PATH: /opt/hostedtoolcache/Python/3.11.16/x64/lib
2026-09-14T16:44:36.4474991Z   AGE_PUBLIC_KEY: ***
2026-09-14T16:44:36.4475393Z ##[endgroup]
2026-09-14T16:44:36.5085733Z Node 20 is being deprecated. This workflow is running with Node 24 by default. If you need to temporarily use Node 20, you can set the ACTIONS_ALLOW_USE_UNSECURE_NODE_VERSION=true environment variable. For more information see: https://github.blog/changelog/2025-09-19-deprecation-of-node-20-on-github-actions-runners/
2026-09-14T16:44:36.5087114Z ##[group]Run actions/upload-artifact@v4
2026-09-14T16:44:36.5087435Z with:
2026-09-14T16:44:36.5087671Z   name: state-db
2026-09-14T16:44:36.5087922Z   path: state.db.age
2026-09-14T16:44:36.5088180Z   retention-days: 90
2026-09-14T16:44:36.5088458Z   if-no-files-found: ignore
2026-09-14T16:44:36.5088741Z   compression-level: 6
2026-09-14T16:44:36.5089005Z   overwrite: false
2026-09-14T16:44:36.5089270Z   include-hidden-files: false
2026-09-14T16:44:36.5089554Z env:
2026-09-14T16:44:36.5089856Z   pythonLocation: /opt/hostedtoolcache/Python/3.11.16/x64
2026-09-14T16:44:36.5090376Z   PKG_CONFIG_PATH: /opt/hostedtoolcache/Python/3.11.16/x64/lib/pkgconfig
2026-09-14T16:44:36.5090846Z   Python_ROOT_DIR: /opt/hostedtoolcache/Python/3.11.16/x64
2026-09-14T16:44:36.5091265Z   Python2_ROOT_DIR: /opt/hostedtoolcache/Python/3.11.16/x64
2026-09-14T16:44:36.5091678Z   Python3_ROOT_DIR: /opt/hostedtoolcache/Python/3.11.16/x64
2026-09-14T16:44:36.5092086Z   LD_LIBRARY_PATH: /opt/hostedtoolcache/Python/3.11.16/x64/lib
2026-09-14T16:44:36.5092454Z ##[endgroup]
2026-09-14T16:44:36.8018534Z (node:3014) [DEP0040] DeprecationWarning: The `punycode` module is deprecated. Please use a userland alternative instead.
2026-09-14T16:44:36.8019437Z (Use `node --trace-deprecation ...` to show where the warning was created)
2026-09-14T16:44:36.8079518Z With the provided path, there will be 1 file uploaded
2026-09-14T16:44:36.8080449Z Artifact name is valid!
2026-09-14T16:44:36.8080871Z Root directory input is valid!
2026-09-14T16:44:37.0525579Z Beginning upload of artifact content to blob storage
2026-09-14T16:44:37.3582242Z (node:3014) [DEP0169] DeprecationWarning: `url.parse()` behavior is not standardized and prone to errors that have security implications. Use the WHATWG URL API instead. CVEs are not issued for `url.parse()` vulnerabilities.
2026-09-14T16:44:37.5737268Z Uploaded bytes 8388608
2026-09-14T16:44:37.8424009Z Uploaded bytes 16777216
2026-09-14T16:44:38.1261294Z Uploaded bytes 25165824
2026-09-14T16:44:38.2440320Z Uploaded bytes 31347855
2026-09-14T16:44:38.2635400Z Finished uploading artifact content to blob storage!
2026-09-14T16:44:38.2636490Z SHA256 digest of uploaded artifact zip is ce29af0c544ee72b463ca311d1aacf8ec404d2391faf8655312d62500d9c179f
2026-09-14T16:44:38.2640172Z Finalizing artifact upload
2026-09-14T16:44:38.4634811Z Artifact state-db.zip successfully finalized. Artifact ID 10358204256
2026-09-14T16:44:38.4635903Z Artifact state-db has been successfully uploaded! Final size is 31347855 bytes. Artifact ID is 10358204256
2026-09-14T16:44:38.4642148Z Artifact download URL: https://github.com/mmousavi93-bit/news-curator/actions/runs/34869394223/artifacts/10358204256
2026-09-14T16:44:38.4857560Z Node 20 is being deprecated. This workflow is running with Node 24 by default. If you need to temporarily use Node 20, you can set the ACTIONS_ALLOW_USE_UNSECURE_NODE_VERSION=true environment variable. For more information see: https://github.blog/changelog/2025-09-19-deprecation-of-node-20-on-github-actions-runners/
2026-09-14T16:44:38.4859773Z ##[group]Run actions/upload-artifact@v4
2026-09-14T16:44:38.4860294Z with:
2026-09-14T16:44:38.4860655Z   name: run-reports
2026-09-14T16:44:38.4861054Z   path: reports/*.csv
2026-09-14T16:44:38.4861462Z   retention-days: 90
2026-09-14T16:44:38.4862198Z   if-no-files-found: ignore
2026-09-14T16:44:38.4862654Z   compression-level: 6
2026-09-14T16:44:38.4863073Z   overwrite: false
2026-09-14T16:44:38.4863481Z   include-hidden-files: false
2026-09-14T16:44:38.4863930Z env:
2026-09-14T16:44:38.4864401Z   pythonLocation: /opt/hostedtoolcache/Python/3.11.16/x64
2026-09-14T16:44:38.4865230Z   PKG_CONFIG_PATH: /opt/hostedtoolcache/Python/3.11.16/x64/lib/pkgconfig
2026-09-14T16:44:38.4866045Z   Python_ROOT_DIR: /opt/hostedtoolcache/Python/3.11.16/x64
2026-09-14T16:44:38.4866723Z   Python2_ROOT_DIR: /opt/hostedtoolcache/Python/3.11.16/x64
2026-09-14T16:44:38.4867616Z   Python3_ROOT_DIR: /opt/hostedtoolcache/Python/3.11.16/x64
2026-09-14T16:44:38.4868323Z   LD_LIBRARY_PATH: /opt/hostedtoolcache/Python/3.11.16/x64/lib
2026-09-14T16:44:38.4868922Z ##[endgroup]
2026-09-14T16:44:38.6655016Z (node:3026) [DEP0040] DeprecationWarning: The `punycode` module is deprecated. Please use a userland alternative instead.
2026-09-14T16:44:38.6655823Z (Use `node --trace-deprecation ...` to show where the warning was created)
2026-09-14T16:44:38.6734012Z With the provided path, there will be 5 files uploaded
2026-09-14T16:44:38.6735054Z Artifact name is valid!
2026-09-14T16:44:38.6735596Z Root directory input is valid!
2026-09-14T16:44:38.9152865Z Beginning upload of artifact content to blob storage
2026-09-14T16:44:38.9434171Z (node:3026) [DEP0169] DeprecationWarning: `url.parse()` behavior is not standardized and prone to errors that have security implications. Use the WHATWG URL API instead. CVEs are not issued for `url.parse()` vulnerabilities.
2026-09-14T16:44:38.9929125Z Uploaded bytes 32462
2026-09-14T16:44:39.0136742Z Finished uploading artifact content to blob storage!
2026-09-14T16:44:39.0138040Z SHA256 digest of uploaded artifact zip is 350faaf3b8b35091d3f17df005a8f63a56bbc48bc36d6483717d9d80d47f0553
2026-09-14T16:44:39.0139271Z Finalizing artifact upload
2026-09-14T16:44:39.1921088Z Artifact run-reports.zip successfully finalized. Artifact ID 10358024713
2026-09-14T16:44:39.1922267Z Artifact run-reports has been successfully uploaded! Final size is 32462 bytes. Artifact ID is 10358024713
2026-09-14T16:44:39.1929092Z Artifact download URL: https://github.com/mmousavi93-bit/news-curator/actions/runs/34869394223/artifacts/10358024713
2026-09-14T16:44:39.2082176Z ##[group]Run if [ ! -f state.db.age ]; then
2026-09-14T16:44:39.2082835Z [36;1mif [ ! -f state.db.age ]; then[0m
2026-09-14T16:44:39.2083578Z [36;1m  echo "no state.db.age -- nothing to push (decrypt halts or no state)"[0m
2026-09-14T16:44:39.2084285Z [36;1m  exit 0[0m
2026-09-14T16:44:39.2084679Z [36;1mfi[0m
2026-09-14T16:44:39.2085240Z [36;1m# The runner has no git identity; the commit below fails without[0m
2026-09-14T16:44:39.2086021Z [36;1m# one (exit 128, "empty ident name" -- first run evidence[0m
2026-09-14T16:44:39.2086746Z [36;1m# 2026-08-29). Runner-local config, never committed.[0m
2026-09-14T16:44:39.2087627Z [36;1mgit config user.name "news-curator-bot"[0m
2026-09-14T16:44:39.2088389Z [36;1mgit config user.email "news-curator-bot@users.noreply.github.com"[0m
2026-09-14T16:44:39.2089122Z [36;1mgit fetch origin state --quiet || true[0m
2026-09-14T16:44:39.2089743Z [36;1mgit branch -D state-upload 2>/dev/null || true[0m
2026-09-14T16:44:39.2090433Z [36;1mgit checkout --orphan state-upload --quiet[0m
2026-09-14T16:44:39.2090987Z [36;1mgit rm -rf . --quiet || true[0m
2026-09-14T16:44:39.2091521Z [36;1mcp state.db.age state-upload.db.age[0m
2026-09-14T16:44:39.2092099Z [36;1mmv state-upload.db.age state.db.age[0m
2026-09-14T16:44:39.2092657Z [36;1mgit add -f state.db.age[0m
2026-09-14T16:44:39.2093296Z [36;1mgit commit -m "state $(date -u +%Y-%m-%dT%H:%M:%SZ)" --quiet[0m
2026-09-14T16:44:39.2094215Z [36;1mgit push -f origin state-upload:state --quiet[0m
2026-09-14T16:44:39.2094855Z [36;1mgit checkout -f main --quiet[0m
2026-09-14T16:44:39.2095431Z [36;1mgit branch -D state-upload --quiet[0m
2026-09-14T16:44:39.2152228Z shell: /usr/bin/bash -e {0}
2026-09-14T16:44:39.2153020Z env:
2026-09-14T16:44:39.2153493Z   pythonLocation: /opt/hostedtoolcache/Python/3.11.16/x64
2026-09-14T16:44:39.2154351Z   PKG_CONFIG_PATH: /opt/hostedtoolcache/Python/3.11.16/x64/lib/pkgconfig
2026-09-14T16:44:39.2155148Z   Python_ROOT_DIR: /opt/hostedtoolcache/Python/3.11.16/x64
2026-09-14T16:44:39.2155864Z   Python2_ROOT_DIR: /opt/hostedtoolcache/Python/3.11.16/x64
2026-09-14T16:44:39.2156541Z   Python3_ROOT_DIR: /opt/hostedtoolcache/Python/3.11.16/x64
2026-09-14T16:44:39.2157474Z   LD_LIBRARY_PATH: /opt/hostedtoolcache/Python/3.11.16/x64/lib
2026-09-14T16:44:39.2158098Z ##[endgroup]
2026-09-14T16:44:46.6491333Z Node 20 is being deprecated. This workflow is running with Node 24 by default. If you need to temporarily use Node 20, you can set the ACTIONS_ALLOW_USE_UNSECURE_NODE_VERSION=true environment variable. For more information see: https://github.blog/changelog/2025-09-19-deprecation-of-node-20-on-github-actions-runners/
2026-09-14T16:44:46.6492602Z Post job cleanup.
2026-09-14T16:44:46.7783164Z Cache hit occurred on the primary key hf-Linux-minilm-v1, not saving cache.
2026-09-14T16:44:46.7785870Z (node:3065) [DEP0040] DeprecationWarning: The `punycode` module is deprecated. Please use a userland alternative instead.
2026-09-14T16:44:46.7786806Z (Use `node --trace-deprecation ...` to show where the warning was created)
2026-09-14T16:44:46.7928150Z Node 20 is being deprecated. This workflow is running with Node 24 by default. If you need to temporarily use Node 20, you can set the ACTIONS_ALLOW_USE_UNSECURE_NODE_VERSION=true environment variable. For more information see: https://github.blog/changelog/2025-09-19-deprecation-of-node-20-on-github-actions-runners/
2026-09-14T16:44:46.7929383Z Post job cleanup.
2026-09-14T16:44:46.9329533Z Cache hit occurred on the primary key setup-python-Linux-x64-24.04-Ubuntu-python-3.11.16-pip-59abefe0fcce8bb74e21e3b39c5e40a4f439b797425f8f140a6adcb39541fac8, not saving cache.
2026-09-14T16:44:46.9331323Z (node:3073) [DEP0040] DeprecationWarning: The `punycode` module is deprecated. Please use a userland alternative instead.
2026-09-14T16:44:46.9332289Z (Use `node --trace-deprecation ...` to show where the warning was created)
2026-09-14T16:44:46.9516866Z Post job cleanup.
2026-09-14T16:44:47.0467912Z [command]/usr/bin/git version
2026-09-14T16:44:47.0507341Z git version 2.55.0
2026-09-14T16:44:47.0546181Z Temporarily overriding HOME='/home/runner/work/_temp/f193a7d1-04ed-478a-9912-b170d03dbba2' before making global git config changes
2026-09-14T16:44:47.0548025Z Adding repository directory to the temporary git global config as a safe directory
2026-09-14T16:44:47.0553241Z [command]/usr/bin/git config --global --add safe.directory /home/runner/work/news-curator/news-curator
2026-09-14T16:44:47.0602605Z [command]/usr/bin/git config --local --name-only --get-regexp core\.sshCommand
2026-09-14T16:44:47.0645795Z [command]/usr/bin/git submodule foreach --recursive sh -c "git config --local --name-only --get-regexp 'core\.sshCommand' && git config --local --unset-all 'core.sshCommand' || :"
2026-09-14T16:44:47.0945988Z [command]/usr/bin/git config --local --name-only --get-regexp http\.https\:\/\/github\.com\/\.extraheader
2026-09-14T16:44:47.0977906Z http.https://github.com/.extraheader
2026-09-14T16:44:47.0999044Z [command]/usr/bin/git config --local --unset-all http.https://github.com/.extraheader
2026-09-14T16:44:47.1051992Z [command]/usr/bin/git submodule foreach --recursive sh -c "git config --local --name-only --get-regexp 'http\.https\:\/\/github\.com\/\.extraheader' && git config --local --unset-all 'http.https://github.com/.extraheader' || :"
2026-09-14T16:44:47.1343933Z [command]/usr/bin/git config --local --name-only --get-regexp ^includeIf\.gitdir:
2026-09-14T16:44:47.1390747Z [command]/usr/bin/git submodule foreach --recursive git config --local --show-origin --name-only --get-regexp remote.origin.url
2026-09-14T16:44:47.1822513Z Cleaning up orphan processes
2026-09-14T16:44:47.2207663Z ##[warning]Node.js 20 is deprecated. The following actions target Node.js 20 but are being forced to run on Node.js 24: actions/cache@v4, actions/setup-python@v5, actions/upload-artifact@v4. For more information see: https://github.blog/changelog/2025-09-19-deprecation-of-node-20-on-github-actions-runners/

2026-09-14T16:34:01.7770000Z Evaluating run.if
2026-09-14T16:34:01.7770000Z Evaluating: success()
2026-09-14T16:34:01.7770000Z Result: true
2026-09-14T16:34:01.9030000Z Requested labels: ubuntu-latest
2026-09-14T16:34:01.9030000Z Job defined at: mmousavi93-bit/news-curator/.github/workflows/pipeline.yml@refs/heads/main
2026-09-14T16:34:01.9030000Z Waiting for a runner to pick up this job...
2026-09-14T16:34:02.2420000Z Job is waiting for a hosted runner to come online.
2026-09-14T16:34:02.2420000Z Job is about to start running on the hosted runner: GitHub Actions 1000000411
﻿2026-09-14T16:34:04.7737446Z Current runner version: '2.337.0'
2026-09-14T16:34:04.7767175Z ##[group]Runner Image Provisioner
2026-09-14T16:34:04.7768184Z Hosted Compute Agent
2026-09-14T16:34:04.7769065Z Version: 20260828.587
2026-09-14T16:34:04.7769848Z Commit: abac92662cab4cc7352de4f9f9d2e2419aad9c29
2026-09-14T16:34:04.7770816Z Build Date: 2026-08-28T16:44:25Z
2026-09-14T16:34:04.7771665Z Worker ID: {9721e495-7709-49e6-8d56-cd89745bcb5f}
2026-09-14T16:34:04.7772598Z Azure Region: eastus2
2026-09-14T16:34:04.7773307Z ##[endgroup]
2026-09-14T16:34:04.7774921Z ##[group]Operating System
2026-09-14T16:34:04.7775654Z Ubuntu
2026-09-14T16:34:04.7776355Z 24.04.5
2026-09-14T16:34:04.7777183Z LTS
2026-09-14T16:34:04.7777788Z ##[endgroup]
2026-09-14T16:34:04.7778585Z ##[group]Runner Image
2026-09-14T16:34:04.7779304Z Image: ubuntu-24.04
2026-09-14T16:34:04.7780071Z Version: 20260907.300.1
2026-09-14T16:34:04.7781304Z Included Software: https://github.com/actions/runner-images/blob/ubuntu24/20260907.300/images/ubuntu/Ubuntu2404-Readme.md
2026-09-14T16:34:04.7783220Z Image Release: https://github.com/actions/runner-images/releases/tag/ubuntu24%2F20260907.300
2026-09-14T16:34:04.7784416Z ##[endgroup]
2026-09-14T16:34:04.7785746Z ##[group]GITHUB_TOKEN Permissions
2026-09-14T16:34:04.7788524Z Contents: write
2026-09-14T16:34:04.7789284Z Metadata: read
2026-09-14T16:34:04.7790033Z ##[endgroup]
2026-09-14T16:34:04.7792321Z Secret source: Actions
2026-09-14T16:34:04.7793549Z Cache mode: write
2026-09-14T16:34:04.7794632Z Prepare workflow directory
2026-09-14T16:34:04.8128090Z Prepare all required actions
2026-09-14T16:34:04.8177705Z Getting action download info
2026-09-14T16:34:05.0609668Z Download action repository 'actions/checkout@v5' (SHA:fbc6f3992d24b796d5a048ff273f7fcc4a7b6c09)
2026-09-14T16:34:05.1602506Z Download action repository 'actions/setup-python@v5' (SHA:a26af69be951a213d495a4c3e4e4022e16d87065)
2026-09-14T16:34:05.2413439Z Download action repository 'actions/cache@v4' (SHA:0057852bfaa89a56745cba8c7296529d2fc39830)
2026-09-14T16:34:05.3559426Z Download action repository 'actions/upload-artifact@v4' (SHA:ea165f8d65b6e75b540449e92b4886f43607fa02)
2026-09-14T16:34:05.5754820Z Complete job name: run

﻿2026-09-14T16:34:05.6585648Z ##[group]Run actions/checkout@v5
2026-09-14T16:34:05.6586555Z with:
2026-09-14T16:34:05.6587276Z   repository: mmousavi93-bit/news-curator
2026-09-14T16:34:05.6591648Z   token: ***
2026-09-14T16:34:05.6592144Z   ssh-strict: true
2026-09-14T16:34:05.6592640Z   ssh-user: git
2026-09-14T16:34:05.6593154Z   persist-credentials: true
2026-09-14T16:34:05.6593705Z   clean: true
2026-09-14T16:34:05.6594208Z   sparse-checkout-cone-mode: true
2026-09-14T16:34:05.6676468Z   fetch-depth: 1
2026-09-14T16:34:05.6677239Z   fetch-tags: false
2026-09-14T16:34:05.6677824Z   show-progress: true
2026-09-14T16:34:05.6678410Z   lfs: false
2026-09-14T16:34:05.6678951Z   submodules: false
2026-09-14T16:34:05.6679501Z   set-safe-directory: true
2026-09-14T16:34:05.6680088Z   allow-unsafe-pr-checkout: false
2026-09-14T16:34:05.6682048Z ##[endgroup]
2026-09-14T16:34:05.7831704Z Syncing repository: mmousavi93-bit/news-curator
2026-09-14T16:34:05.7834518Z ##[group]Getting Git version info
2026-09-14T16:34:05.7835783Z Working directory is '/home/runner/work/news-curator/news-curator'
2026-09-14T16:34:05.7838002Z [command]/usr/bin/git version
2026-09-14T16:34:05.7954671Z git version 2.55.0
2026-09-14T16:34:05.8011083Z ##[endgroup]
2026-09-14T16:34:05.8018477Z Temporarily overriding HOME='/home/runner/work/_temp/1ddd3e62-4db0-472d-8b07-e4b06d526028' before making global git config changes
2026-09-14T16:34:05.8020123Z Adding repository directory to the temporary git global config as a safe directory
2026-09-14T16:34:05.8021435Z [command]/usr/bin/git config --global --add safe.directory /home/runner/work/news-curator/news-curator
2026-09-14T16:34:05.8089137Z Deleting the contents of '/home/runner/work/news-curator/news-curator'
2026-09-14T16:34:05.8091460Z ##[group]Initializing the repository
2026-09-14T16:34:05.8092812Z [command]/usr/bin/git init /home/runner/work/news-curator/news-curator
2026-09-14T16:34:05.8227666Z hint: Using 'master' as the name for the initial branch. This default branch name
2026-09-14T16:34:05.8229501Z hint: will change to "main" in Git 3.0. To configure the initial branch name
2026-09-14T16:34:05.8231341Z hint: to use in all of your new repositories, which will suppress this warning,
2026-09-14T16:34:05.8232743Z hint: call:
2026-09-14T16:34:05.8233587Z hint:
2026-09-14T16:34:05.8234577Z hint: 	git config --global init.defaultBranch <name>
2026-09-14T16:34:05.8235767Z hint:
2026-09-14T16:34:05.8237020Z hint: Names commonly chosen instead of 'master' are 'main', 'trunk' and
2026-09-14T16:34:05.8238696Z hint: 'development'. The just-created branch can be renamed via this command:
2026-09-14T16:34:05.8240114Z hint:
2026-09-14T16:34:05.8240954Z hint: 	git branch -m <name>
2026-09-14T16:34:05.8241882Z hint:
2026-09-14T16:34:05.8242952Z hint: Disable this message with "git config set advice.defaultBranchName false"
2026-09-14T16:34:05.8244906Z Initialized empty Git repository in /home/runner/work/news-curator/news-curator/.git/
2026-09-14T16:34:05.8252899Z [command]/usr/bin/git remote add origin https://github.com/mmousavi93-bit/news-curator
2026-09-14T16:34:05.8318663Z ##[endgroup]
2026-09-14T16:34:05.8320122Z ##[group]Disabling automatic garbage collection
2026-09-14T16:34:05.8324590Z [command]/usr/bin/git config --local gc.auto 0
2026-09-14T16:34:05.8369414Z ##[endgroup]
2026-09-14T16:34:05.8370824Z ##[group]Setting up auth
2026-09-14T16:34:05.8385689Z [command]/usr/bin/git config --local --name-only --get-regexp core\.sshCommand
2026-09-14T16:34:05.8426238Z [command]/usr/bin/git submodule foreach --recursive sh -c "git config --local --name-only --get-regexp 'core\.sshCommand' && git config --local --unset-all 'core.sshCommand' || :"
2026-09-14T16:34:05.8862886Z [command]/usr/bin/git config --local --name-only --get-regexp http\.https\:\/\/github\.com\/\.extraheader
2026-09-14T16:34:05.8930120Z [command]/usr/bin/git submodule foreach --recursive sh -c "git config --local --name-only --get-regexp 'http\.https\:\/\/github\.com\/\.extraheader' && git config --local --unset-all 'http.https://github.com/.extraheader' || :"
2026-09-14T16:34:05.9177895Z [command]/usr/bin/git config --local --name-only --get-regexp ^includeIf\.gitdir:
2026-09-14T16:34:05.9219749Z [command]/usr/bin/git submodule foreach --recursive git config --local --show-origin --name-only --get-regexp remote.origin.url
2026-09-14T16:34:05.9475003Z [command]/usr/bin/git config --local http.https://github.com/.extraheader AUTHORIZATION: basic ***
2026-09-14T16:34:05.9526474Z ##[endgroup]
2026-09-14T16:34:05.9528165Z ##[group]Fetching the repository
2026-09-14T16:34:05.9538863Z [command]/usr/bin/git -c protocol.version=2 fetch --no-tags --prune --no-recurse-submodules --depth=1 origin +eac926c948a0c9f5964a0e680cbca60911fad5b9:refs/remotes/origin/main
2026-09-14T16:34:06.3188478Z From https://github.com/mmousavi93-bit/news-curator
2026-09-14T16:34:06.3190099Z  * [new ref]         eac926c948a0c9f5964a0e680cbca60911fad5b9 -> origin/main
2026-09-14T16:34:06.3193482Z ##[endgroup]
2026-09-14T16:34:06.3194406Z ##[group]Determining the checkout info
2026-09-14T16:34:06.3196108Z ##[endgroup]
2026-09-14T16:34:06.3208286Z [command]/usr/bin/git sparse-checkout disable
2026-09-14T16:34:06.3259815Z [command]/usr/bin/git config --local --unset-all extensions.worktreeConfig
2026-09-14T16:34:06.3306829Z ##[group]Checking out the ref
2026-09-14T16:34:06.3310803Z [command]/usr/bin/git checkout --progress --force -B main refs/remotes/origin/main
2026-09-14T16:34:06.3568341Z Switched to a new branch 'main'
2026-09-14T16:34:06.3571043Z branch 'main' set up to track 'origin/main'.
2026-09-14T16:34:06.3578949Z ##[endgroup]
2026-09-14T16:34:06.3629082Z [command]/usr/bin/git log -1 --format=%H
2026-09-14T16:34:06.3660716Z eac926c948a0c9f5964a0e680cbca60911fad5b9

﻿2026-09-14T16:34:06.4066197Z Node 20 is being deprecated. This workflow is running with Node 24 by default. If you need to temporarily use Node 20, you can set the ACTIONS_ALLOW_USE_UNSECURE_NODE_VERSION=true environment variable. For more information see: https://github.blog/changelog/2025-09-19-deprecation-of-node-20-on-github-actions-runners/
2026-09-14T16:34:06.4072967Z ##[group]Run actions/setup-python@v5
2026-09-14T16:34:06.4074323Z with:
2026-09-14T16:34:06.4075572Z   python-version: 3.11
2026-09-14T16:34:06.4076710Z   cache: pip
2026-09-14T16:34:06.4077892Z   check-latest: false
2026-09-14T16:34:06.4088410Z   token: ***
2026-09-14T16:34:06.4089497Z   update-environment: true
2026-09-14T16:34:06.4090731Z   allow-prereleases: false
2026-09-14T16:34:06.4091934Z   freethreaded: false
2026-09-14T16:34:06.4093036Z ##[endgroup]
2026-09-14T16:34:06.5465427Z ##[group]Installed versions
2026-09-14T16:34:06.5567859Z (node:2178) [DEP0040] DeprecationWarning: The `punycode` module is deprecated. Please use a userland alternative instead.
2026-09-14T16:34:06.5573730Z (Use `node --trace-deprecation ...` to show where the warning was created)
2026-09-14T16:34:06.5576137Z Successfully set up CPython (3.11.16)
2026-09-14T16:34:06.5578494Z ##[endgroup]
2026-09-14T16:34:06.6578621Z [command]/opt/hostedtoolcache/Python/3.11.16/x64/bin/pip cache dir
2026-09-14T16:34:06.9234939Z /home/runner/.cache/pip
2026-09-14T16:34:07.0288292Z Cache hit for: setup-python-Linux-x64-24.04-Ubuntu-python-3.11.16-pip-59abefe0fcce8bb74e21e3b39c5e40a4f439b797425f8f140a6adcb39541fac8
2026-09-14T16:34:07.0397700Z (node:2178) [DEP0169] DeprecationWarning: `url.parse()` behavior is not standardized and prone to errors that have security implications. Use the WHATWG URL API instead. CVEs are not issued for `url.parse()` vulnerabilities.
2026-09-14T16:34:08.0888842Z Received 251658240 of 2751635242 (9.1%), 240.0 MBs/sec
2026-09-14T16:34:09.0864678Z Received 536870912 of 2751635242 (19.5%), 256.0 MBs/sec
2026-09-14T16:34:10.0929406Z Received 822083584 of 2751635242 (29.9%), 260.8 MBs/sec
2026-09-14T16:34:11.0983825Z Received 1119879168 of 2751635242 (40.7%), 266.2 MBs/sec
2026-09-14T16:34:12.0988650Z Received 1405091840 of 2751635242 (51.1%), 267.4 MBs/sec
2026-09-14T16:34:13.0987118Z Received 1660944384 of 2751635242 (60.4%), 263.5 MBs/sec
2026-09-14T16:34:14.0994031Z Received 1937768448 of 2751635242 (70.4%), 263.5 MBs/sec
2026-09-14T16:34:15.1040496Z Received 2235564032 of 2751635242 (81.2%), 265.9 MBs/sec
2026-09-14T16:34:16.1038918Z Received 2503999488 of 2751635242 (91.0%), 264.8 MBs/sec
2026-09-14T16:34:16.9822984Z Received 2751635242 of 2751635242 (100.0%), 265.2 MBs/sec
2026-09-14T16:34:16.9824254Z Cache Size: ~2624 MB (2751635242 B)
2026-09-14T16:34:16.9919311Z [command]/usr/bin/tar -xf /home/runner/work/_temp/8f2c465c-9729-4cf0-b195-f6a2b7d5039b/cache.tzst -P -C /home/runner/work/news-curator/news-curator --use-compress-program unzstd
2026-09-14T16:34:21.8579089Z Cache restored successfully
2026-09-14T16:34:21.9864872Z Cache restored from key: setup-python-Linux-x64-24.04-Ubuntu-python-3.11.16-pip-59abefe0fcce8bb74e21e3b39c5e40a4f439b797425f8f140a6adcb39541fac8

﻿2026-09-14T16:34:22.2974302Z Node 20 is being deprecated. This workflow is running with Node 24 by default. If you need to temporarily use Node 20, you can set the ACTIONS_ALLOW_USE_UNSECURE_NODE_VERSION=true environment variable. For more information see: https://github.blog/changelog/2025-09-19-deprecation-of-node-20-on-github-actions-runners/
2026-09-14T16:34:22.2975691Z ##[group]Run actions/cache@v4
2026-09-14T16:34:22.2975977Z with:
2026-09-14T16:34:22.2976229Z   path: ~/.cache/huggingface
2026-09-14T16:34:22.2976518Z   key: hf-Linux-minilm-v1
2026-09-14T16:34:22.2976810Z   enableCrossOsArchive: false
2026-09-14T16:34:22.2977230Z   fail-on-cache-miss: false
2026-09-14T16:34:22.2977509Z   lookup-only: false
2026-09-14T16:34:22.2977784Z   save-always: false
2026-09-14T16:34:22.2978027Z env:
2026-09-14T16:34:22.2978323Z   pythonLocation: /opt/hostedtoolcache/Python/3.11.16/x64
2026-09-14T16:34:22.2978863Z   PKG_CONFIG_PATH: /opt/hostedtoolcache/Python/3.11.16/x64/lib/pkgconfig
2026-09-14T16:34:22.2979347Z   Python_ROOT_DIR: /opt/hostedtoolcache/Python/3.11.16/x64
2026-09-14T16:34:22.2980085Z   Python2_ROOT_DIR: /opt/hostedtoolcache/Python/3.11.16/x64
2026-09-14T16:34:22.2980524Z   Python3_ROOT_DIR: /opt/hostedtoolcache/Python/3.11.16/x64
2026-09-14T16:34:22.2980972Z   LD_LIBRARY_PATH: /opt/hostedtoolcache/Python/3.11.16/x64/lib
2026-09-14T16:34:22.2981393Z ##[endgroup]
2026-09-14T16:34:22.4109035Z (node:2212) [DEP0040] DeprecationWarning: The `punycode` module is deprecated. Please use a userland alternative instead.
2026-09-14T16:34:22.4109881Z (Use `node --trace-deprecation ...` to show where the warning was created)
2026-09-14T16:34:22.5088231Z Cache hit for: hf-Linux-minilm-v1
2026-09-14T16:34:22.5193121Z (node:2212) [DEP0169] DeprecationWarning: `url.parse()` behavior is not standardized and prone to errors that have security implications. Use the WHATWG URL API instead. CVEs are not issued for `url.parse()` vulnerabilities.
2026-09-14T16:34:23.5443949Z Received 234881024 of 437766920 (53.7%), 223.6 MBs/sec
2026-09-14T16:34:24.4456252Z Received 437766920 of 437766920 (100.0%), 219.4 MBs/sec
2026-09-14T16:34:24.4458717Z Cache Size: ~417 MB (437766920 B)
2026-09-14T16:34:24.4525037Z [command]/usr/bin/tar -xf /home/runner/work/_temp/c1ae6c3d-1572-4b17-988d-855d33cc860a/cache.tzst -P -C /home/runner/work/news-curator/news-curator --use-compress-program unzstd
2026-09-14T16:34:25.1629270Z Cache restored successfully
2026-09-14T16:34:25.1917675Z Cache restored from key: hf-Linux-minilm-v1

﻿2026-09-14T16:34:25.2120678Z ##[group]Run pip install -e ".[embeddings]"
2026-09-14T16:34:25.2121176Z [36;1mpip install -e ".[embeddings]"[0m
2026-09-14T16:34:25.2168602Z shell: /usr/bin/bash -e {0}
2026-09-14T16:34:25.2168930Z env:
2026-09-14T16:34:25.2169250Z   pythonLocation: /opt/hostedtoolcache/Python/3.11.16/x64
2026-09-14T16:34:25.2169749Z   PKG_CONFIG_PATH: /opt/hostedtoolcache/Python/3.11.16/x64/lib/pkgconfig
2026-09-14T16:34:25.2170242Z   Python_ROOT_DIR: /opt/hostedtoolcache/Python/3.11.16/x64
2026-09-14T16:34:25.2170674Z   Python2_ROOT_DIR: /opt/hostedtoolcache/Python/3.11.16/x64
2026-09-14T16:34:25.2171118Z   Python3_ROOT_DIR: /opt/hostedtoolcache/Python/3.11.16/x64
2026-09-14T16:34:25.2171535Z   LD_LIBRARY_PATH: /opt/hostedtoolcache/Python/3.11.16/x64/lib
2026-09-14T16:34:25.2171901Z ##[endgroup]
2026-09-14T16:34:25.9453425Z Obtaining file:///home/runner/work/news-curator/news-curator
2026-09-14T16:34:25.9468625Z   Installing build dependencies: started
2026-09-14T16:34:26.5370114Z   Installing build dependencies: finished with status 'done'
2026-09-14T16:34:26.5375868Z   Checking if build backend supports build_editable: started
2026-09-14T16:34:26.8447671Z   Checking if build backend supports build_editable: finished with status 'done'
2026-09-14T16:34:26.8456415Z   Getting requirements to build editable: started
2026-09-14T16:34:27.1648930Z   Getting requirements to build editable: finished with status 'done'
2026-09-14T16:34:27.1657981Z   Preparing editable metadata (pyproject.toml): started
2026-09-14T16:34:27.3491431Z   Preparing editable metadata (pyproject.toml): finished with status 'done'
2026-09-14T16:34:27.4410628Z Collecting PyYAML>=6.0 (from news-curator==0.1.0)
2026-09-14T16:34:27.4428784Z   Using cached pyyaml-6.0.3-cp311-cp311-manylinux2014_x86_64.manylinux_2_17_x86_64.manylinux_2_28_x86_64.whl.metadata (2.4 kB)
2026-09-14T16:34:27.4631638Z Collecting requests>=2.31 (from news-curator==0.1.0)
2026-09-14T16:34:27.4647207Z   Using cached requests-2.34.2-py3-none-any.whl.metadata (4.8 kB)
2026-09-14T16:34:27.5001126Z Collecting sentence-transformers>=3.0 (from news-curator==0.1.0)
2026-09-14T16:34:27.5609602Z   Downloading sentence_transformers-6.0.1-py3-none-any.whl.metadata (20 kB)
2026-09-14T16:34:27.6749528Z Collecting charset_normalizer<4,>=2 (from requests>=2.31->news-curator==0.1.0)
2026-09-14T16:34:27.6766439Z   Using cached charset_normalizer-3.5.1-cp311-cp311-manylinux2014_x86_64.manylinux_2_17_x86_64.manylinux_2_28_x86_64.whl.metadata (45 kB)
2026-09-14T16:34:27.6947305Z Collecting idna<4,>=2.5 (from requests>=2.31->news-curator==0.1.0)
2026-09-14T16:34:27.6964172Z   Using cached idna-3.19-py3-none-any.whl.metadata (9.2 kB)
2026-09-14T16:34:27.7191435Z Collecting urllib3<3,>=1.26 (from requests>=2.31->news-curator==0.1.0)
2026-09-14T16:34:27.7206275Z   Using cached urllib3-2.7.0-py3-none-any.whl.metadata (6.9 kB)
2026-09-14T16:34:27.7393039Z Collecting certifi>=2023.5.7 (from requests>=2.31->news-curator==0.1.0)
2026-09-14T16:34:27.7408544Z   Using cached certifi-2026.7.22-py3-none-any.whl.metadata (2.5 kB)
2026-09-14T16:34:27.7827640Z Collecting transformers<6.0.0,>=5.0.0 (from sentence-transformers>=3.0->news-curator==0.1.0)
2026-09-14T16:34:27.7908218Z   Downloading transformers-5.17.0-py3-none-any.whl.metadata (32 kB)
2026-09-14T16:34:27.9675150Z Collecting tokenizers>=0.19 (from sentence-transformers>=3.0->news-curator==0.1.0)
2026-09-14T16:34:27.9760578Z   Downloading tokenizers-0.23.2-cp310-abi3-manylinux_2_17_x86_64.manylinux2014_x86_64.whl.metadata (9.8 kB)
2026-09-14T16:34:28.0193445Z Collecting huggingface-hub<2.0.0,>=1.3.0 (from sentence-transformers>=3.0->news-curator==0.1.0)
2026-09-14T16:34:28.0272017Z   Downloading huggingface_hub-1.31.0-py3-none-any.whl.metadata (16 kB)
2026-09-14T16:34:28.0890257Z Collecting torch>=2.2 (from sentence-transformers>=3.0->news-curator==0.1.0)
2026-09-14T16:34:28.0973761Z   Downloading torch-2.14.0-cp311-cp311-manylinux_2_28_x86_64.whl.metadata (37 kB)
2026-09-14T16:34:28.3356518Z Collecting numpy>=1.24.0 (from sentence-transformers>=3.0->news-curator==0.1.0)
2026-09-14T16:34:28.3375145Z   Using cached numpy-2.4.6-cp311-cp311-manylinux_2_27_x86_64.manylinux_2_28_x86_64.whl.metadata (6.6 kB)
2026-09-14T16:34:28.4172416Z Collecting scikit-learn>=1.1.0 (from sentence-transformers>=3.0->news-curator==0.1.0)
2026-09-14T16:34:28.4256323Z   Downloading scikit_learn-1.9.1-cp311-cp311-manylinux_2_27_x86_64.manylinux_2_28_x86_64.whl.metadata (9.3 kB)
2026-09-14T16:34:28.5411695Z Collecting scipy>=1.0.0 (from sentence-transformers>=3.0->news-curator==0.1.0)
2026-09-14T16:34:28.5428302Z   Using cached scipy-1.17.1-cp311-cp311-manylinux_2_27_x86_64.manylinux_2_28_x86_64.whl.metadata (62 kB)
2026-09-14T16:34:28.5702225Z Collecting typing_extensions>=4.10.0 (from sentence-transformers>=3.0->news-curator==0.1.0)
2026-09-14T16:34:28.5717822Z   Using cached typing_extensions-4.16.0-py3-none-any.whl.metadata (3.3 kB)
2026-09-14T16:34:28.6038949Z Collecting tqdm>=4.0.0 (from sentence-transformers>=3.0->news-curator==0.1.0)
2026-09-14T16:34:28.6124507Z   Downloading tqdm-4.70.1-py3-none-any.whl.metadata (57 kB)
2026-09-14T16:34:28.6352331Z Collecting click<9.0.0,>=8.4.2 (from huggingface-hub<2.0.0,>=1.3.0->sentence-transformers>=3.0->news-curator==0.1.0)
2026-09-14T16:34:28.6369346Z   Using cached click-8.5.0-py3-none-any.whl.metadata (2.6 kB)
2026-09-14T16:34:28.6616793Z Collecting filelock>=3.10.0 (from huggingface-hub<2.0.0,>=1.3.0->sentence-transformers>=3.0->news-curator==0.1.0)
2026-09-14T16:34:28.6697773Z   Downloading filelock-3.32.6-py3-none-any.whl.metadata (2.0 kB)
2026-09-14T16:34:28.7138096Z Collecting fsspec>=2023.5.0 (from huggingface-hub<2.0.0,>=1.3.0->sentence-transformers>=3.0->news-curator==0.1.0)
2026-09-14T16:34:28.7153163Z   Using cached fsspec-2026.7.0-py3-none-any.whl.metadata (10 kB)
2026-09-14T16:34:28.7633715Z Collecting hf-xet<2.0.0,>=1.5.2 (from huggingface-hub<2.0.0,>=1.3.0->sentence-transformers>=3.0->news-curator==0.1.0)
2026-09-14T16:34:28.7649936Z   Using cached hf_xet-1.6.0-cp38-abi3-manylinux2014_x86_64.manylinux_2_17_x86_64.whl.metadata (4.9 kB)
2026-09-14T16:34:28.7835383Z Collecting httpx<1,>=0.23.0 (from huggingface-hub<2.0.0,>=1.3.0->sentence-transformers>=3.0->news-curator==0.1.0)
2026-09-14T16:34:28.7849205Z   Using cached httpx-0.28.1-py3-none-any.whl.metadata (7.1 kB)
2026-09-14T16:34:28.8021522Z Collecting packaging>=20.9 (from huggingface-hub<2.0.0,>=1.3.0->sentence-transformers>=3.0->news-curator==0.1.0)
2026-09-14T16:34:28.8035228Z   Using cached packaging-26.3-py3-none-any.whl.metadata (3.5 kB)
2026-09-14T16:34:28.8293732Z Collecting anyio (from httpx<1,>=0.23.0->huggingface-hub<2.0.0,>=1.3.0->sentence-transformers>=3.0->news-curator==0.1.0)
2026-09-14T16:34:28.8372593Z   Downloading anyio-4.15.1-py3-none-any.whl.metadata (4.7 kB)
2026-09-14T16:34:28.8561761Z Collecting httpcore==1.* (from httpx<1,>=0.23.0->huggingface-hub<2.0.0,>=1.3.0->sentence-transformers>=3.0->news-curator==0.1.0)
2026-09-14T16:34:28.8575805Z   Using cached httpcore-1.0.9-py3-none-any.whl.metadata (21 kB)
2026-09-14T16:34:28.8714286Z Collecting h11>=0.16 (from httpcore==1.*->httpx<1,>=0.23.0->huggingface-hub<2.0.0,>=1.3.0->sentence-transformers>=3.0->news-curator==0.1.0)
2026-09-14T16:34:28.8729029Z   Using cached h11-0.16.0-py3-none-any.whl.metadata (8.3 kB)
2026-09-14T16:34:29.2738669Z Collecting regex>=2025.10.22 (from transformers<6.0.0,>=5.0.0->sentence-transformers>=3.0->news-curator==0.1.0)
2026-09-14T16:34:29.2824977Z   Downloading regex-2026.9.10-cp311-cp311-manylinux2014_x86_64.manylinux_2_17_x86_64.manylinux_2_28_x86_64.whl.metadata (40 kB)
2026-09-14T16:34:29.3069519Z Collecting typer (from transformers<6.0.0,>=5.0.0->sentence-transformers>=3.0->news-curator==0.1.0)
2026-09-14T16:34:29.3084118Z   Using cached typer-0.27.2-py3-none-any.whl.metadata (16 kB)
2026-09-14T16:34:29.4088264Z Collecting safetensors>=0.8.0 (from transformers<6.0.0,>=5.0.0->sentence-transformers>=3.0->news-curator==0.1.0)
2026-09-14T16:34:29.4104812Z   Using cached safetensors-0.8.0-cp310-abi3-manylinux_2_17_x86_64.manylinux2014_x86_64.whl.metadata (4.2 kB)
2026-09-14T16:34:29.4476864Z Collecting joblib>=1.4.0 (from scikit-learn>=1.1.0->sentence-transformers>=3.0->news-curator==0.1.0)
2026-09-14T16:34:29.4557889Z   Downloading joblib-1.6.0-py3-none-any.whl.metadata (6.5 kB)
2026-09-14T16:34:29.4884325Z Collecting narwhals>=2.0.1 (from scikit-learn>=1.1.0->sentence-transformers>=3.0->news-curator==0.1.0)
2026-09-14T16:34:29.4967282Z   Downloading narwhals-2.26.0-py3-none-any.whl.metadata (15 kB)
2026-09-14T16:34:29.5127736Z Collecting threadpoolctl>=3.5.0 (from scikit-learn>=1.1.0->sentence-transformers>=3.0->news-curator==0.1.0)
2026-09-14T16:34:29.5141738Z   Using cached threadpoolctl-3.6.0-py3-none-any.whl.metadata (13 kB)
2026-09-14T16:34:29.5292338Z Collecting cloudpickle>=3.0 (from joblib>=1.4.0->scikit-learn>=1.1.0->sentence-transformers>=3.0->news-curator==0.1.0)
2026-09-14T16:34:29.5371738Z   Downloading cloudpickle-3.1.2-py3-none-any.whl.metadata (7.1 kB)
2026-09-14T16:34:29.5453257Z Requirement already satisfied: setuptools>=77.0.3 in /opt/hostedtoolcache/Python/3.11.16/x64/lib/python3.11/site-packages (from torch>=2.2->sentence-transformers>=3.0->news-curator==0.1.0) (79.0.1)
2026-09-14T16:34:29.5592174Z Collecting sympy>=1.13.3 (from torch>=2.2->sentence-transformers>=3.0->news-curator==0.1.0)
2026-09-14T16:34:29.5606052Z   Using cached sympy-1.14.0-py3-none-any.whl.metadata (12 kB)
2026-09-14T16:34:29.5813024Z Collecting networkx>=2.5.1 (from torch>=2.2->sentence-transformers>=3.0->news-curator==0.1.0)
2026-09-14T16:34:29.5827747Z   Using cached networkx-3.6.1-py3-none-any.whl.metadata (6.8 kB)
2026-09-14T16:34:29.6022167Z Collecting jinja2 (from torch>=2.2->sentence-transformers>=3.0->news-curator==0.1.0)
2026-09-14T16:34:29.6036313Z   Using cached jinja2-3.1.6-py3-none-any.whl.metadata (2.9 kB)
2026-09-14T16:34:29.6250607Z Collecting cuda-toolkit==13.0.3 (from cuda-toolkit[cublas,cudart,cufft,cufile,cupti,curand,cusolver,cusparse,nvjitlink,nvrtc,nvtx]==13.0.3; platform_system == "Linux"->torch>=2.2->sentence-transformers>=3.0->news-curator==0.1.0)
2026-09-14T16:34:29.6264129Z   Using cached cuda_toolkit-13.0.3.0-py2.py3-none-any.whl.metadata (17 kB)
2026-09-14T16:34:29.6693319Z Collecting cuda-bindings<14,>=13.0.3 (from torch>=2.2->sentence-transformers>=3.0->news-curator==0.1.0)
2026-09-14T16:34:29.6779375Z   Downloading cuda_bindings-13.4.1-cp311-cp311-manylinux_2_24_x86_64.manylinux_2_28_x86_64.whl.metadata (2.4 kB)
2026-09-14T16:34:29.6974026Z Collecting nvidia-cudnn-cu13==9.24.0.43 (from torch>=2.2->sentence-transformers>=3.0->news-curator==0.1.0)
2026-09-14T16:34:29.7068009Z   Downloading nvidia_cudnn_cu13-9.24.0.43-py3-none-manylinux_2_27_x86_64.whl.metadata (1.9 kB)
2026-09-14T16:34:29.7203299Z Collecting nvidia-cusparselt-cu13==0.8.1 (from torch>=2.2->sentence-transformers>=3.0->news-curator==0.1.0)
2026-09-14T16:34:29.7217205Z   Using cached nvidia_cusparselt_cu13-0.8.1-py3-none-manylinux2014_x86_64.whl.metadata (12 kB)
2026-09-14T16:34:29.7341799Z Collecting nvidia-nccl-cu13==2.30.7 (from torch>=2.2->sentence-transformers>=3.0->news-curator==0.1.0)
2026-09-14T16:34:29.7429298Z   Downloading nvidia_nccl_cu13-2.30.7-py3-none-manylinux_2_18_x86_64.whl.metadata (2.1 kB)
2026-09-14T16:34:29.7578171Z Collecting nvidia-nvshmem-cu13==3.4.5 (from torch>=2.2->sentence-transformers>=3.0->news-curator==0.1.0)
2026-09-14T16:34:29.7593489Z   Using cached nvidia_nvshmem_cu13-3.4.5-py3-none-manylinux2014_x86_64.manylinux_2_17_x86_64.whl.metadata (2.1 kB)
2026-09-14T16:34:29.7780012Z Collecting triton~=3.8.0 (from torch>=2.2->sentence-transformers>=3.0->news-curator==0.1.0)
2026-09-14T16:34:29.7865882Z   Downloading triton-3.8.0-cp311-cp311-manylinux_2_27_x86_64.manylinux_2_28_x86_64.whl.metadata (978 bytes)
2026-09-14T16:34:29.8085500Z Collecting nvidia-cublas==13.1.1.3.* (from cuda-toolkit[cublas,cudart,cufft,cufile,cupti,curand,cusolver,cusparse,nvjitlink,nvrtc,nvtx]==13.0.3; platform_system == "Linux"->torch>=2.2->sentence-transformers>=3.0->news-curator==0.1.0)
2026-09-14T16:34:29.8098977Z   Using cached nvidia_cublas-13.1.1.3-py3-none-manylinux_2_27_x86_64.whl.metadata (1.8 kB)
2026-09-14T16:34:29.8242239Z Collecting nvidia-cuda-nvrtc==13.0.88.* (from cuda-toolkit[cublas,cudart,cufft,cufile,cupti,curand,cusolver,cusparse,nvjitlink,nvrtc,nvtx]==13.0.3; platform_system == "Linux"->torch>=2.2->sentence-transformers>=3.0->news-curator==0.1.0)
2026-09-14T16:34:29.8259814Z   Using cached nvidia_cuda_nvrtc-13.0.88-py3-none-manylinux2010_x86_64.manylinux_2_12_x86_64.whl.metadata (1.7 kB)
2026-09-14T16:34:29.8397703Z Collecting nvidia-cuda-runtime==13.0.96.* (from cuda-toolkit[cublas,cudart,cufft,cufile,cupti,curand,cusolver,cusparse,nvjitlink,nvrtc,nvtx]==13.0.3; platform_system == "Linux"->torch>=2.2->sentence-transformers>=3.0->news-curator==0.1.0)
2026-09-14T16:34:29.8411017Z   Using cached nvidia_cuda_runtime-13.0.96-py3-none-manylinux2014_x86_64.manylinux_2_17_x86_64.whl.metadata (1.7 kB)
2026-09-14T16:34:29.8547402Z Collecting nvidia-cufft==12.0.0.61.* (from cuda-toolkit[cublas,cudart,cufft,cufile,cupti,curand,cusolver,cusparse,nvjitlink,nvrtc,nvtx]==13.0.3; platform_system == "Linux"->torch>=2.2->sentence-transformers>=3.0->news-curator==0.1.0)
2026-09-14T16:34:29.8560955Z   Using cached nvidia_cufft-12.0.0.61-py3-none-manylinux2014_x86_64.manylinux_2_17_x86_64.whl.metadata (1.8 kB)
2026-09-14T16:34:29.8700982Z Collecting nvidia-nvjitlink<14,>=13.0.88 (from cuda-toolkit[cublas,cudart,cufft,cufile,cupti,curand,cusolver,cusparse,nvjitlink,nvrtc,nvtx]==13.0.3; platform_system == "Linux"->torch>=2.2->sentence-transformers>=3.0->news-curator==0.1.0)
2026-09-14T16:34:29.8784190Z   Downloading nvidia_nvjitlink-13.4.52-py3-none-manylinux2010_x86_64.manylinux_2_12_x86_64.whl.metadata (1.8 kB)
2026-09-14T16:34:29.9115599Z Collecting nvidia-cufile==1.15.1.6.* (from cuda-toolkit[cublas,cudart,cufft,cufile,cupti,curand,cusolver,cusparse,nvjitlink,nvrtc,nvtx]==13.0.3; platform_system == "Linux"->torch>=2.2->sentence-transformers>=3.0->news-curator==0.1.0)
2026-09-14T16:34:29.9129941Z   Using cached nvidia_cufile-1.15.1.6-py3-none-manylinux2014_x86_64.manylinux_2_17_x86_64.whl.metadata (1.7 kB)
2026-09-14T16:34:29.9273192Z Collecting nvidia-cuda-cupti==13.0.85.* (from cuda-toolkit[cublas,cudart,cufft,cufile,cupti,curand,cusolver,cusparse,nvjitlink,nvrtc,nvtx]==13.0.3; platform_system == "Linux"->torch>=2.2->sentence-transformers>=3.0->news-curator==0.1.0)
2026-09-14T16:34:29.9288007Z   Using cached nvidia_cuda_cupti-13.0.85-py3-none-manylinux_2_25_x86_64.whl.metadata (1.7 kB)
2026-09-14T16:34:29.9427646Z Collecting nvidia-curand==10.4.0.35.* (from cuda-toolkit[cublas,cudart,cufft,cufile,cupti,curand,cusolver,cusparse,nvjitlink,nvrtc,nvtx]==13.0.3; platform_system == "Linux"->torch>=2.2->sentence-transformers>=3.0->news-curator==0.1.0)
2026-09-14T16:34:29.9442500Z   Using cached nvidia_curand-10.4.0.35-py3-none-manylinux_2_27_x86_64.whl.metadata (1.7 kB)
2026-09-14T16:34:29.9603728Z Collecting nvidia-cusolver==12.0.4.66.* (from cuda-toolkit[cublas,cudart,cufft,cufile,cupti,curand,cusolver,cusparse,nvjitlink,nvrtc,nvtx]==13.0.3; platform_system == "Linux"->torch>=2.2->sentence-transformers>=3.0->news-curator==0.1.0)
2026-09-14T16:34:29.9618486Z   Using cached nvidia_cusolver-12.0.4.66-py3-none-manylinux_2_27_x86_64.whl.metadata (1.8 kB)
2026-09-14T16:34:29.9765642Z Collecting nvidia-cusparse==12.6.3.3.* (from cuda-toolkit[cublas,cudart,cufft,cufile,cupti,curand,cusolver,cusparse,nvjitlink,nvrtc,nvtx]==13.0.3; platform_system == "Linux"->torch>=2.2->sentence-transformers>=3.0->news-curator==0.1.0)
2026-09-14T16:34:29.9780614Z   Using cached nvidia_cusparse-12.6.3.3-py3-none-manylinux2014_x86_64.manylinux_2_17_x86_64.whl.metadata (1.8 kB)
2026-09-14T16:34:29.9957250Z Collecting nvidia-nvtx==13.0.85.* (from cuda-toolkit[cublas,cudart,cufft,cufile,cupti,curand,cusolver,cusparse,nvjitlink,nvrtc,nvtx]==13.0.3; platform_system == "Linux"->torch>=2.2->sentence-transformers>=3.0->news-curator==0.1.0)
2026-09-14T16:34:29.9971752Z   Using cached nvidia_nvtx-13.0.85-py3-none-manylinux1_x86_64.manylinux_2_5_x86_64.whl.metadata (1.8 kB)
2026-09-14T16:34:30.0138256Z Collecting cuda-pathfinder>=1.4.2 (from cuda-bindings<14,>=13.0.3->torch>=2.2->sentence-transformers>=3.0->news-curator==0.1.0)
2026-09-14T16:34:30.0257135Z   Downloading cuda_pathfinder-1.8.1-py3-none-any.whl.metadata (1.9 kB)
2026-09-14T16:34:30.0538074Z Collecting mpmath<1.4,>=1.1.0 (from sympy>=1.13.3->torch>=2.2->sentence-transformers>=3.0->news-curator==0.1.0)
2026-09-14T16:34:30.0552097Z   Using cached mpmath-1.3.0-py3-none-any.whl.metadata (8.6 kB)
2026-09-14T16:34:30.1052688Z Collecting MarkupSafe>=2.0 (from jinja2->torch>=2.2->sentence-transformers>=3.0->news-curator==0.1.0)
2026-09-14T16:34:30.1070142Z   Using cached markupsafe-3.0.3-cp311-cp311-manylinux2014_x86_64.manylinux_2_17_x86_64.manylinux_2_28_x86_64.whl.metadata (2.7 kB)
2026-09-14T16:34:30.1227173Z Collecting shellingham>=1.3.0 (from typer->transformers<6.0.0,>=5.0.0->sentence-transformers>=3.0->news-curator==0.1.0)
2026-09-14T16:34:30.1241983Z   Using cached shellingham-1.5.4-py2.py3-none-any.whl.metadata (3.5 kB)
2026-09-14T16:34:30.1501525Z Collecting rich>=13.8.0 (from typer->transformers<6.0.0,>=5.0.0->sentence-transformers>=3.0->news-curator==0.1.0)
2026-09-14T16:34:30.1516270Z   Using cached rich-15.0.0-py3-none-any.whl.metadata (18 kB)
2026-09-14T16:34:30.1644865Z Collecting annotated-doc>=0.0.2 (from typer->transformers<6.0.0,>=5.0.0->sentence-transformers>=3.0->news-curator==0.1.0)
2026-09-14T16:34:30.1659449Z   Using cached annotated_doc-0.0.5-py3-none-any.whl.metadata (6.5 kB)
2026-09-14T16:34:30.1820233Z Collecting markdown-it-py>=2.2.0 (from rich>=13.8.0->typer->transformers<6.0.0,>=5.0.0->sentence-transformers>=3.0->news-curator==0.1.0)
2026-09-14T16:34:30.1834568Z   Using cached markdown_it_py-4.2.0-py3-none-any.whl.metadata (7.4 kB)
2026-09-14T16:34:30.2030758Z Collecting pygments<3.0.0,>=2.13.0 (from rich>=13.8.0->typer->transformers<6.0.0,>=5.0.0->sentence-transformers>=3.0->news-curator==0.1.0)
2026-09-14T16:34:30.2045405Z   Using cached pygments-2.21.0-py3-none-any.whl.metadata (2.5 kB)
2026-09-14T16:34:30.2174802Z Collecting mdurl~=0.1 (from markdown-it-py>=2.2.0->rich>=13.8.0->typer->transformers<6.0.0,>=5.0.0->sentence-transformers>=3.0->news-curator==0.1.0)
2026-09-14T16:34:30.2188054Z   Using cached mdurl-0.1.2-py3-none-any.whl.metadata (1.6 kB)
2026-09-14T16:34:30.2238105Z Using cached pyyaml-6.0.3-cp311-cp311-manylinux2014_x86_64.manylinux_2_17_x86_64.manylinux_2_28_x86_64.whl (806 kB)
2026-09-14T16:34:30.2254378Z Using cached requests-2.34.2-py3-none-any.whl (73 kB)
2026-09-14T16:34:30.2268780Z Using cached charset_normalizer-3.5.1-cp311-cp311-manylinux2014_x86_64.manylinux_2_17_x86_64.manylinux_2_28_x86_64.whl (262 kB)
2026-09-14T16:34:30.2282387Z Using cached idna-3.19-py3-none-any.whl (68 kB)
2026-09-14T16:34:30.2295807Z Using cached urllib3-2.7.0-py3-none-any.whl (131 kB)
2026-09-14T16:34:30.2309929Z Using cached certifi-2026.7.22-py3-none-any.whl (136 kB)
2026-09-14T16:34:30.2404210Z Downloading sentence_transformers-6.0.1-py3-none-any.whl (739 kB)
2026-09-14T16:34:30.2703711Z    ━━━━━━━━━━━━━━━━━━━━━━━━━━━━━━━━━━━━━━━━ 739.8/739.8 kB 30.4 MB/s  0:00:00
2026-09-14T16:34:30.2784988Z Downloading huggingface_hub-1.31.0-py3-none-any.whl (798 kB)
2026-09-14T16:34:30.2936418Z    ━━━━━━━━━━━━━━━━━━━━━━━━━━━━━━━━━━━━━━━━ 798.3/798.3 kB 42.6 MB/s  0:00:00
2026-09-14T16:34:30.2951151Z Using cached click-8.5.0-py3-none-any.whl (125 kB)
2026-09-14T16:34:30.2965732Z Using cached hf_xet-1.6.0-cp38-abi3-manylinux2014_x86_64.manylinux_2_17_x86_64.whl (4.5 MB)
2026-09-14T16:34:30.2994913Z Using cached httpx-0.28.1-py3-none-any.whl (73 kB)
2026-09-14T16:34:30.3008697Z Using cached httpcore-1.0.9-py3-none-any.whl (78 kB)
2026-09-14T16:34:30.3088624Z Downloading transformers-5.17.0-py3-none-any.whl (12.3 MB)
2026-09-14T16:34:30.3653134Z    ━━━━━━━━━━━━━━━━━━━━━━━━━━━━━━━━━━━━━━━━ 12.3/12.3 MB 223.4 MB/s  0:00:00
2026-09-14T16:34:30.3734405Z Downloading tokenizers-0.23.2-cp310-abi3-manylinux_2_17_x86_64.manylinux2014_x86_64.whl (3.4 MB)
2026-09-14T16:34:30.3907499Z    ━━━━━━━━━━━━━━━━━━━━━━━━━━━━━━━━━━━━━━━━ 3.4/3.4 MB 233.0 MB/s  0:00:00
2026-09-14T16:34:30.3987029Z Downloading filelock-3.32.6-py3-none-any.whl (100 kB)
2026-09-14T16:34:30.4025630Z Using cached fsspec-2026.7.0-py3-none-any.whl (206 kB)
2026-09-14T16:34:30.4040849Z Using cached h11-0.16.0-py3-none-any.whl (37 kB)
2026-09-14T16:34:30.4055103Z Using cached numpy-2.4.6-cp311-cp311-manylinux_2_27_x86_64.manylinux_2_28_x86_64.whl (16.9 MB)
2026-09-14T16:34:30.4127811Z Using cached packaging-26.3-py3-none-any.whl (129 kB)
2026-09-14T16:34:30.4209374Z Downloading regex-2026.9.10-cp311-cp311-manylinux2014_x86_64.manylinux_2_17_x86_64.manylinux_2_28_x86_64.whl (802 kB)
2026-09-14T16:34:30.4264877Z    ━━━━━━━━━━━━━━━━━━━━━━━━━━━━━━━━━━━━━━━━ 803.0/803.0 kB 163.1 MB/s  0:00:00
2026-09-14T16:34:30.4280856Z Using cached safetensors-0.8.0-cp310-abi3-manylinux_2_17_x86_64.manylinux2014_x86_64.whl (516 kB)
2026-09-14T16:34:30.4365704Z Downloading scikit_learn-1.9.1-cp311-cp311-manylinux_2_27_x86_64.manylinux_2_28_x86_64.whl (9.3 MB)
2026-09-14T16:34:30.5031624Z    ━━━━━━━━━━━━━━━━━━━━━━━━━━━━━━━━━━━━━━━━ 9.3/9.3 MB 143.5 MB/s  0:00:00
2026-09-14T16:34:30.5117954Z Downloading joblib-1.6.0-py3-none-any.whl (306 kB)
2026-09-14T16:34:30.5226375Z Downloading cloudpickle-3.1.2-py3-none-any.whl (22 kB)
2026-09-14T16:34:30.5332965Z Downloading narwhals-2.26.0-py3-none-any.whl (474 kB)
2026-09-14T16:34:30.6462483Z Using cached scipy-1.17.1-cp311-cp311-manylinux_2_27_x86_64.manylinux_2_28_x86_64.whl (35.3 MB)
2026-09-14T16:34:30.6604376Z Using cached threadpoolctl-3.6.0-py3-none-any.whl (18 kB)
2026-09-14T16:34:30.6717959Z Downloading torch-2.14.0-cp311-cp311-manylinux_2_28_x86_64.whl (554.6 MB)
2026-09-14T16:34:36.3166811Z    ━━━━━━━━━━━━━━━━━━━━━━━━━━━━━━━━━━━━━━━━ 554.6/554.6 MB 67.0 MB/s  0:00:05
2026-09-14T16:34:36.3183688Z Using cached cuda_toolkit-13.0.3.0-py2.py3-none-any.whl (2.5 kB)
2026-09-14T16:34:36.3274357Z Downloading nvidia_cudnn_cu13-9.24.0.43-py3-none-manylinux_2_27_x86_64.whl (553.1 MB)
2026-09-14T16:34:41.4319975Z    ━━━━━━━━━━━━━━━━━━━━━━━━━━━━━━━━━━━━━━━━ 553.1/553.1 MB 74.9 MB/s  0:00:05
2026-09-14T16:34:41.4337262Z Using cached nvidia_cusparselt_cu13-0.8.1-py3-none-manylinux2014_x86_64.whl (170.1 MB)
2026-09-14T16:34:41.5007938Z Downloading nvidia_nccl_cu13-2.30.7-py3-none-manylinux_2_18_x86_64.whl (216.0 MB)
2026-09-14T16:34:42.3504608Z    ━━━━━━━━━━━━━━━━━━━━━━━━━━━━━━━━━━━━━━━━ 216.0/216.0 MB 254.6 MB/s  0:00:00
2026-09-14T16:34:42.3521481Z Using cached nvidia_nvshmem_cu13-3.4.5-py3-none-manylinux2014_x86_64.manylinux_2_17_x86_64.whl (60.4 MB)
2026-09-14T16:34:42.3819585Z Downloading cuda_bindings-13.4.1-cp311-cp311-manylinux_2_24_x86_64.manylinux_2_28_x86_64.whl (7.2 MB)
2026-09-14T16:34:42.4278400Z    ━━━━━━━━━━━━━━━━━━━━━━━━━━━━━━━━━━━━━━━━ 7.2/7.2 MB 159.2 MB/s  0:00:00
2026-09-14T16:34:42.4294625Z Using cached nvidia_cublas-13.1.1.3-py3-none-manylinux_2_27_x86_64.whl (423.1 MB)
2026-09-14T16:34:42.5695963Z Using cached nvidia_cuda_cupti-13.0.85-py3-none-manylinux_2_25_x86_64.whl (10.7 MB)
2026-09-14T16:34:42.5747976Z Using cached nvidia_cuda_nvrtc-13.0.88-py3-none-manylinux2010_x86_64.manylinux_2_12_x86_64.whl (90.2 MB)
2026-09-14T16:34:42.6070197Z Using cached nvidia_cuda_runtime-13.0.96-py3-none-manylinux2014_x86_64.manylinux_2_17_x86_64.whl (2.2 MB)
2026-09-14T16:34:42.6092930Z Using cached nvidia_cufft-12.0.0.61-py3-none-manylinux2014_x86_64.manylinux_2_17_x86_64.whl (214.1 MB)
2026-09-14T16:34:42.6807712Z Using cached nvidia_cufile-1.15.1.6-py3-none-manylinux2014_x86_64.manylinux_2_17_x86_64.whl (1.2 MB)
2026-09-14T16:34:42.6828243Z Using cached nvidia_curand-10.4.0.35-py3-none-manylinux_2_27_x86_64.whl (59.5 MB)
2026-09-14T16:34:42.7039912Z Using cached nvidia_cusolver-12.0.4.66-py3-none-manylinux_2_27_x86_64.whl (200.9 MB)
2026-09-14T16:34:42.7712303Z Using cached nvidia_cusparse-12.6.3.3-py3-none-manylinux2014_x86_64.manylinux_2_17_x86_64.whl (145.9 MB)
2026-09-14T16:34:42.8315911Z Downloading nvidia_nvjitlink-13.4.52-py3-none-manylinux2010_x86_64.manylinux_2_12_x86_64.whl (42.5 MB)
2026-09-14T16:34:44.5980929Z    ━━━━━━━━━━━━━━━━━━━━━━━━━━━━━━━━━━━━━━━━ 42.5/42.5 MB 23.9 MB/s  0:00:01
2026-09-14T16:34:44.5997818Z Using cached nvidia_nvtx-13.0.85-py3-none-manylinux1_x86_64.manylinux_2_5_x86_64.whl (148 kB)
2026-09-14T16:34:44.6086736Z Downloading triton-3.8.0-cp311-cp311-manylinux_2_27_x86_64.manylinux_2_28_x86_64.whl (247.9 MB)
2026-09-14T16:34:48.6072858Z    ━━━━━━━━━━━━━━━━━━━━━━━━━━━━━━━━━━━━━━━━ 247.9/247.9 MB 62.1 MB/s  0:00:03
2026-09-14T16:34:48.6156569Z Downloading cuda_pathfinder-1.8.1-py3-none-any.whl (62 kB)
2026-09-14T16:34:48.6196618Z Using cached networkx-3.6.1-py3-none-any.whl (2.1 MB)
2026-09-14T16:34:48.6218810Z Using cached sympy-1.14.0-py3-none-any.whl (6.3 MB)
2026-09-14T16:34:48.6255816Z Using cached mpmath-1.3.0-py3-none-any.whl (536 kB)
2026-09-14T16:34:48.6342628Z Downloading tqdm-4.70.1-py3-none-any.whl (80 kB)
2026-09-14T16:34:48.6381904Z Using cached typing_extensions-4.16.0-py3-none-any.whl (45 kB)
2026-09-14T16:34:48.6475629Z Downloading anyio-4.15.1-py3-none-any.whl (132 kB)
2026-09-14T16:34:48.6513898Z Using cached jinja2-3.1.6-py3-none-any.whl (134 kB)
2026-09-14T16:34:48.6528731Z Using cached markupsafe-3.0.3-cp311-cp311-manylinux2014_x86_64.manylinux_2_17_x86_64.manylinux_2_28_x86_64.whl (22 kB)
2026-09-14T16:34:48.6541834Z Using cached typer-0.27.2-py3-none-any.whl (123 kB)
2026-09-14T16:34:48.6555542Z Using cached annotated_doc-0.0.5-py3-none-any.whl (5.3 kB)
2026-09-14T16:34:48.6569108Z Using cached rich-15.0.0-py3-none-any.whl (310 kB)
2026-09-14T16:34:48.6583749Z Using cached pygments-2.21.0-py3-none-any.whl (1.3 MB)
2026-09-14T16:34:48.6601809Z Using cached markdown_it_py-4.2.0-py3-none-any.whl (91 kB)
2026-09-14T16:34:48.6615740Z Using cached mdurl-0.1.2-py3-none-any.whl (10.0 kB)
2026-09-14T16:34:48.6629356Z Using cached shellingham-1.5.4-py2.py3-none-any.whl (9.8 kB)
2026-09-14T16:34:51.3218400Z Building wheels for collected packages: news-curator
2026-09-14T16:34:51.3226665Z   Building editable for news-curator (pyproject.toml): started
2026-09-14T16:34:51.5300105Z   Building editable for news-curator (pyproject.toml): finished with status 'done'
2026-09-14T16:34:51.5306244Z   Created wheel for news-curator: filename=news_curator-0.1.0-0.editable-py3-none-any.whl size=1414 sha256=c85b4ac82e73a0eb40b0e3ce84241aab4534a386fd4ab0a04fb354433a0b9b0d
2026-09-14T16:34:51.5308314Z   Stored in directory: /tmp/pip-ephem-wheel-cache-x7q0e5p0/wheels/43/22/97/68fbead9fb6e58f2d443719bc348d9a307412791b64a5ea6c8
2026-09-14T16:34:51.5321223Z Successfully built news-curator
2026-09-14T16:34:51.7310012Z Installing collected packages: nvidia-cusparselt-cu13, mpmath, cuda-toolkit, urllib3, typing_extensions, triton, tqdm, threadpoolctl, sympy, shellingham, safetensors, regex, PyYAML, pygments, packaging, nvidia-nvtx, nvidia-nvshmem-cu13, nvidia-nvjitlink, nvidia-nccl-cu13, nvidia-curand, nvidia-cufile, nvidia-cuda-runtime, nvidia-cuda-nvrtc, nvidia-cuda-cupti, numpy, networkx, narwhals, mdurl, MarkupSafe, idna, hf-xet, h11, fsspec, filelock, cuda-pathfinder, cloudpickle, click, charset_normalizer, certifi, annotated-doc, scipy, requests, nvidia-cusparse, nvidia-cufft, nvidia-cublas, markdown-it-py, joblib, jinja2, httpcore, cuda-bindings, anyio, scikit-learn, rich, nvidia-cusolver, nvidia-cudnn-cu13, news-curator, httpx, typer, huggingface-hub, torch, tokenizers, transformers, sentence-transformers
2026-09-14T16:35:45.9990779Z 
2026-09-14T16:35:46.0021961Z Successfully installed MarkupSafe-3.0.3 PyYAML-6.0.3 annotated-doc-0.0.5 anyio-4.15.1 certifi-2026.7.22 charset_normalizer-3.5.1 click-8.5.0 cloudpickle-3.1.2 cuda-bindings-13.4.1 cuda-pathfinder-1.8.1 cuda-toolkit-13.0.3.0 filelock-3.32.6 fsspec-2026.7.0 h11-0.16.0 hf-xet-1.6.0 httpcore-1.0.9 httpx-0.28.1 huggingface-hub-1.31.0 idna-3.19 jinja2-3.1.6 joblib-1.6.0 markdown-it-py-4.2.0 mdurl-0.1.2 mpmath-1.3.0 narwhals-2.26.0 networkx-3.6.1 news-curator-0.1.0 numpy-2.4.6 nvidia-cublas-13.1.1.3 nvidia-cuda-cupti-13.0.85 nvidia-cuda-nvrtc-13.0.88 nvidia-cuda-runtime-13.0.96 nvidia-cudnn-cu13-9.24.0.43 nvidia-cufft-12.0.0.61 nvidia-cufile-1.15.1.6 nvidia-curand-10.4.0.35 nvidia-cusolver-12.0.4.66 nvidia-cusparse-12.6.3.3 nvidia-cusparselt-cu13-0.8.1 nvidia-nccl-cu13-2.30.7 nvidia-nvjitlink-13.4.52 nvidia-nvshmem-cu13-3.4.5 nvidia-nvtx-13.0.85 packaging-26.3 pygments-2.21.0 regex-2026.9.10 requests-2.34.2 rich-15.0.0 safetensors-0.8.0 scikit-learn-1.9.1 scipy-1.17.1 sentence-transformers-6.0.1 shellingham-1.5.4 sympy-1.14.0 threadpoolctl-3.6.0 tokenizers-0.23.2 torch-2.14.0 tqdm-4.70.1 transformers-5.17.0 triton-3.8.0 typer-0.27.2 typing_extensions-4.16.0 urllib3-2.7.0

﻿2026-09-14T16:35:46.4562877Z ##[group]Run sudo apt-get update -qq && sudo apt-get install -y -qq age
2026-09-14T16:35:46.4563492Z [36;1msudo apt-get update -qq && sudo apt-get install -y -qq age[0m
2026-09-14T16:35:46.4640971Z shell: /usr/bin/bash -e {0}
2026-09-14T16:35:46.4641311Z env:
2026-09-14T16:35:46.4641637Z   pythonLocation: /opt/hostedtoolcache/Python/3.11.16/x64
2026-09-14T16:35:46.4642132Z   PKG_CONFIG_PATH: /opt/hostedtoolcache/Python/3.11.16/x64/lib/pkgconfig
2026-09-14T16:35:46.4642592Z   Python_ROOT_DIR: /opt/hostedtoolcache/Python/3.11.16/x64
2026-09-14T16:35:46.4643012Z   Python2_ROOT_DIR: /opt/hostedtoolcache/Python/3.11.16/x64
2026-09-14T16:35:46.4643439Z   Python3_ROOT_DIR: /opt/hostedtoolcache/Python/3.11.16/x64
2026-09-14T16:35:46.4643882Z   LD_LIBRARY_PATH: /opt/hostedtoolcache/Python/3.11.16/x64/lib
2026-09-14T16:35:46.4644250Z ##[endgroup]
2026-09-14T16:35:53.4763752Z Selecting previously unselected package age.
2026-09-14T16:35:53.5068687Z (Reading database ... 
2026-09-14T16:35:53.5069187Z (Reading database ... 5%
2026-09-14T16:35:53.5069733Z (Reading database ... 10%
2026-09-14T16:35:53.5070077Z (Reading database ... 15%
2026-09-14T16:35:53.5070929Z (Reading database ... 20%
2026-09-14T16:35:53.5071430Z (Reading database ... 25%
2026-09-14T16:35:53.5071933Z (Reading database ... 30%
2026-09-14T16:35:53.5072427Z (Reading database ... 35%
2026-09-14T16:35:53.5072942Z (Reading database ... 40%
2026-09-14T16:35:53.5073448Z (Reading database ... 45%
2026-09-14T16:35:53.5073951Z (Reading database ... 50%
2026-09-14T16:35:53.5118491Z (Reading database ... 55%
2026-09-14T16:35:53.6499620Z (Reading database ... 60%
2026-09-14T16:35:53.7914437Z (Reading database ... 65%
2026-09-14T16:35:53.9953627Z (Reading database ... 70%
2026-09-14T16:35:54.1372371Z (Reading database ... 75%
2026-09-14T16:35:54.2561529Z (Reading database ... 80%
2026-09-14T16:35:54.4375001Z (Reading database ... 85%
2026-09-14T16:35:54.5426564Z (Reading database ... 90%
2026-09-14T16:35:54.7037748Z (Reading database ... 95%
2026-09-14T16:35:54.7038202Z (Reading database ... 100%
2026-09-14T16:35:54.7038612Z (Reading database ... 201818 files and directories currently installed.)
2026-09-14T16:35:54.7089100Z Preparing to unpack .../age_1.1.1-1ubuntu0.24.04.3_amd64.deb ...
2026-09-14T16:35:54.7115518Z Unpacking age (1.1.1-1ubuntu0.24.04.3) ...
2026-09-14T16:35:54.7753705Z Setting up age (1.1.1-1ubuntu0.24.04.3) ...
2026-09-14T16:35:54.7778934Z Processing triggers for man-db (2.12.0-4build2) ...
2026-09-14T16:35:54.7799748Z Not building database; man-db/auto-update is not 'true'.
2026-09-14T16:35:55.4052953Z 
2026-09-14T16:35:55.4053883Z Running kernel seems to be up-to-date.
2026-09-14T16:35:55.4057861Z 
2026-09-14T16:35:55.4058168Z No services need to be restarted.
2026-09-14T16:35:55.4058554Z 
2026-09-14T16:35:55.4058777Z No containers need to be restarted.
2026-09-14T16:35:55.4059130Z 
2026-09-14T16:35:55.4059512Z No user sessions are running outdated binaries.
2026-09-14T16:35:55.4060003Z 
2026-09-14T16:35:55.4060582Z No VM guests are running outdated hypervisor (qemu) binaries on this host.

﻿2026-09-14T16:35:56.5108363Z ##[group]Run curl -s -H "x-goog-api-key: $GEMINI_API_KEY" \
2026-09-14T16:35:56.5108924Z [36;1mcurl -s -H "x-goog-api-key: $GEMINI_API_KEY" \[0m
2026-09-14T16:35:56.5109433Z [36;1m  "https://generativelanguage.googleapis.com/v1beta/models" \[0m
2026-09-14T16:35:56.5109946Z [36;1m  | grep -o '"name": *"models/[^"]*"' | head -40 || true[0m
2026-09-14T16:35:56.5151641Z shell: /usr/bin/bash -e {0}
2026-09-14T16:35:56.5151946Z env:
2026-09-14T16:35:56.5152271Z   pythonLocation: /opt/hostedtoolcache/Python/3.11.16/x64
2026-09-14T16:35:56.5152756Z   PKG_CONFIG_PATH: /opt/hostedtoolcache/Python/3.11.16/x64/lib/pkgconfig
2026-09-14T16:35:56.5153230Z   Python_ROOT_DIR: /opt/hostedtoolcache/Python/3.11.16/x64
2026-09-14T16:35:56.5153659Z   Python2_ROOT_DIR: /opt/hostedtoolcache/Python/3.11.16/x64
2026-09-14T16:35:56.5154080Z   Python3_ROOT_DIR: /opt/hostedtoolcache/Python/3.11.16/x64
2026-09-14T16:35:56.5154504Z   LD_LIBRARY_PATH: /opt/hostedtoolcache/Python/3.11.16/x64/lib
2026-09-14T16:35:56.5155203Z   GEMINI_API_KEY: ***
2026-09-14T16:35:56.5155528Z ##[endgroup]
2026-09-14T16:35:56.6789298Z "name": "models/gemini-2.5-flash"
2026-09-14T16:35:56.6789762Z "name": "models/gemini-2.5-pro"
2026-09-14T16:35:56.6790115Z "name": "models/gemini-2.5-flash-preview-tts"
2026-09-14T16:35:56.6790477Z "name": "models/gemini-2.5-pro-preview-tts"
2026-09-14T16:35:56.6790814Z "name": "models/gemma-4-26b-a4b-it"
2026-09-14T16:35:56.6791116Z "name": "models/gemma-4-31b-it"
2026-09-14T16:35:56.6791411Z "name": "models/gemini-flash-latest"
2026-09-14T16:35:56.6791725Z "name": "models/gemini-flash-lite-latest"
2026-09-14T16:35:56.6792055Z "name": "models/gemini-pro-latest"
2026-09-14T16:35:56.6792439Z "name": "models/gemini-2.5-flash-lite"
2026-09-14T16:35:56.6793074Z "name": "models/gemini-2.5-flash-image"
2026-09-14T16:35:56.6793544Z "name": "models/gemini-3-flash-preview"
2026-09-14T16:35:56.6793986Z "name": "models/gemini-3.1-pro-preview"
2026-09-14T16:35:56.6794480Z "name": "models/gemini-3.1-pro-preview-customtools"
2026-09-14T16:35:56.6795096Z "name": "models/gemini-3.1-flash-lite-preview"
2026-09-14T16:35:56.6795564Z "name": "models/gemini-3.1-flash-lite"
2026-09-14T16:35:56.6795891Z "name": "models/gemini-3-pro-image-preview"
2026-09-14T16:35:56.6796219Z "name": "models/gemini-3-pro-image"
2026-09-14T16:35:56.6796537Z "name": "models/nano-banana-pro-preview"
2026-09-14T16:35:56.6797086Z "name": "models/gemini-3.1-flash-image-preview"
2026-09-14T16:35:56.6797533Z "name": "models/gemini-3.1-flash-image"
2026-09-14T16:35:56.6797871Z "name": "models/gemini-3.1-flash-lite-image"
2026-09-14T16:35:56.6798206Z "name": "models/gemini-3.5-flash"
2026-09-14T16:35:56.6798513Z "name": "models/gemini-3.5-flash-lite"
2026-09-14T16:35:56.6798844Z "name": "models/gemini-omni-flash-preview"
2026-09-14T16:35:56.6799173Z "name": "models/gemini-omni-1.1-flash"
2026-09-14T16:35:56.6799477Z "name": "models/gemini-3.5-transcribe"
2026-09-14T16:35:56.6799774Z "name": "models/gemini-3.6-flash"
2026-09-14T16:35:56.6800078Z "name": "models/gemini-3.7-flash"
2026-09-14T16:35:56.6800372Z "name": "models/gemini-3.8-flash"
2026-09-14T16:35:56.6801017Z "name": "models/lyria-3-clip-preview"
2026-09-14T16:35:56.6801339Z "name": "models/lyria-3-pro-preview"
2026-09-14T16:35:56.6801645Z "name": "models/lyria-3.5"
2026-09-14T16:35:56.6801954Z "name": "models/gemini-3.1-flash-tts-preview"
2026-09-14T16:35:56.6802336Z "name": "models/gemini-robotics-er-2-preview"
2026-09-14T16:35:56.6802723Z "name": "models/gemini-2.5-computer-use-preview-10-2025"
2026-09-14T16:35:56.6803118Z "name": "models/antigravity-preview-05-2026"
2026-09-14T16:35:56.6803455Z "name": "models/antigravity-preview-09-2026"
2026-09-14T16:35:56.6803812Z "name": "models/deep-research-max-preview-04-2026"
2026-09-14T16:35:56.6804184Z "name": "models/deep-research-preview-04-2026"

﻿2026-09-14T16:35:56.6837259Z ##[group]Run curl -s -H "Authorization: ***" \
2026-09-14T16:35:56.6837797Z [36;1mcurl -s -H "Authorization: ***" \[0m
2026-09-14T16:35:56.6838190Z [36;1m  "https://api.groq.com/openai/v1/models" \[0m
2026-09-14T16:35:56.6838586Z [36;1m  | grep -o '"id": *"[^"]*"' | head -40 || true[0m
2026-09-14T16:35:56.6879646Z shell: /usr/bin/bash -e {0}
2026-09-14T16:35:56.6879952Z env:
2026-09-14T16:35:56.6880265Z   pythonLocation: /opt/hostedtoolcache/Python/3.11.16/x64
2026-09-14T16:35:56.6880747Z   PKG_CONFIG_PATH: /opt/hostedtoolcache/Python/3.11.16/x64/lib/pkgconfig
2026-09-14T16:35:56.6881214Z   Python_ROOT_DIR: /opt/hostedtoolcache/Python/3.11.16/x64
2026-09-14T16:35:56.6881643Z   Python2_ROOT_DIR: /opt/hostedtoolcache/Python/3.11.16/x64
2026-09-14T16:35:56.6882064Z   Python3_ROOT_DIR: /opt/hostedtoolcache/Python/3.11.16/x64
2026-09-14T16:35:56.6882513Z   LD_LIBRARY_PATH: /opt/hostedtoolcache/Python/3.11.16/x64/lib
2026-09-14T16:35:56.6883145Z   GROQ_API_KEY: ***
2026-09-14T16:35:56.6883401Z ##[endgroup]
2026-09-14T16:35:56.9388477Z "id":"meta-llama/llama-prompt-guard-2-22m"
2026-09-14T16:35:56.9389042Z "id":"whisper-large-v3"
2026-09-14T16:35:56.9389383Z "id":"openai/gpt-oss-safeguard-20b"
2026-09-14T16:35:56.9389730Z "id":"qwen/qwen3.6-27b"
2026-09-14T16:35:56.9390041Z "id":"whisper-large-v3-turbo"
2026-09-14T16:35:56.9390525Z "id":"canopylabs/orpheus-v1-english"
2026-09-14T16:35:56.9391032Z "id":"canopylabs/orpheus-arabic-saudi"
2026-09-14T16:35:56.9391563Z "id":"openai/gpt-oss-120b"
2026-09-14T16:35:56.9392057Z "id":"openai/gpt-oss-20b"
2026-09-14T16:35:56.9392372Z "id":"groq/compound"
2026-09-14T16:35:56.9392655Z "id":"qwen/qwen3.8-27b"
2026-09-14T16:35:56.9392944Z "id":"groq/compound-mini"
2026-09-14T16:35:56.9393273Z "id":"meta-llama/llama-prompt-guard-2-86m"
2026-09-14T16:35:56.9393638Z "id":"allam-2-7b"

﻿2026-09-14T16:35:56.9429214Z ##[group]Run git fetch origin state --quiet || {
2026-09-14T16:35:56.9429673Z [36;1mgit fetch origin state --quiet || {[0m
2026-09-14T16:35:56.9430133Z [36;1m  echo "state branch missing -- run the RUNBOOK bootstrap first"[0m
2026-09-14T16:35:56.9430557Z [36;1m  exit 1[0m
2026-09-14T16:35:56.9431419Z [36;1m}[0m
2026-09-14T16:35:56.9431731Z [36;1mgit show origin/state:state.db.age > state.db.age[0m
2026-09-14T16:35:56.9472701Z shell: /usr/bin/bash -e {0}
2026-09-14T16:35:56.9473022Z env:
2026-09-14T16:35:56.9473358Z   pythonLocation: /opt/hostedtoolcache/Python/3.11.16/x64
2026-09-14T16:35:56.9473871Z   PKG_CONFIG_PATH: /opt/hostedtoolcache/Python/3.11.16/x64/lib/pkgconfig
2026-09-14T16:35:56.9474368Z   Python_ROOT_DIR: /opt/hostedtoolcache/Python/3.11.16/x64
2026-09-14T16:35:56.9474814Z   Python2_ROOT_DIR: /opt/hostedtoolcache/Python/3.11.16/x64
2026-09-14T16:35:56.9475244Z   Python3_ROOT_DIR: /opt/hostedtoolcache/Python/3.11.16/x64
2026-09-14T16:35:56.9475692Z   LD_LIBRARY_PATH: /opt/hostedtoolcache/Python/3.11.16/x64/lib
2026-09-14T16:35:56.9476116Z ##[endgroup]

﻿2026-09-14T16:35:58.7349944Z ##[group]Run umask 077
2026-09-14T16:35:58.7350281Z [36;1mumask 077[0m
2026-09-14T16:35:58.7350622Z [36;1mprintf '%s\n' "$AGE_SECRET_KEY" > /tmp/age-key.txt[0m
2026-09-14T16:35:58.7351026Z [36;1mif [ -f state.db.age ]; then[0m
2026-09-14T16:35:58.7351427Z [36;1m  age -d -i /tmp/age-key.txt -o state.db state.db.age || {[0m
2026-09-14T16:35:58.7352218Z [36;1m    echo "DECRYPT FAILED -- halting (constraint 14: never start from empty memory)"[0m
2026-09-14T16:35:58.7352700Z [36;1m    exit 1[0m
2026-09-14T16:35:58.7352950Z [36;1m  }[0m
2026-09-14T16:35:58.7353181Z [36;1melse[0m
2026-09-14T16:35:58.7353557Z [36;1m  echo "state.db.age not found -- bootstrap with --init-db first (runbook)"[0m
2026-09-14T16:35:58.7353982Z [36;1m  exit 1[0m
2026-09-14T16:35:58.7354222Z [36;1mfi[0m
2026-09-14T16:35:58.7354470Z [36;1mrm -f /tmp/age-key.txt[0m
2026-09-14T16:35:58.7395152Z shell: /usr/bin/bash -e {0}
2026-09-14T16:35:58.7395448Z env:
2026-09-14T16:35:58.7395769Z   pythonLocation: /opt/hostedtoolcache/Python/3.11.16/x64
2026-09-14T16:35:58.7396310Z   PKG_CONFIG_PATH: /opt/hostedtoolcache/Python/3.11.16/x64/lib/pkgconfig
2026-09-14T16:35:58.7396800Z   Python_ROOT_DIR: /opt/hostedtoolcache/Python/3.11.16/x64
2026-09-14T16:35:58.7397460Z   Python2_ROOT_DIR: /opt/hostedtoolcache/Python/3.11.16/x64
2026-09-14T16:35:58.7397875Z   Python3_ROOT_DIR: /opt/hostedtoolcache/Python/3.11.16/x64
2026-09-14T16:35:58.7398295Z   LD_LIBRARY_PATH: /opt/hostedtoolcache/Python/3.11.16/x64/lib
2026-09-14T16:35:58.7399033Z   AGE_SECRET_KEY: ***
2026-09-14T16:35:58.7399300Z ##[endgroup]

﻿2026-09-14T16:35:58.7850192Z ##[group]Run age=missing
2026-09-14T16:35:58.7850539Z [36;1mage=missing[0m
2026-09-14T16:35:58.7850900Z [36;1mif git fetch origin flash-state --quiet 2>/dev/null; then[0m
2026-09-14T16:35:58.7851396Z [36;1m  ts=$(git log -1 --format=%ct FETCH_HEAD 2>/dev/null || echo "")[0m
2026-09-14T16:35:58.7851813Z [36;1m  if [ -n "$ts" ]; then[0m
2026-09-14T16:35:58.7852137Z [36;1m    age=$(( ( $(date -u +%s) - ts ) / 60 ))[0m
2026-09-14T16:35:58.7852460Z [36;1m  fi[0m
2026-09-14T16:35:58.7852698Z [36;1mfi[0m
2026-09-14T16:35:58.7852946Z [36;1mecho "flash-state age: $age"[0m
2026-09-14T16:35:58.7853273Z [36;1mecho "age=$age" >> "$GITHUB_OUTPUT"[0m
2026-09-14T16:35:58.7893636Z shell: /usr/bin/bash -e {0}
2026-09-14T16:35:58.7893938Z env:
2026-09-14T16:35:58.7894277Z   pythonLocation: /opt/hostedtoolcache/Python/3.11.16/x64
2026-09-14T16:35:58.7894786Z   PKG_CONFIG_PATH: /opt/hostedtoolcache/Python/3.11.16/x64/lib/pkgconfig
2026-09-14T16:35:58.7895262Z   Python_ROOT_DIR: /opt/hostedtoolcache/Python/3.11.16/x64
2026-09-14T16:35:58.7895727Z   Python2_ROOT_DIR: /opt/hostedtoolcache/Python/3.11.16/x64
2026-09-14T16:35:58.7896128Z   Python3_ROOT_DIR: /opt/hostedtoolcache/Python/3.11.16/x64
2026-09-14T16:35:58.7896540Z   LD_LIBRARY_PATH: /opt/hostedtoolcache/Python/3.11.16/x64/lib
2026-09-14T16:35:58.7897065Z ##[endgroup]
2026-09-14T16:35:59.3378946Z flash-state age: 196

﻿2026-09-14T16:35:59.3444972Z ##[group]Run python -m agent.run --db state.db
2026-09-14T16:35:59.3445400Z [36;1mpython -m agent.run --db state.db[0m
2026-09-14T16:35:59.3485674Z shell: /usr/bin/bash -e {0}
2026-09-14T16:35:59.3485977Z env:
2026-09-14T16:35:59.3486288Z   pythonLocation: /opt/hostedtoolcache/Python/3.11.16/x64
2026-09-14T16:35:59.3486776Z   PKG_CONFIG_PATH: /opt/hostedtoolcache/Python/3.11.16/x64/lib/pkgconfig
2026-09-14T16:35:59.3487472Z   Python_ROOT_DIR: /opt/hostedtoolcache/Python/3.11.16/x64
2026-09-14T16:35:59.3487893Z   Python2_ROOT_DIR: /opt/hostedtoolcache/Python/3.11.16/x64
2026-09-14T16:35:59.3488314Z   Python3_ROOT_DIR: /opt/hostedtoolcache/Python/3.11.16/x64
2026-09-14T16:35:59.3488735Z   LD_LIBRARY_PATH: /opt/hostedtoolcache/Python/3.11.16/x64/lib
2026-09-14T16:35:59.3489115Z   NEWS_CURATOR_DIGEST: false
2026-09-14T16:35:59.3489416Z   NEWS_CURATOR_FLASH_AGE_MINUTES: 196
2026-09-14T16:35:59.3489736Z   NEWS_CURATOR_REPORT_DIR: reports
2026-09-14T16:35:59.3490483Z   TELEGRAM_BOT_TOKEN: ***
2026-09-14T16:35:59.3490867Z   TELEGRAM_CHANNEL_ID: ***
2026-09-14T16:35:59.3491270Z   GEMINI_API_KEY: ***
2026-09-14T16:35:59.3491664Z   GROQ_API_KEY: ***
2026-09-14T16:35:59.3492140Z   OPENROUTER_API_KEY: ***
2026-09-14T16:35:59.3492471Z   BAI_API_KEY: ***
2026-09-14T16:35:59.3492713Z ##[endgroup]
2026-09-14T16:35:59.8181292Z 2026-09-14 16:35:59,817 WARNING agent.pipeline: llm provider openrouter: no tpm configured -- token pacing disabled for it (treated as unconstrained)
2026-09-14T16:35:59.8183361Z 2026-09-14 16:35:59,817 WARNING agent.pipeline: llm provider bai: no tpm configured -- token pacing disabled for it (treated as unconstrained)
2026-09-14T16:35:59.8184832Z 2026-09-14 16:35:59,818 WARNING agent.pipeline: llm provider bai_deepseek: no tpm configured -- token pacing disabled for it (treated as unconstrained)
2026-09-14T16:35:59.8186430Z 2026-09-14 16:35:59,818 WARNING agent.pipeline: llm provider anthropic: no tpm configured -- token pacing disabled for it (treated as unconstrained)
2026-09-14T16:36:05.1418288Z 2026-09-14 16:36:05,141 INFO sentence_transformers.base.model: No device provided, using cpu
2026-09-14T16:36:05.2028985Z 2026-09-14 16:36:05,202 INFO httpx: HTTP Request: GET https://huggingface.co/api/agent-harnesses "HTTP/1.1 200 OK"
2026-09-14T16:36:05.2241651Z 2026-09-14 16:36:05,223 INFO httpx: HTTP Request: HEAD https://huggingface.co/sentence-transformers/paraphrase-multilingual-MiniLM-L12-v2/resolve/main/modules.json "HTTP/1.1 307 Temporary Redirect"
2026-09-14T16:36:05.2342803Z 2026-09-14 16:36:05,233 INFO httpx: HTTP Request: HEAD https://huggingface.co/api/resolve-cache/models/sentence-transformers/paraphrase-multilingual-MiniLM-L12-v2/e8f8c211226b894fcb81acc59f3b34ba3efd5f42/modules.json?%2Fsentence-transformers%2Fparaphrase-multilingual-MiniLM-L12-v2%2Fresolve%2Fmain%2Fmodules.json=&etag=%22f7640f94e81bb7f4f04daf1668850b38763a13d9%22 "HTTP/1.1 200 OK"
2026-09-14T16:36:05.2530787Z 2026-09-14 16:36:05,252 INFO httpx: HTTP Request: HEAD https://huggingface.co/sentence-transformers/paraphrase-multilingual-MiniLM-L12-v2/resolve/main/config_sentence_transformers.json "HTTP/1.1 307 Temporary Redirect"
2026-09-14T16:36:05.2534438Z Warning: You are sending unauthenticated requests to the HF Hub. Please set a HF_TOKEN to enable higher rate limits and faster downloads.
2026-09-14T16:36:05.2536348Z 2026-09-14 16:36:05,253 WARNING huggingface_hub.utils._http: Warning: You are sending unauthenticated requests to the HF Hub. Please set a HF_TOKEN to enable higher rate limits and faster downloads.
2026-09-14T16:36:05.2630318Z 2026-09-14 16:36:05,262 INFO httpx: HTTP Request: HEAD https://huggingface.co/api/resolve-cache/models/sentence-transformers/paraphrase-multilingual-MiniLM-L12-v2/e8f8c211226b894fcb81acc59f3b34ba3efd5f42/config_sentence_transformers.json?%2Fsentence-transformers%2Fparaphrase-multilingual-MiniLM-L12-v2%2Fresolve%2Fmain%2Fconfig_sentence_transformers.json=&etag=%22b974b349cb2d419ada11181750a733ff82f291ad%22 "HTTP/1.1 200 OK"
2026-09-14T16:36:05.2635636Z 2026-09-14 16:36:05,263 INFO sentence_transformers.base.model: Loading SentenceTransformer model from sentence-transformers/paraphrase-multilingual-MiniLM-L12-v2.
2026-09-14T16:36:05.2817727Z 2026-09-14 16:36:05,281 INFO httpx: HTTP Request: HEAD https://huggingface.co/sentence-transformers/paraphrase-multilingual-MiniLM-L12-v2/resolve/main/config_sentence_transformers.json "HTTP/1.1 307 Temporary Redirect"
2026-09-14T16:36:05.2913059Z 2026-09-14 16:36:05,291 INFO httpx: HTTP Request: HEAD https://huggingface.co/api/resolve-cache/models/sentence-transformers/paraphrase-multilingual-MiniLM-L12-v2/e8f8c211226b894fcb81acc59f3b34ba3efd5f42/config_sentence_transformers.json?%2Fsentence-transformers%2Fparaphrase-multilingual-MiniLM-L12-v2%2Fresolve%2Fmain%2Fconfig_sentence_transformers.json=&etag=%22b974b349cb2d419ada11181750a733ff82f291ad%22 "HTTP/1.1 200 OK"
2026-09-14T16:36:05.3121912Z 2026-09-14 16:36:05,311 INFO httpx: HTTP Request: HEAD https://huggingface.co/sentence-transformers/paraphrase-multilingual-MiniLM-L12-v2/resolve/main/README.md "HTTP/1.1 307 Temporary Redirect"
2026-09-14T16:36:05.3225716Z 2026-09-14 16:36:05,322 INFO httpx: HTTP Request: HEAD https://huggingface.co/api/resolve-cache/models/sentence-transformers/paraphrase-multilingual-MiniLM-L12-v2/e8f8c211226b894fcb81acc59f3b34ba3efd5f42/README.md?%2Fsentence-transformers%2Fparaphrase-multilingual-MiniLM-L12-v2%2Fresolve%2Fmain%2FREADME.md=&etag=%226bedb7f3622d56b7020f33ab93f6996d33242043%22 "HTTP/1.1 200 OK"
2026-09-14T16:36:05.3436259Z 2026-09-14 16:36:05,343 INFO httpx: HTTP Request: HEAD https://huggingface.co/sentence-transformers/paraphrase-multilingual-MiniLM-L12-v2/resolve/main/modules.json "HTTP/1.1 307 Temporary Redirect"
2026-09-14T16:36:05.3531047Z 2026-09-14 16:36:05,352 INFO httpx: HTTP Request: HEAD https://huggingface.co/api/resolve-cache/models/sentence-transformers/paraphrase-multilingual-MiniLM-L12-v2/e8f8c211226b894fcb81acc59f3b34ba3efd5f42/modules.json?%2Fsentence-transformers%2Fparaphrase-multilingual-MiniLM-L12-v2%2Fresolve%2Fmain%2Fmodules.json=&etag=%22f7640f94e81bb7f4f04daf1668850b38763a13d9%22 "HTTP/1.1 200 OK"
2026-09-14T16:36:05.3735209Z 2026-09-14 16:36:05,373 INFO httpx: HTTP Request: HEAD https://huggingface.co/sentence-transformers/paraphrase-multilingual-MiniLM-L12-v2/resolve/main/sentence_bert_config.json "HTTP/1.1 307 Temporary Redirect"
2026-09-14T16:36:05.3826013Z 2026-09-14 16:36:05,382 INFO httpx: HTTP Request: HEAD https://huggingface.co/api/resolve-cache/models/sentence-transformers/paraphrase-multilingual-MiniLM-L12-v2/e8f8c211226b894fcb81acc59f3b34ba3efd5f42/sentence_bert_config.json?%2Fsentence-transformers%2Fparaphrase-multilingual-MiniLM-L12-v2%2Fresolve%2Fmain%2Fsentence_bert_config.json=&etag=%225fd10429389515d3e5cccdeda08cae5fea1ae82e%22 "HTTP/1.1 200 OK"
2026-09-14T16:36:05.4056410Z 2026-09-14 16:36:05,405 INFO httpx: HTTP Request: HEAD https://huggingface.co/sentence-transformers/paraphrase-multilingual-MiniLM-L12-v2/resolve/main/adapter_config.json "HTTP/1.1 404 Not Found"
2026-09-14T16:36:05.4270302Z 2026-09-14 16:36:05,426 INFO httpx: HTTP Request: HEAD https://huggingface.co/sentence-transformers/paraphrase-multilingual-MiniLM-L12-v2/resolve/main/config.json "HTTP/1.1 307 Temporary Redirect"
2026-09-14T16:36:05.4399015Z 2026-09-14 16:36:05,439 INFO httpx: HTTP Request: HEAD https://huggingface.co/api/resolve-cache/models/sentence-transformers/paraphrase-multilingual-MiniLM-L12-v2/e8f8c211226b894fcb81acc59f3b34ba3efd5f42/config.json?%2Fsentence-transformers%2Fparaphrase-multilingual-MiniLM-L12-v2%2Fresolve%2Fmain%2Fconfig.json=&etag=%22c06d5b49495f044e6380e68a60538be17a6bd5d1%22 "HTTP/1.1 200 OK"
2026-09-14T16:36:05.7589197Z 
2026-09-14T16:36:05.8049867Z Loading weights:   0%|          | 0/199 [00:00<?, ?it/s]
2026-09-14T16:36:05.8051255Z Loading weights: 100%|██████████| 199/199 [00:00<00:00, 4363.68it/s]
2026-09-14T16:36:05.8346828Z 2026-09-14 16:36:05,834 INFO httpx: HTTP Request: HEAD https://huggingface.co/sentence-transformers/paraphrase-multilingual-MiniLM-L12-v2/resolve/main/processor_config.json "HTTP/1.1 404 Not Found"
2026-09-14T16:36:05.8558313Z 2026-09-14 16:36:05,855 INFO httpx: HTTP Request: HEAD https://huggingface.co/sentence-transformers/paraphrase-multilingual-MiniLM-L12-v2/resolve/main/preprocessor_config.json "HTTP/1.1 404 Not Found"
2026-09-14T16:36:05.8752744Z 2026-09-14 16:36:05,874 INFO httpx: HTTP Request: HEAD https://huggingface.co/sentence-transformers/paraphrase-multilingual-MiniLM-L12-v2/resolve/main/video_preprocessor_config.json "HTTP/1.1 404 Not Found"
2026-09-14T16:36:05.8935987Z 2026-09-14 16:36:05,893 INFO httpx: HTTP Request: HEAD https://huggingface.co/sentence-transformers/paraphrase-multilingual-MiniLM-L12-v2/resolve/main/preprocessor_config.json "HTTP/1.1 404 Not Found"
2026-09-14T16:36:05.9156413Z 2026-09-14 16:36:05,915 INFO httpx: HTTP Request: HEAD https://huggingface.co/sentence-transformers/paraphrase-multilingual-MiniLM-L12-v2/resolve/main/tokenizer_config.json "HTTP/1.1 307 Temporary Redirect"
2026-09-14T16:36:05.9253246Z 2026-09-14 16:36:05,924 INFO httpx: HTTP Request: HEAD https://huggingface.co/api/resolve-cache/models/sentence-transformers/paraphrase-multilingual-MiniLM-L12-v2/e8f8c211226b894fcb81acc59f3b34ba3efd5f42/tokenizer_config.json?%2Fsentence-transformers%2Fparaphrase-multilingual-MiniLM-L12-v2%2Fresolve%2Fmain%2Ftokenizer_config.json=&etag=%223c1b565ae10a15a1d0c31096f834af2fd9359e91%22 "HTTP/1.1 200 OK"
2026-09-14T16:36:05.9450539Z 2026-09-14 16:36:05,944 INFO httpx: HTTP Request: HEAD https://huggingface.co/sentence-transformers/paraphrase-multilingual-MiniLM-L12-v2/resolve/main/config.json "HTTP/1.1 307 Temporary Redirect"
2026-09-14T16:36:05.9543204Z 2026-09-14 16:36:05,953 INFO httpx: HTTP Request: HEAD https://huggingface.co/api/resolve-cache/models/sentence-transformers/paraphrase-multilingual-MiniLM-L12-v2/e8f8c211226b894fcb81acc59f3b34ba3efd5f42/config.json?%2Fsentence-transformers%2Fparaphrase-multilingual-MiniLM-L12-v2%2Fresolve%2Fmain%2Fconfig.json=&etag=%22c06d5b49495f044e6380e68a60538be17a6bd5d1%22 "HTTP/1.1 200 OK"
2026-09-14T16:36:05.9783256Z 2026-09-14 16:36:05,977 INFO httpx: HTTP Request: HEAD https://huggingface.co/sentence-transformers/paraphrase-multilingual-MiniLM-L12-v2/resolve/main/config.json "HTTP/1.1 307 Temporary Redirect"
2026-09-14T16:36:05.9885995Z 2026-09-14 16:36:05,988 INFO httpx: HTTP Request: HEAD https://huggingface.co/api/resolve-cache/models/sentence-transformers/paraphrase-multilingual-MiniLM-L12-v2/e8f8c211226b894fcb81acc59f3b34ba3efd5f42/config.json?%2Fsentence-transformers%2Fparaphrase-multilingual-MiniLM-L12-v2%2Fresolve%2Fmain%2Fconfig.json=&etag=%22c06d5b49495f044e6380e68a60538be17a6bd5d1%22 "HTTP/1.1 200 OK"
2026-09-14T16:36:06.0096849Z 2026-09-14 16:36:06,009 INFO httpx: HTTP Request: HEAD https://huggingface.co/sentence-transformers/paraphrase-multilingual-MiniLM-L12-v2/resolve/main/tokenizer_config.json "HTTP/1.1 307 Temporary Redirect"
2026-09-14T16:36:06.0191352Z 2026-09-14 16:36:06,018 INFO httpx: HTTP Request: HEAD https://huggingface.co/api/resolve-cache/models/sentence-transformers/paraphrase-multilingual-MiniLM-L12-v2/e8f8c211226b894fcb81acc59f3b34ba3efd5f42/tokenizer_config.json?%2Fsentence-transformers%2Fparaphrase-multilingual-MiniLM-L12-v2%2Fresolve%2Fmain%2Ftokenizer_config.json=&etag=%223c1b565ae10a15a1d0c31096f834af2fd9359e91%22 "HTTP/1.1 200 OK"
2026-09-14T16:36:06.0388843Z 2026-09-14 16:36:06,038 INFO httpx: HTTP Request: HEAD https://huggingface.co/sentence-transformers/paraphrase-multilingual-MiniLM-L12-v2/resolve/main/tokenizer_config.json "HTTP/1.1 307 Temporary Redirect"
2026-09-14T16:36:06.0494153Z 2026-09-14 16:36:06,048 INFO httpx: HTTP Request: HEAD https://huggingface.co/api/resolve-cache/models/sentence-transformers/paraphrase-multilingual-MiniLM-L12-v2/e8f8c211226b894fcb81acc59f3b34ba3efd5f42/tokenizer_config.json?%2Fsentence-transformers%2Fparaphrase-multilingual-MiniLM-L12-v2%2Fresolve%2Fmain%2Ftokenizer_config.json=&etag=%223c1b565ae10a15a1d0c31096f834af2fd9359e91%22 "HTTP/1.1 200 OK"
2026-09-14T16:36:06.0708335Z 2026-09-14 16:36:06,070 INFO httpx: HTTP Request: GET https://huggingface.co/api/models/sentence-transformers/paraphrase-multilingual-MiniLM-L12-v2/tree/main/additional_chat_templates?recursive=false&expand=false "HTTP/1.1 404 Not Found"
2026-09-14T16:36:06.0925242Z 2026-09-14 16:36:06,092 INFO httpx: HTTP Request: GET https://huggingface.co/api/models/sentence-transformers/paraphrase-multilingual-MiniLM-L12-v2/tree/main?recursive=true&expand=false "HTTP/1.1 200 OK"
2026-09-14T16:36:07.6682964Z 2026-09-14 16:36:07,667 INFO httpx: HTTP Request: GET https://huggingface.co/api/models/sentence-transformers/paraphrase-multilingual-MiniLM-L12-v2 "HTTP/1.1 200 OK"
2026-09-14T16:36:07.9218304Z 2026-09-14 16:36:07,921 INFO httpx: HTTP Request: HEAD https://huggingface.co/sentence-transformers/paraphrase-multilingual-MiniLM-L12-v2/resolve/main/1_Pooling/config.json "HTTP/1.1 307 Temporary Redirect"
2026-09-14T16:36:07.9310887Z 2026-09-14 16:36:07,930 INFO httpx: HTTP Request: HEAD https://huggingface.co/api/resolve-cache/models/sentence-transformers/paraphrase-multilingual-MiniLM-L12-v2/e8f8c211226b894fcb81acc59f3b34ba3efd5f42/1_Pooling%2Fconfig.json?%2Fsentence-transformers%2Fparaphrase-multilingual-MiniLM-L12-v2%2Fresolve%2Fmain%2F1_Pooling%2Fconfig.json=&etag=%22d1514c3162bbe87b343f565fadc62e6c06f04f03%22 "HTTP/1.1 200 OK"
2026-09-14T16:36:07.9535377Z 2026-09-14 16:36:07,953 INFO httpx: HTTP Request: GET https://huggingface.co/api/models/sentence-transformers/paraphrase-multilingual-MiniLM-L12-v2 "HTTP/1.1 200 OK"
2026-09-14T16:36:20.0188934Z 2026-09-14 16:36:20,018 INFO agent.pipeline: collect: dropped 30 stale date-only item(s) older than 72h
2026-09-14T16:36:20.0784119Z 2026-09-14 16:36:20,078 INFO agent.pipeline: collect: fetched=917 new=138 dup(url/norm/title)=776/0/3 pruned=0
2026-09-14T16:36:20.1109622Z 2026-09-14 16:36:20,110 INFO agent.pipeline: filter: topic gate dropped 19 of 138 items (7 gated sources)
2026-09-14T16:36:20.1143215Z 
2026-09-14T16:36:21.5256240Z Batches:   0%|          | 0/4 [00:00<?, ?it/s]
2026-09-14T16:36:22.7259094Z Batches:  25%|██▌       | 1/4 [00:01<00:04,  1.41s/it]
2026-09-14T16:36:23.4064817Z Batches:  50%|█████     | 2/4 [00:02<00:02,  1.29s/it]
2026-09-14T16:36:23.7914713Z Batches:  75%|███████▌  | 3/4 [00:03<00:01,  1.01s/it]
2026-09-14T16:36:23.7915839Z Batches: 100%|██████████| 4/4 [00:03<00:00,  1.31it/s]
2026-09-14T16:36:23.7916650Z Batches: 100%|██████████| 4/4 [00:03<00:00,  1.09it/s]
2026-09-14T16:36:23.8905968Z 2026-09-14 16:36:23,890 ERROR agent.pipeline: cluster cap: 64 clusters, keeping 40, dropping 24 (see cap_dropped rows in chosen.csv); keys: 81b10578a7065dc6, fe2f49502661eb0d, d0307889012c2474, 34eb20c03df604db, 650e7f4b3e918869, 75118db689bb817b, 17dca6dc2f979a93, 278c2a20ae392dac, 3f07e0203bfdcb97, d289d3f138fc676a, db4624da9ea96958, 04f6243403108117, 89c86bc12ab56395, 017cbe24894c1927, e7fd5818f4d0a688, 2aed1b8f87754f98, d06f5b69ab7da063, c005628df7feac51, a069a3d742fdf1de, f32c0955a074533e, 90c12e31bfb57803, f84ec4ac80dbf692, e641bf7878dd9bd6, 17d7cdc039aff168
2026-09-14T16:36:23.8908636Z 2026-09-14 16:36:23,890 INFO agent.pipeline: cluster: 119 items -> 40 clusters (threshold 0.55)
2026-09-14T16:36:24.4693904Z 2026-09-14 16:36:24,468 INFO agent.pipeline: llm call #1 stage=understand provider=gemini model=gemini-3.8-flash outcome=status_503 latency_ms=578 tokens_in=0 tokens_out=0 prompt_hash=2d624712b142eeae
2026-09-14T16:36:28.6222392Z 2026-09-14 16:36:28,621 INFO agent.pipeline: llm call #2 stage=understand provider=groq model=qwen/qwen3.8-27b outcome=ok latency_ms=2152 tokens_in=3668 tokens_out=806 prompt_hash=2d624712b142eeae
2026-09-14T16:36:28.6224366Z 2026-09-14 16:36:28,622 INFO agent.pipeline: understand: cluster 69f684f026910dcb dropped by content filter (clickbait=True irrelevant=True)
2026-09-14T16:36:28.6225340Z 2026-09-14 16:36:28,622 INFO agent.pipeline: understand: cluster 63309ef8dc7300a6 dropped by content filter (clickbait=False irrelevant=True)
2026-09-14T16:36:36.8569938Z 2026-09-14 16:36:36,856 ERROR agent.pipeline: llm breaker: provider gemini open after 2 consecutive failures -- skipped for the rest of this run
2026-09-14T16:36:36.8571228Z 2026-09-14 16:36:36,856 INFO agent.pipeline: llm call #3 stage=understand provider=gemini model=gemini-3.8-flash outcome=status_503 latency_ms=965 tokens_in=0 tokens_out=0 prompt_hash=9560a61695cacfae
2026-09-14T16:37:28.7965658Z 2026-09-14 16:37:28,795 INFO agent.pipeline: llm call #4 stage=understand provider=groq model=qwen/qwen3.8-27b outcome=ok latency_ms=2326 tokens_in=2491 tokens_out=853 prompt_hash=9560a61695cacfae
2026-09-14T16:37:28.7967889Z 2026-09-14 16:37:28,796 INFO agent.pipeline: understand: cluster d4ba34b216bdabb0 dropped by content filter (clickbait=False irrelevant=True)
2026-09-14T16:37:28.7971657Z 2026-09-14 16:37:28,796 ERROR agent.pipeline: llm: skipping gemini (circuit breaker open)
2026-09-14T16:38:28.9739028Z 2026-09-14 16:38:28,973 INFO agent.pipeline: llm call #5 stage=understand provider=groq model=qwen/qwen3.8-27b outcome=ok latency_ms=2503 tokens_in=1879 tokens_out=1029 prompt_hash=497c9929fd204c28
2026-09-14T16:38:28.9741274Z 2026-09-14 16:38:28,973 INFO agent.pipeline: understand: cluster f0bbef26828b1786 dropped by content filter (clickbait=True irrelevant=True)
2026-09-14T16:38:28.9742581Z 2026-09-14 16:38:28,973 INFO agent.pipeline: understand: cluster ce9ce46ee0e4f72b dropped by content filter (clickbait=False irrelevant=True)
2026-09-14T16:38:28.9743696Z 2026-09-14 16:38:28,973 INFO agent.pipeline: understand: cluster 7b4f8599f51454a8 dropped by content filter (clickbait=False irrelevant=True)
2026-09-14T16:39:28.6598289Z 2026-09-14 16:39:28,659 INFO agent.pipeline: llm call #6 stage=understand provider=groq model=qwen/qwen3.8-27b outcome=ok latency_ms=2189 tokens_in=1644 tokens_out=907 prompt_hash=30f60ffd56c1b50b
2026-09-14T16:39:28.6600268Z 2026-09-14 16:39:28,659 INFO agent.pipeline: understand: cluster 3514d46a153f0e14 dropped by content filter (clickbait=False irrelevant=True)
2026-09-14T16:39:28.6601577Z 2026-09-14 16:39:28,659 INFO agent.pipeline: understand: cluster 699eaadb5dff6059 dropped by content filter (clickbait=False irrelevant=True)
2026-09-14T16:40:26.5707976Z 2026-09-14 16:40:26,570 INFO agent.pipeline: llm call #7 stage=understand provider=groq model=qwen/qwen3.8-27b outcome=status_429 latency_ms=100 tokens_in=0 tokens_out=0 prompt_hash=f9852cc00741cc8b
2026-09-14T16:40:26.5709245Z 2026-09-14 16:40:26,570 INFO agent.pipeline: llm: provider groq 429 -- waiting 30s then retrying same provider (token wall, not sickness)
2026-09-14T16:41:28.3637859Z 2026-09-14 16:41:28,363 INFO agent.pipeline: llm call #8 stage=understand provider=groq model=qwen/qwen3.8-27b outcome=ok latency_ms=1892 tokens_in=1603 tokens_out=781 prompt_hash=f9852cc00741cc8b
2026-09-14T16:41:28.3639124Z 2026-09-14 16:41:28,363 INFO agent.pipeline: understand: cluster 681da06acd58ab5d dropped by content filter (clickbait=False irrelevant=True)
2026-09-14T16:41:28.3640062Z 2026-09-14 16:41:28,363 INFO agent.pipeline: understand: cluster d688c6e353b4989f dropped by content filter (clickbait=False irrelevant=True)
2026-09-14T16:41:28.3640972Z 2026-09-14 16:41:28,363 INFO agent.pipeline: understand: cluster ff0e74ca8c08173b dropped by content filter (clickbait=False irrelevant=True)
2026-09-14T16:41:28.3641885Z 2026-09-14 16:41:28,363 INFO agent.pipeline: understand: cluster c4721a3dc4c745d6 dropped by content filter (clickbait=False irrelevant=True)
2026-09-14T16:42:28.7285238Z 2026-09-14 16:42:28,727 INFO agent.pipeline: llm call #9 stage=understand provider=groq model=qwen/qwen3.8-27b outcome=ok latency_ms=2257 tokens_in=3208 tokens_out=952 prompt_hash=571f50a2bcdacbda
2026-09-14T16:42:28.7287463Z 2026-09-14 16:42:28,728 INFO agent.pipeline: understand: cluster e7add53c4ea09c90 dropped by content filter (clickbait=False irrelevant=True)
2026-09-14T16:42:28.7288810Z 2026-09-14 16:42:28,728 INFO agent.pipeline: understand: cluster 26f323e9142a4c3d dropped by content filter (clickbait=False irrelevant=True)
2026-09-14T16:43:28.2849339Z 2026-09-14 16:43:28,284 INFO agent.pipeline: llm call #10 stage=understand provider=groq model=qwen/qwen3.8-27b outcome=ok latency_ms=1813 tokens_in=1672 tokens_out=798 prompt_hash=1ce961a119b4cf30
2026-09-14T16:44:28.6384572Z 2026-09-14 16:44:28,637 INFO agent.pipeline: llm call #11 stage=understand provider=groq model=qwen/qwen3.8-27b outcome=ok latency_ms=2167 tokens_in=2109 tokens_out=898 prompt_hash=2fa4bb6d336beaba
2026-09-14T16:44:28.6386558Z 2026-09-14 16:44:28,638 INFO agent.pipeline: understand: cluster 4f59ad8617bec779 dropped by content filter (clickbait=False irrelevant=True)
2026-09-14T16:44:28.6388673Z 2026-09-14 16:44:28,638 INFO agent.pipeline: understand: 25 events from 40 clusters
2026-09-14T16:44:28.6632375Z 
2026-09-14T16:44:29.3070463Z Batches:   0%|          | 0/1 [00:00<?, ?it/s]
2026-09-14T16:44:29.3071573Z Batches: 100%|██████████| 1/1 [00:00<00:00,  1.55it/s]
2026-09-14T16:44:29.3072245Z Batches: 100%|██████████| 1/1 [00:00<00:00,  1.55it/s]
2026-09-14T16:44:29.3107665Z 
2026-09-14T16:44:30.1859038Z Batches:   0%|          | 0/8 [00:00<?, ?it/s]
2026-09-14T16:44:30.8126564Z Batches:  12%|█▎        | 1/8 [00:00<00:06,  1.14it/s]
2026-09-14T16:44:31.4018569Z Batches:  25%|██▌       | 2/8 [00:01<00:04,  1.37it/s]
2026-09-14T16:44:31.9459156Z Batches:  38%|███▊      | 3/8 [00:02<00:03,  1.50it/s]
2026-09-14T16:44:32.5126308Z Batches:  50%|█████     | 4/8 [00:02<00:02,  1.62it/s]
2026-09-14T16:44:32.9983479Z Batches:  62%|██████▎   | 5/8 [00:03<00:01,  1.67it/s]
2026-09-14T16:44:33.4035220Z Batches:  75%|███████▌  | 6/8 [00:03<00:01,  1.78it/s]
2026-09-14T16:44:33.6358718Z Batches:  88%|████████▊ | 7/8 [00:04<00:00,  1.96it/s]
2026-09-14T16:44:33.6359499Z Batches: 100%|██████████| 8/8 [00:04<00:00,  2.37it/s]
2026-09-14T16:44:33.6360131Z Batches: 100%|██████████| 8/8 [00:04<00:00,  1.85it/s]
2026-09-14T16:44:33.6441643Z 2026-09-14 16:44:33,643 INFO agent.pipeline: validate: b9fd11e2 matched a repeat (sim 0.94) but bypassed as a follow-up (band=high) (band=high sim=0.94 score=15.27 kept=development prior=2f9e45dc)
2026-09-14T16:44:33.6491680Z 2026-09-14 16:44:33,648 INFO agent.pipeline: validate: 2055209f matched a repeat (sim 0.73) but bypassed as a follow-up (band=mid) (band=mid sim=0.73 score=14.91 kept=above_floor prior=7ba5743c)
2026-09-14T16:44:33.6542018Z 2026-09-14 16:44:33,653 INFO agent.pipeline: validate: 51bd8463 dropped as a repeat (sim 0.86, band=high sim=0.86 score=12.08 blocked=no_development prior=0ecf3829)
2026-09-14T16:44:33.6640554Z 2026-09-14 16:44:33,663 INFO agent.pipeline: validate: 465d2ca8 dropped as a repeat (sim 0.80, band=high sim=0.80 score=13.57 blocked=no_development prior=4a5f0ac3)
2026-09-14T16:44:33.6689946Z 2026-09-14 16:44:33,668 INFO agent.pipeline: validate: 08e9d05e dropped as a repeat (sim 0.81, band=high sim=0.81 score=11.04 blocked=no_development prior=ca37d8b0)
2026-09-14T16:44:33.6739547Z 2026-09-14 16:44:33,673 INFO agent.pipeline: validate: 4c6e2e25 dropped as a repeat (sim 0.69, band=mid sim=0.69 score=10.24 blocked=below_floor prior=36eb27c1)
2026-09-14T16:44:33.6789290Z 2026-09-14 16:44:33,678 INFO agent.pipeline: validate: b3397f5d dropped as a repeat (sim 0.67, band=mid sim=0.67 score=9.87 blocked=below_floor prior=3b84031e)
2026-09-14T16:44:33.6839041Z 2026-09-14 16:44:33,683 INFO agent.pipeline: validate: b32be372 dropped as a repeat (sim 0.81, band=high sim=0.81 score=12.07 blocked=no_development prior=3cb43f0a)
2026-09-14T16:44:33.6887660Z 2026-09-14 16:44:33,688 INFO agent.pipeline: validate: d1f4388e dropped as a repeat (sim 0.65, band=mid sim=0.65 score=9.82 blocked=below_floor prior=506a3eb9)
2026-09-14T16:44:33.6936179Z 2026-09-14 16:44:33,693 INFO agent.pipeline: validate: 8de5d6a7 dropped as a repeat (sim 0.66, band=mid sim=0.66 score=10.91 blocked=below_floor prior=8d46dc53)
2026-09-14T16:44:33.7031926Z 2026-09-14 16:44:33,702 INFO agent.pipeline: validate: 76ea8edf dropped as a repeat (sim 0.73, band=mid sim=0.73 score=7.00 blocked=below_floor prior=e037039f)
2026-09-14T16:44:33.7081242Z 2026-09-14 16:44:33,707 INFO agent.pipeline: validate: e143d784 dropped as a repeat (sim 0.73, band=mid sim=0.73 score=8.30 blocked=below_floor prior=352d6538)
2026-09-14T16:44:33.7129844Z 2026-09-14 16:44:33,712 INFO agent.pipeline: validate: b3bc2a3f dropped as a repeat (sim 0.69, band=mid sim=0.69 score=9.28 blocked=below_floor prior=25b5e5c0)
2026-09-14T16:44:33.7179003Z 2026-09-14 16:44:33,717 INFO agent.pipeline: validate: eb38510f dropped as a repeat (sim 0.81, band=high sim=0.81 score=9.22 blocked=both prior=e2a101e7)
2026-09-14T16:44:33.7277521Z 2026-09-14 16:44:33,727 INFO agent.pipeline: validate: d6035df3 dropped as a repeat (sim 0.70, band=mid sim=0.70 score=7.88 blocked=below_floor prior=ab83a390)
2026-09-14T16:44:33.7326326Z 2026-09-14 16:44:33,732 INFO agent.pipeline: validate: 1c720f3f dropped as a repeat (sim 0.58, band=mid sim=0.58 score=5.87 blocked=below_floor prior=62824144)
2026-09-14T16:44:33.7473741Z 2026-09-14 16:44:33,746 INFO agent.pipeline: validate: 501beb9e dropped as a repeat (sim 0.64, band=mid sim=0.64 score=5.94 blocked=below_floor prior=a588cc05)
2026-09-14T16:44:33.7522950Z 2026-09-14 16:44:33,752 INFO agent.pipeline: validate: 0a6c3817 dropped as a repeat (sim 0.66, band=mid sim=0.66 score=9.04 blocked=below_floor prior=0217d88a)
2026-09-14T16:44:33.7572854Z 2026-09-14 16:44:33,757 INFO agent.pipeline: validate: cc232a9d dropped as a repeat (sim 0.58, band=mid sim=0.58 score=7.02 blocked=below_floor prior=2f9e45dc)
2026-09-14T16:44:33.7621674Z 2026-09-14 16:44:33,761 INFO agent.pipeline: validate: 81adc4ca dropped as a repeat (sim 0.59, band=mid sim=0.59 score=10.88 blocked=below_floor prior=cd1e4760)
2026-09-14T16:44:33.7665303Z 
2026-09-14T16:44:33.9288211Z Batches:   0%|          | 0/1 [00:00<?, ?it/s]
2026-09-14T16:44:33.9289995Z Batches: 100%|██████████| 1/1 [00:00<00:00,  6.18it/s]
2026-09-14T16:44:33.9291231Z Batches: 100%|██████████| 1/1 [00:00<00:00,  6.17it/s]
2026-09-14T16:44:33.9407524Z 2026-09-14 16:44:33,940 INFO agent.pipeline: validate: 25 event(s) -> 2 likely / 2 unconfirmed / 3 rumour
2026-09-14T16:44:33.9419945Z 2026-09-14 16:44:33,941 INFO agent.pipeline: rank: 3 event(s) below min_score 8.0 -- not in the digest: 3f11fc51, 44b57107, 14196056
2026-09-14T16:44:33.9539720Z 2026-09-14 16:44:33,953 INFO agent.pipeline: compose: 4 event(s) -> 1 message(s)
2026-09-14T16:44:34.3794299Z 2026-09-14 16:44:34,378 INFO agent.pipeline: deliver: message sent (1213 chars, attempts=1)
2026-09-14T16:44:34.4013201Z 2026-09-14 16:44:34,401 INFO agent.run: reports: wrote read_20260914T163559Z.csv, chosen_20260914T163559Z.csv, summaries_20260914T163559Z.csv, run_20260914T163559Z.csv, pairs_20260914T163559Z.csv
2026-09-14T16:44:34.4014405Z 2026-09-14 16:44:34,401 INFO agent.run: run summary: items=138 clusters=40 messages=1

﻿2026-09-14T16:44:35.8488003Z ##[group]Run python -m agent.feedback --db state.db
2026-09-14T16:44:35.8488698Z [36;1mpython -m agent.feedback --db state.db[0m
2026-09-14T16:44:35.8530551Z shell: /usr/bin/bash -e {0}
2026-09-14T16:44:35.8531051Z env:
2026-09-14T16:44:35.8531568Z   pythonLocation: /opt/hostedtoolcache/Python/3.11.16/x64
2026-09-14T16:44:35.8532295Z   PKG_CONFIG_PATH: /opt/hostedtoolcache/Python/3.11.16/x64/lib/pkgconfig
2026-09-14T16:44:35.8532970Z   Python_ROOT_DIR: /opt/hostedtoolcache/Python/3.11.16/x64
2026-09-14T16:44:35.8533596Z   Python2_ROOT_DIR: /opt/hostedtoolcache/Python/3.11.16/x64
2026-09-14T16:44:35.8534222Z   Python3_ROOT_DIR: /opt/hostedtoolcache/Python/3.11.16/x64
2026-09-14T16:44:35.8534885Z   LD_LIBRARY_PATH: /opt/hostedtoolcache/Python/3.11.16/x64/lib
2026-09-14T16:44:35.8535822Z   TELEGRAM_BOT_TOKEN: ***
2026-09-14T16:44:35.8536323Z   NEWS_CURATOR_REPORT_DIR: reports
2026-09-14T16:44:35.8536816Z ##[endgroup]
2026-09-14T16:44:36.4058264Z 2026-09-14 16:44:36,405 INFO agent.feedback: feedback: harvested 0 record(s) (offset None -> None, csv=None)

﻿2026-09-14T16:44:36.4407361Z ##[group]Run if [ ! -f state.db ]; then
2026-09-14T16:44:36.4408051Z [36;1mif [ ! -f state.db ]; then[0m
2026-09-14T16:44:36.4408761Z [36;1m  echo "no state.db -- skipping encrypt (decrypt halts or no collect ran)"[0m
2026-09-14T16:44:36.4409446Z [36;1m  exit 0[0m
2026-09-14T16:44:36.4409819Z [36;1mfi[0m
2026-09-14T16:44:36.4410502Z [36;1mage -r "$AGE_PUBLIC_KEY" -o state.db.age.new state.db && mv state.db.age.new state.db.age[0m
2026-09-14T16:44:36.4468858Z shell: /usr/bin/bash -e {0}
2026-09-14T16:44:36.4469340Z env:
2026-09-14T16:44:36.4469840Z   pythonLocation: /opt/hostedtoolcache/Python/3.11.16/x64
2026-09-14T16:44:36.4470647Z   PKG_CONFIG_PATH: /opt/hostedtoolcache/Python/3.11.16/x64/lib/pkgconfig
2026-09-14T16:44:36.4471443Z   Python_ROOT_DIR: /opt/hostedtoolcache/Python/3.11.16/x64
2026-09-14T16:44:36.4472463Z   Python2_ROOT_DIR: /opt/hostedtoolcache/Python/3.11.16/x64
2026-09-14T16:44:36.4473159Z   Python3_ROOT_DIR: /opt/hostedtoolcache/Python/3.11.16/x64
2026-09-14T16:44:36.4473860Z   LD_LIBRARY_PATH: /opt/hostedtoolcache/Python/3.11.16/x64/lib
2026-09-14T16:44:36.4474985Z   AGE_PUBLIC_KEY: ***
2026-09-14T16:44:36.4475389Z ##[endgroup]

﻿2026-09-14T16:44:36.5085717Z Node 20 is being deprecated. This workflow is running with Node 24 by default. If you need to temporarily use Node 20, you can set the ACTIONS_ALLOW_USE_UNSECURE_NODE_VERSION=true environment variable. For more information see: https://github.blog/changelog/2025-09-19-deprecation-of-node-20-on-github-actions-runners/
2026-09-14T16:44:36.5087110Z ##[group]Run actions/upload-artifact@v4
2026-09-14T16:44:36.5087433Z with:
2026-09-14T16:44:36.5087669Z   name: state-db
2026-09-14T16:44:36.5087920Z   path: state.db.age
2026-09-14T16:44:36.5088178Z   retention-days: 90
2026-09-14T16:44:36.5088455Z   if-no-files-found: ignore
2026-09-14T16:44:36.5088739Z   compression-level: 6
2026-09-14T16:44:36.5088995Z   overwrite: false
2026-09-14T16:44:36.5089265Z   include-hidden-files: false
2026-09-14T16:44:36.5089552Z env:
2026-09-14T16:44:36.5089853Z   pythonLocation: /opt/hostedtoolcache/Python/3.11.16/x64
2026-09-14T16:44:36.5090329Z   PKG_CONFIG_PATH: /opt/hostedtoolcache/Python/3.11.16/x64/lib/pkgconfig
2026-09-14T16:44:36.5090844Z   Python_ROOT_DIR: /opt/hostedtoolcache/Python/3.11.16/x64
2026-09-14T16:44:36.5091263Z   Python2_ROOT_DIR: /opt/hostedtoolcache/Python/3.11.16/x64
2026-09-14T16:44:36.5091670Z   Python3_ROOT_DIR: /opt/hostedtoolcache/Python/3.11.16/x64
2026-09-14T16:44:36.5092084Z   LD_LIBRARY_PATH: /opt/hostedtoolcache/Python/3.11.16/x64/lib
2026-09-14T16:44:36.5092451Z ##[endgroup]
2026-09-14T16:44:36.8018482Z (node:3014) [DEP0040] DeprecationWarning: The `punycode` module is deprecated. Please use a userland alternative instead.
2026-09-14T16:44:36.8019432Z (Use `node --trace-deprecation ...` to show where the warning was created)
2026-09-14T16:44:36.8079482Z With the provided path, there will be 1 file uploaded
2026-09-14T16:44:36.8080444Z Artifact name is valid!
2026-09-14T16:44:36.8080853Z Root directory input is valid!
2026-09-14T16:44:37.0525534Z Beginning upload of artifact content to blob storage
2026-09-14T16:44:37.3582152Z (node:3014) [DEP0169] DeprecationWarning: `url.parse()` behavior is not standardized and prone to errors that have security implications. Use the WHATWG URL API instead. CVEs are not issued for `url.parse()` vulnerabilities.
2026-09-14T16:44:37.5737201Z Uploaded bytes 8388608
2026-09-14T16:44:37.8423954Z Uploaded bytes 16777216
2026-09-14T16:44:38.1261255Z Uploaded bytes 25165824
2026-09-14T16:44:38.2440268Z Uploaded bytes 31347855
2026-09-14T16:44:38.2635345Z Finished uploading artifact content to blob storage!
2026-09-14T16:44:38.2636484Z SHA256 digest of uploaded artifact zip is ce29af0c544ee72b463ca311d1aacf8ec404d2391faf8655312d62500d9c179f
2026-09-14T16:44:38.2640156Z Finalizing artifact upload
2026-09-14T16:44:38.4634764Z Artifact state-db.zip successfully finalized. Artifact ID 10358204256
2026-09-14T16:44:38.4635899Z Artifact state-db has been successfully uploaded! Final size is 31347855 bytes. Artifact ID is 10358204256
2026-09-14T16:44:38.4642092Z Artifact download URL: https://github.com/mmousavi93-bit/news-curator/actions/runs/34869394223/artifacts/10358204256

﻿2026-09-14T16:44:38.4857534Z Node 20 is being deprecated. This workflow is running with Node 24 by default. If you need to temporarily use Node 20, you can set the ACTIONS_ALLOW_USE_UNSECURE_NODE_VERSION=true environment variable. For more information see: https://github.blog/changelog/2025-09-19-deprecation-of-node-20-on-github-actions-runners/
2026-09-14T16:44:38.4859764Z ##[group]Run actions/upload-artifact@v4
2026-09-14T16:44:38.4860289Z with:
2026-09-14T16:44:38.4860651Z   name: run-reports
2026-09-14T16:44:38.4861050Z   path: reports/*.csv
2026-09-14T16:44:38.4861459Z   retention-days: 90
2026-09-14T16:44:38.4862194Z   if-no-files-found: ignore
2026-09-14T16:44:38.4862650Z   compression-level: 6
2026-09-14T16:44:38.4863065Z   overwrite: false
2026-09-14T16:44:38.4863478Z   include-hidden-files: false
2026-09-14T16:44:38.4863927Z env:
2026-09-14T16:44:38.4864397Z   pythonLocation: /opt/hostedtoolcache/Python/3.11.16/x64
2026-09-14T16:44:38.4865183Z   PKG_CONFIG_PATH: /opt/hostedtoolcache/Python/3.11.16/x64/lib/pkgconfig
2026-09-14T16:44:38.4866040Z   Python_ROOT_DIR: /opt/hostedtoolcache/Python/3.11.16/x64
2026-09-14T16:44:38.4866718Z   Python2_ROOT_DIR: /opt/hostedtoolcache/Python/3.11.16/x64
2026-09-14T16:44:38.4867610Z   Python3_ROOT_DIR: /opt/hostedtoolcache/Python/3.11.16/x64
2026-09-14T16:44:38.4868319Z   LD_LIBRARY_PATH: /opt/hostedtoolcache/Python/3.11.16/x64/lib
2026-09-14T16:44:38.4868919Z ##[endgroup]
2026-09-14T16:44:38.6654966Z (node:3026) [DEP0040] DeprecationWarning: The `punycode` module is deprecated. Please use a userland alternative instead.
2026-09-14T16:44:38.6655819Z (Use `node --trace-deprecation ...` to show where the warning was created)
2026-09-14T16:44:38.6733961Z With the provided path, there will be 5 files uploaded
2026-09-14T16:44:38.6735046Z Artifact name is valid!
2026-09-14T16:44:38.6735592Z Root directory input is valid!
2026-09-14T16:44:38.9152825Z Beginning upload of artifact content to blob storage
2026-09-14T16:44:38.9434074Z (node:3026) [DEP0169] DeprecationWarning: `url.parse()` behavior is not standardized and prone to errors that have security implications. Use the WHATWG URL API instead. CVEs are not issued for `url.parse()` vulnerabilities.
2026-09-14T16:44:38.9929063Z Uploaded bytes 32462
2026-09-14T16:44:39.0136658Z Finished uploading artifact content to blob storage!
2026-09-14T16:44:39.0138034Z SHA256 digest of uploaded artifact zip is 350faaf3b8b35091d3f17df005a8f63a56bbc48bc36d6483717d9d80d47f0553
2026-09-14T16:44:39.0139264Z Finalizing artifact upload
2026-09-14T16:44:39.1921036Z Artifact run-reports.zip successfully finalized. Artifact ID 10358024713
2026-09-14T16:44:39.1922250Z Artifact run-reports has been successfully uploaded! Final size is 32462 bytes. Artifact ID is 10358024713
2026-09-14T16:44:39.1929076Z Artifact download URL: https://github.com/mmousavi93-bit/news-curator/actions/runs/34869394223/artifacts/10358024713

﻿2026-09-14T16:44:39.2082155Z ##[group]Run if [ ! -f state.db.age ]; then
2026-09-14T16:44:39.2082831Z [36;1mif [ ! -f state.db.age ]; then[0m
2026-09-14T16:44:39.2083574Z [36;1m  echo "no state.db.age -- nothing to push (decrypt halts or no state)"[0m
2026-09-14T16:44:39.2084282Z [36;1m  exit 0[0m
2026-09-14T16:44:39.2084675Z [36;1mfi[0m
2026-09-14T16:44:39.2085237Z [36;1m# The runner has no git identity; the commit below fails without[0m
2026-09-14T16:44:39.2086017Z [36;1m# one (exit 128, "empty ident name" -- first run evidence[0m
2026-09-14T16:44:39.2086741Z [36;1m# 2026-08-29). Runner-local config, never committed.[0m
2026-09-14T16:44:39.2087622Z [36;1mgit config user.name "news-curator-bot"[0m
2026-09-14T16:44:39.2088383Z [36;1mgit config user.email "news-curator-bot@users.noreply.github.com"[0m
2026-09-14T16:44:39.2089118Z [36;1mgit fetch origin state --quiet || true[0m
2026-09-14T16:44:39.2089740Z [36;1mgit branch -D state-upload 2>/dev/null || true[0m
2026-09-14T16:44:39.2090386Z [36;1mgit checkout --orphan state-upload --quiet[0m
2026-09-14T16:44:39.2090982Z [36;1mgit rm -rf . --quiet || true[0m
2026-09-14T16:44:39.2091518Z [36;1mcp state.db.age state-upload.db.age[0m
2026-09-14T16:44:39.2092096Z [36;1mmv state-upload.db.age state.db.age[0m
2026-09-14T16:44:39.2092653Z [36;1mgit add -f state.db.age[0m
2026-09-14T16:44:39.2093291Z [36;1mgit commit -m "state $(date -u +%Y-%m-%dT%H:%M:%SZ)" --quiet[0m
2026-09-14T16:44:39.2094210Z [36;1mgit push -f origin state-upload:state --quiet[0m
2026-09-14T16:44:39.2094851Z [36;1mgit checkout -f main --quiet[0m
2026-09-14T16:44:39.2095427Z [36;1mgit branch -D state-upload --quiet[0m
2026-09-14T16:44:39.2152214Z shell: /usr/bin/bash -e {0}
2026-09-14T16:44:39.2153014Z env:
2026-09-14T16:44:39.2153489Z   pythonLocation: /opt/hostedtoolcache/Python/3.11.16/x64
2026-09-14T16:44:39.2154347Z   PKG_CONFIG_PATH: /opt/hostedtoolcache/Python/3.11.16/x64/lib/pkgconfig
2026-09-14T16:44:39.2155127Z   Python_ROOT_DIR: /opt/hostedtoolcache/Python/3.11.16/x64
2026-09-14T16:44:39.2155861Z   Python2_ROOT_DIR: /opt/hostedtoolcache/Python/3.11.16/x64
2026-09-14T16:44:39.2156537Z   Python3_ROOT_DIR: /opt/hostedtoolcache/Python/3.11.16/x64
2026-09-14T16:44:39.2157470Z   LD_LIBRARY_PATH: /opt/hostedtoolcache/Python/3.11.16/x64/lib
2026-09-14T16:44:39.2158093Z ##[endgroup]

﻿2026-09-14T16:44:46.6491314Z Node 20 is being deprecated. This workflow is running with Node 24 by default. If you need to temporarily use Node 20, you can set the ACTIONS_ALLOW_USE_UNSECURE_NODE_VERSION=true environment variable. For more information see: https://github.blog/changelog/2025-09-19-deprecation-of-node-20-on-github-actions-runners/
2026-09-14T16:44:46.6492599Z Post job cleanup.
2026-09-14T16:44:46.7783116Z Cache hit occurred on the primary key hf-Linux-minilm-v1, not saving cache.
2026-09-14T16:44:46.7785860Z (node:3065) [DEP0040] DeprecationWarning: The `punycode` module is deprecated. Please use a userland alternative instead.
2026-09-14T16:44:46.7786798Z (Use `node --trace-deprecation ...` to show where the warning was created)

﻿2026-09-14T16:44:46.7928136Z Node 20 is being deprecated. This workflow is running with Node 24 by default. If you need to temporarily use Node 20, you can set the ACTIONS_ALLOW_USE_UNSECURE_NODE_VERSION=true environment variable. For more information see: https://github.blog/changelog/2025-09-19-deprecation-of-node-20-on-github-actions-runners/
2026-09-14T16:44:46.7929380Z Post job cleanup.
2026-09-14T16:44:46.9329478Z Cache hit occurred on the primary key setup-python-Linux-x64-24.04-Ubuntu-python-3.11.16-pip-59abefe0fcce8bb74e21e3b39c5e40a4f439b797425f8f140a6adcb39541fac8, not saving cache.
2026-09-14T16:44:46.9331313Z (node:3073) [DEP0040] DeprecationWarning: The `punycode` module is deprecated. Please use a userland alternative instead.
2026-09-14T16:44:46.9332285Z (Use `node --trace-deprecation ...` to show where the warning was created)

﻿2026-09-14T16:44:46.9516846Z Post job cleanup.
2026-09-14T16:44:47.0467863Z [command]/usr/bin/git version
2026-09-14T16:44:47.0507300Z git version 2.55.0
2026-09-14T16:44:47.0546146Z Temporarily overriding HOME='/home/runner/work/_temp/f193a7d1-04ed-478a-9912-b170d03dbba2' before making global git config changes
2026-09-14T16:44:47.0548018Z Adding repository directory to the temporary git global config as a safe directory
2026-09-14T16:44:47.0553228Z [command]/usr/bin/git config --global --add safe.directory /home/runner/work/news-curator/news-curator
2026-09-14T16:44:47.0602568Z [command]/usr/bin/git config --local --name-only --get-regexp core\.sshCommand
2026-09-14T16:44:47.0645753Z [command]/usr/bin/git submodule foreach --recursive sh -c "git config --local --name-only --get-regexp 'core\.sshCommand' && git config --local --unset-all 'core.sshCommand' || :"
2026-09-14T16:44:47.0945939Z [command]/usr/bin/git config --local --name-only --get-regexp http\.https\:\/\/github\.com\/\.extraheader
2026-09-14T16:44:47.0977794Z http.https://github.com/.extraheader
2026-09-14T16:44:47.0999007Z [command]/usr/bin/git config --local --unset-all http.https://github.com/.extraheader
2026-09-14T16:44:47.1051954Z [command]/usr/bin/git submodule foreach --recursive sh -c "git config --local --name-only --get-regexp 'http\.https\:\/\/github\.com\/\.extraheader' && git config --local --unset-all 'http.https://github.com/.extraheader' || :"
2026-09-14T16:44:47.1343885Z [command]/usr/bin/git config --local --name-only --get-regexp ^includeIf\.gitdir:
2026-09-14T16:44:47.1390712Z [command]/usr/bin/git submodule foreach --recursive git config --local --show-origin --name-only --get-regexp remote.origin.url

﻿2026-09-14T16:44:47.1822495Z Cleaning up orphan processes
2026-09-14T16:44:47.2207634Z ##[warning]Node.js 20 is deprecated. The following actions target Node.js 20 but are being forced to run on Node.js 24: actions/cache@v4, actions/setup-python@v5, actions/upload-artifact@v4. For more information see: https://github.blog/changelog/2025-09-19-deprecation-of-node-20-on-github-actions-runners/

